leg,conclusion,status,reason,population,run_id,run_attempt,job_id,artifact_id,per_lane_wake
ubuntu-latest py3.14,success,excluded,"no artifact, job or Tests (pytest) step skipped",,36913745920,1,110542655553,,
windows-2022 py3.14,success,excluded,"no artifact, job or Tests (pytest) step skipped",,36913745920,1,110542655550,,
windows-2025 py3.14,success,excluded,"no artifact, job or Tests (pytest) step skipped",,36913745920,1,110542655711,,
ubuntu-latest py3.14,success,harvested,rate_window=in_hold_excl_drain_reload_tail,post_2024,36913644165,1,110542835445,11190130225,false
windows-2022 py3.14,cancelled,harvested,rate_window=in_hold_excl_drain_reload_tail,post_2024,36913644165,1,110542835449,11190280332,false
windows-2025 py3.14,cancelled,harvested,rate_window=in_hold_excl_drain_reload_tail,post_2024,36913644165,1,110542835480,11190420409,false
ubuntu-latest py3.14,success,harvested,rate_window=in_hold_excl_drain_reload_tail,post_2024,36910657460,1,110532699692,11186718411,false
windows-2022 py3.14,success,harvested,rate_window=in_hold_excl_drain_reload_tail,post_2024,36910657460,1,110532699426,11187482736,false
windows-2025 py3.14,success,harvested,rate_window=in_hold_excl_drain_reload_tail,post_2024,36910657460,1,110532699500,11187597982,false
ubuntu-latest py3.14,cancelled,unknown_adverse,no artifact,,36909563955,1,110529260506,,
windows-2022 py3.14,cancelled,unknown_adverse,no artifact,,36909563955,1,110529260636,,
windows-2025 py3.14,cancelled,unknown_adverse,no artifact,,36909563955,1,110529260493,,
ubuntu-latest py3.14,failure,harvested,rate_window=in_hold_excl_drain_reload_tail,post_2024,36906869205,1,110519598731,11186190282,false
windows-2022 py3.14,failure,harvested,rate_window=in_hold_excl_drain_reload_tail,post_2024,36906869205,1,110519598661,11184889387,false
windows-2025 py3.14,failure,harvested,rate_window=in_hold_excl_drain_reload_tail,post_2024,36906869205,1,110519598870,11185703591,false
ubuntu-latest py3.14,success,harvested,rate_window=in_hold_excl_drain_reload_tail,post_2024,36906695177,1,110519507364,11185322879,false
windows-2022 py3.14,success,harvested,rate_window=in_hold_excl_drain_reload_tail,post_2024,36906695177,1,110519507443,11185948516,false
windows-2025 py3.14,success,harvested,rate_window=in_hold_excl_drain_reload_tail,post_2024,36906695177,1,110519507512,11185848358,false
ubuntu-latest py3.14,success,harvested,rate_window=in_hold_excl_drain_reload_tail,post_2024,36904267179,1,110510897468,11184666166,false
windows-2022 py3.14,success,harvested,rate_window=in_hold_excl_drain_reload_tail,post_2024,36904267179,1,110510897490,11185785132,false
windows-2025 py3.14,success,harvested,rate_window=in_hold_excl_drain_reload_tail,post_2024,36904267179,1,110510897446,11186075106,false
ubuntu-latest py3.14,success,harvested,rate_window=in_hold_excl_drain_reload_tail,post_2024,36904260899,1,110510857470,11182964665,false
windows-2022 py3.14,cancelled,harvested,rate_window=in_hold_excl_drain_reload_tail,post_2024,36904260899,1,110510857222,11185495267,false
windows-2025 py3.14,success,harvested,rate_window=in_hold_excl_drain_reload_tail,post_2024,36904260899,1,110510857362,11183881898,false
ubuntu-latest py3.14,success,harvested,rate_window=in_hold_excl_drain_reload_tail,post_2024,36902837485,1,110506059714,11183541179,false
windows-2022 py3.14,success,harvested,rate_window=in_hold_excl_drain_reload_tail,post_2024,36902837485,1,110506059577,11183755890,false
windows-2025 py3.14,success,harvested,rate_window=in_hold_excl_drain_reload_tail,post_2024,36902837485,1,110506059542,11183880672,false
ubuntu-latest py3.14,success,harvested,rate_window=in_hold_excl_drain_reload_tail,post_2024,36901063874,1,110500610147,11181879506,false
windows-2022 py3.14,success,harvested,rate_window=in_hold_excl_drain_reload_tail,post_2024,36901063874,1,110500610081,11182258061,false
windows-2025 py3.14,success,harvested,rate_window=in_hold_excl_drain_reload_tail,post_2024,36901063874,1,110500610326,11182618528,false
ubuntu-latest py3.14,success,harvested,rate_window=in_hold_excl_drain_reload_tail,post_2024,36900834171,1,110499404999,11182282316,false
windows-2022 py3.14,success,harvested,rate_window=in_hold_excl_drain_reload_tail,post_2024,36900834171,1,110499404848,11182437147,false
windows-2025 py3.14,success,harvested,rate_window=in_hold_excl_drain_reload_tail,post_2024,36900834171,1,110499404922,11183075030,false
ubuntu-latest py3.14,failure,harvested,rate_window=in_hold_excl_drain_reload_tail,post_2024,36899266832,1,110494145964,11181333562,false
windows-2022 py3.14,cancelled,unknown_adverse,no artifact,,36899266832,1,110494145673,,
windows-2025 py3.14,cancelled,unknown_adverse,no artifact,,36899266832,1,110494145828,,
ubuntu-latest py3.14,success,harvested,rate_window=in_hold_excl_drain_reload_tail,post_2024,36897607301,1,110488571168,11179964957,false
windows-2022 py3.14,success,harvested,rate_window=in_hold_excl_drain_reload_tail,post_2024,36897607301,1,110488571068,11181039302,false
windows-2025 py3.14,success,harvested,rate_window=in_hold_excl_drain_reload_tail,post_2024,36897607301,1,110488571084,11180524297,false
ubuntu-latest py3.14,success,harvested,rate_window=in_hold_excl_drain_reload_tail,post_2024,36896588690,1,110485122762,11180087882,false
windows-2022 py3.14,success,harvested,rate_window=in_hold_excl_drain_reload_tail,post_2024,36896588690,1,110485122831,11181026636,false
windows-2025 py3.14,failure,harvested,rate_window=in_hold_excl_drain_reload_tail,post_2024,36896588690,1,110485122864,11181381570,false
ubuntu-latest py3.14,success,harvested,rate_window=in_hold_excl_drain_reload_tail,post_2024,36896389180,1,110484442642,11180113075,false
windows-2022 py3.14,success,harvested,rate_window=in_hold_excl_drain_reload_tail,post_2024,36896389180,1,110484442850,11180581326,false
windows-2025 py3.14,success,harvested,rate_window=in_hold_excl_drain_reload_tail,post_2024,36896389180,1,110484442736,11181041918,false
ubuntu-latest py3.14,success,harvested,rate_window=in_hold_excl_drain_reload_tail,post_2024,36894889611,1,110479651084,11179703113,false
windows-2022 py3.14,success,harvested,rate_window=in_hold_excl_drain_reload_tail,post_2024,36894889611,1,110479651161,11178949541,false
windows-2025 py3.14,success,harvested,rate_window=in_hold_excl_drain_reload_tail,post_2024,36894889611,1,110479651076,11180057179,false
ubuntu-latest py3.14,success,harvested,rate_window=in_hold_excl_drain_reload_tail,post_2024,36893810821,1,110475807238,11178764047,false
windows-2022 py3.14,success,harvested,rate_window=in_hold_excl_drain_reload_tail,post_2024,36893810821,1,110475807459,11178978297,false
windows-2025 py3.14,success,harvested,rate_window=in_hold_excl_drain_reload_tail,post_2024,36893810821,1,110475807328,11179288403,false
ubuntu-latest py3.14,success,harvested,rate_window=in_hold_excl_drain_reload_tail,post_2024,36893617621,1,110475139793,11178443596,false
windows-2022 py3.14,success,harvested,rate_window=in_hold_excl_drain_reload_tail,post_2024,36893617621,1,110475139787,11178839751,false
windows-2025 py3.14,success,harvested,rate_window=in_hold_excl_drain_reload_tail,post_2024,36893617621,1,110475139768,11179518284,false
ubuntu-latest py3.14,success,harvested,rate_window=in_hold_excl_drain_reload_tail,post_2024,36893614300,1,110475117669,11179482904,false
windows-2022 py3.14,success,harvested,rate_window=in_hold_excl_drain_reload_tail,post_2024,36893614300,1,110475117664,11179227783,false
windows-2025 py3.14,success,harvested,rate_window=in_hold_excl_drain_reload_tail,post_2024,36893614300,1,110475117535,11179023649,false
ubuntu-latest py3.14,success,harvested,rate_window=in_hold_excl_drain_reload_tail,post_2024,36892879485,1,110472798111,11179230951,false
windows-2022 py3.14,success,harvested,rate_window=in_hold_excl_drain_reload_tail,post_2024,36892879485,1,110472798201,11179197346,false
windows-2025 py3.14,success,harvested,rate_window=in_hold_excl_drain_reload_tail,post_2024,36892879485,1,110472798190,11178574112,false
ubuntu-latest py3.14,success,harvested,rate_window=in_hold_excl_drain_reload_tail,post_2024,36892551321,1,110471614599,11179131397,false
windows-2022 py3.14,success,harvested,rate_window=in_hold_excl_drain_reload_tail,post_2024,36892551321,1,110471614216,11179131589,false
windows-2025 py3.14,success,harvested,rate_window=in_hold_excl_drain_reload_tail,post_2024,36892551321,1,110471614464,11178623508,false
ubuntu-latest py3.14,success,harvested,rate_window=in_hold_excl_drain_reload_tail,post_2024,36892375697,1,110471030441,11178812208,false
windows-2022 py3.14,success,harvested,rate_window=in_hold_excl_drain_reload_tail,post_2024,36892375697,1,110471030446,11178403253,false
windows-2025 py3.14,success,harvested,rate_window=in_hold_excl_drain_reload_tail,post_2024,36892375697,1,110471030309,11179586619,false
ubuntu-latest py3.14,success,harvested,rate_window=in_hold_excl_drain_reload_tail,post_2024,36891329655,1,110467534501,11179070337,false
windows-2022 py3.14,success,harvested,rate_window=in_hold_excl_drain_reload_tail,post_2024,36891329655,1,110467534441,11177806507,false
windows-2025 py3.14,success,harvested,rate_window=in_hold_excl_drain_reload_tail,post_2024,36891329655,1,110467534465,11179365495,false
ubuntu-latest py3.14,success,harvested,rate_window=in_hold_excl_drain_reload_tail,post_2024,36890966923,1,110466311402,11178095428,false
windows-2022 py3.14,success,harvested,rate_window=in_hold_excl_drain_reload_tail,post_2024,36890966923,1,110466311269,11178170956,false
windows-2025 py3.14,success,harvested,rate_window=in_hold_excl_drain_reload_tail,post_2024,36890966923,1,110466311210,11178826154,false
ubuntu-latest py3.14,success,harvested,rate_window=in_hold_excl_drain_reload_tail,post_2024,36890892296,1,110466084205,11178555595,false
windows-2022 py3.14,success,harvested,rate_window=in_hold_excl_drain_reload_tail,post_2024,36890892296,1,110466084116,11177632090,false
windows-2025 py3.14,success,harvested,rate_window=in_hold_excl_drain_reload_tail,post_2024,36890892296,1,110466084229,11177282821,false
ubuntu-latest py3.14,success,harvested,rate_window=in_hold_excl_drain_reload_tail,post_2024,36890763461,1,110465638833,11176719625,false
windows-2022 py3.14,success,harvested,rate_window=in_hold_excl_drain_reload_tail,post_2024,36890763461,1,110465639180,11178170676,false
windows-2025 py3.14,success,harvested,rate_window=in_hold_excl_drain_reload_tail,post_2024,36890763461,1,110465638813,11178085896,false
ubuntu-latest py3.14,success,harvested,rate_window=in_hold_excl_drain_reload_tail,post_2024,36890317874,1,110464462627,11177406622,false
windows-2022 py3.14,success,harvested,rate_window=in_hold_excl_drain_reload_tail,post_2024,36890317874,1,110464462693,11177371896,false
windows-2025 py3.14,success,harvested,rate_window=in_hold_excl_drain_reload_tail,post_2024,36890317874,1,110464462518,11177741323,false
ubuntu-latest py3.14,success,harvested,rate_window=in_hold_excl_drain_reload_tail,post_2024,36889661722,1,110461934855,11175894661,false
windows-2022 py3.14,success,harvested,rate_window=in_hold_excl_drain_reload_tail,post_2024,36889661722,1,110461934987,11177670353,false
windows-2025 py3.14,success,harvested,rate_window=in_hold_excl_drain_reload_tail,post_2024,36889661722,1,110461934990,11177037624,false
ubuntu-latest py3.14,success,excluded,"no artifact, job or Tests (pytest) step skipped",,36888532641,1,110458102203,,
windows-2022 py3.14,success,excluded,"no artifact, job or Tests (pytest) step skipped",,36888532641,1,110458101946,,
windows-2025 py3.14,success,excluded,"no artifact, job or Tests (pytest) step skipped",,36888532641,1,110458102105,,
ubuntu-latest py3.14,cancelled,unknown_adverse,no artifact,,36888268050,1,110458053841,,
windows-2022 py3.14,cancelled,unknown_adverse,no artifact,,36888268050,1,110458053771,,
windows-2025 py3.14,cancelled,unknown_adverse,no artifact,,36888268050,1,110458053737,,
ubuntu-latest py3.14,success,harvested,rate_window=in_hold_excl_drain_reload_tail,post_2024,36887923841,1,110456026803,11176392143,false
windows-2022 py3.14,success,harvested,rate_window=in_hold_excl_drain_reload_tail,post_2024,36887923841,1,110456026720,11176920055,false
windows-2025 py3.14,success,harvested,rate_window=in_hold_excl_drain_reload_tail,post_2024,36887923841,1,110456026607,11175724073,false
ubuntu-latest py3.14,success,harvested,rate_window=in_hold_excl_drain_reload_tail,post_2024,36887731457,1,110455354102,11175732945,false
windows-2022 py3.14,success,harvested,rate_window=in_hold_excl_drain_reload_tail,post_2024,36887731457,1,110455353983,11175439528,false
windows-2025 py3.14,success,harvested,rate_window=in_hold_excl_drain_reload_tail,post_2024,36887731457,1,110455353929,11175634736,false
ubuntu-latest py3.14,success,harvested,rate_window=in_hold_excl_drain_reload_tail,post_2024,36887728952,1,110455357568,11175792870,false
windows-2022 py3.14,success,harvested,rate_window=in_hold_excl_drain_reload_tail,post_2024,36887728952,1,110455357510,11176382091,false
windows-2025 py3.14,success,harvested,rate_window=in_hold_excl_drain_reload_tail,post_2024,36887728952,1,110455357422,11176985173,false
ubuntu-latest py3.14,success,harvested,rate_window=in_hold_excl_drain_reload_tail,post_2024,36887009119,1,110452903373,11176012079,false
windows-2022 py3.14,success,harvested,rate_window=in_hold_excl_drain_reload_tail,post_2024,36887009119,1,110452903553,11175273383,false
windows-2025 py3.14,success,harvested,rate_window=in_hold_excl_drain_reload_tail,post_2024,36887009119,1,110452903372,11175513956,false
ubuntu-latest py3.14,success,harvested,rate_window=in_hold_excl_drain_reload_tail,post_2024,36887003341,1,110452945197,11175377199,false
windows-2022 py3.14,success,harvested,rate_window=in_hold_excl_drain_reload_tail,post_2024,36887003341,1,110452945436,11175579144,false
windows-2025 py3.14,success,harvested,rate_window=in_hold_excl_drain_reload_tail,post_2024,36887003341,1,110452945543,11176106649,false
ubuntu-latest py3.14,success,harvested,rate_window=in_hold_excl_drain_reload_tail,post_2024,36886958679,1,110452749233,11176350219,false
windows-2022 py3.14,success,harvested,rate_window=in_hold_excl_drain_reload_tail,post_2024,36886958679,1,110452749325,11176041696,false
windows-2025 py3.14,success,harvested,rate_window=in_hold_excl_drain_reload_tail,post_2024,36886958679,1,110452749225,11176421555,false
ubuntu-latest py3.14,cancelled,harvested,rate_window=in_hold_excl_drain_reload_tail,post_2024,36886576587,1,110452055693,11175377101,false
windows-2022 py3.14,cancelled,unknown_adverse,no artifact,,36886576587,1,110452055708,,
windows-2025 py3.14,cancelled,unknown_adverse,no artifact,,36886576587,1,110452055864,,
ubuntu-latest py3.14,success,harvested,rate_window=in_hold_excl_drain_reload_tail,post_2024,36886369539,1,110450810416,11175297643,false
windows-2022 py3.14,success,harvested,rate_window=in_hold_excl_drain_reload_tail,post_2024,36886369539,1,110450810597,11176280708,false
windows-2025 py3.14,success,harvested,rate_window=in_hold_excl_drain_reload_tail,post_2024,36886369539,1,110450810286,11175158362,false
ubuntu-latest py3.14,cancelled,unknown_adverse,no artifact,,36885156513,1,110446677912,,
windows-2022 py3.14,cancelled,unknown_adverse,no artifact,,36885156513,1,110446678142,,
windows-2025 py3.14,cancelled,unknown_adverse,no artifact,,36885156513,1,110446678124,,
ubuntu-latest py3.14,success,harvested,rate_window=in_hold_excl_drain_reload_tail,post_2024,36885151255,1,110446594296,11174194223,false
windows-2022 py3.14,success,harvested,rate_window=in_hold_excl_drain_reload_tail,post_2024,36885151255,1,110446594511,11175635835,false
windows-2025 py3.14,success,harvested,rate_window=in_hold_excl_drain_reload_tail,post_2024,36885151255,1,110446594218,11175281719,false
ubuntu-latest py3.14,success,harvested,rate_window=in_hold_excl_drain_reload_tail,post_2024,36884232324,1,110443485750,11173948586,false
windows-2022 py3.14,success,harvested,rate_window=in_hold_excl_drain_reload_tail,post_2024,36884232324,1,110443485637,11174348548,false
windows-2025 py3.14,success,harvested,rate_window=in_hold_excl_drain_reload_tail,post_2024,36884232324,1,110443485566,11173969937,false
ubuntu-latest py3.14,success,harvested,rate_window=in_hold_excl_drain_reload_tail,post_2024,36884053777,1,110442873099,11174721985,false
windows-2022 py3.14,success,harvested,rate_window=in_hold_excl_drain_reload_tail,post_2024,36884053777,1,110442872773,11173914596,false
windows-2025 py3.14,success,harvested,rate_window=in_hold_excl_drain_reload_tail,post_2024,36884053777,1,110442872917,11173914767,false
ubuntu-latest py3.14,success,harvested,rate_window=in_hold_excl_drain_reload_tail,post_2024,36883753874,1,110441892305,11174761678,false
windows-2022 py3.14,success,harvested,rate_window=in_hold_excl_drain_reload_tail,post_2024,36883753874,1,110441892558,11173704283,false
windows-2025 py3.14,success,harvested,rate_window=in_hold_excl_drain_reload_tail,post_2024,36883753874,1,110441892540,11174683227,false
ubuntu-latest py3.14,success,harvested,rate_window=in_hold_excl_drain_reload_tail,post_2024,36883127655,1,110439821668,11173498278,false
windows-2022 py3.14,success,harvested,rate_window=in_hold_excl_drain_reload_tail,post_2024,36883127655,1,110439821895,11173733073,false
windows-2025 py3.14,success,harvested,rate_window=in_hold_excl_drain_reload_tail,post_2024,36883127655,1,110439821713,11174482209,false
ubuntu-latest py3.14,success,harvested,rate_window=in_hold_excl_drain_reload_tail,post_2024,36882929359,1,110439167120,11173477183,false
windows-2022 py3.14,success,harvested,rate_window=in_hold_excl_drain_reload_tail,post_2024,36882929359,1,110439166975,11174786298,false
windows-2025 py3.14,success,harvested,rate_window=in_hold_excl_drain_reload_tail,post_2024,36882929359,1,110439167019,11174112168,false
ubuntu-latest py3.14,success,harvested,rate_window=in_hold_excl_drain_reload_tail,post_2024,36882874932,1,110438898993,11174535909,false
windows-2022 py3.14,success,harvested,rate_window=in_hold_excl_drain_reload_tail,post_2024,36882874932,1,110438899036,11174446364,false
windows-2025 py3.14,success,harvested,rate_window=in_hold_excl_drain_reload_tail,post_2024,36882874932,1,110438898905,11174801543,false
ubuntu-latest py3.14,failure,harvested,rate_window=in_hold_excl_drain_reload_tail,post_2024,36882403557,1,110437360753,11174980440,false
windows-2022 py3.14,failure,harvested,rate_window=in_hold_excl_drain_reload_tail,post_2024,36882403557,1,110437360763,11172567230,false
windows-2025 py3.14,failure,harvested,rate_window=in_hold_excl_drain_reload_tail,post_2024,36882403557,1,110437360712,11175045819,false
ubuntu-latest py3.14,success,harvested,rate_window=in_hold_excl_drain_reload_tail,post_2024,36882249800,1,110436820392,11174915117,false
windows-2022 py3.14,success,harvested,rate_window=in_hold_excl_drain_reload_tail,post_2024,36882249800,1,110436820644,11173752393,false
windows-2025 py3.14,success,harvested,rate_window=in_hold_excl_drain_reload_tail,post_2024,36882249800,1,110436820502,11174500785,false
ubuntu-latest py3.14,success,harvested,rate_window=in_hold_excl_drain_reload_tail,post_2024,36881818100,1,110435330011,11173875979,false
windows-2022 py3.14,success,harvested,rate_window=in_hold_excl_drain_reload_tail,post_2024,36881818100,1,110435330167,11173471679,false
windows-2025 py3.14,success,harvested,rate_window=in_hold_excl_drain_reload_tail,post_2024,36881818100,1,110435330121,11175030251,false
ubuntu-latest py3.14,success,harvested,rate_window=in_hold_excl_drain_reload_tail,post_2024,36881603320,1,110434611597,11171619601,false
windows-2022 py3.14,success,harvested,rate_window=in_hold_excl_drain_reload_tail,post_2024,36881603320,1,110434611816,11172612248,false
windows-2025 py3.14,success,harvested,rate_window=in_hold_excl_drain_reload_tail,post_2024,36881603320,1,110434611406,11174770082,false
ubuntu-latest py3.14,success,harvested,rate_window=in_hold_excl_drain_reload_tail,post_2024,36880220506,1,110429910877,11171522882,false
windows-2022 py3.14,success,harvested,rate_window=in_hold_excl_drain_reload_tail,post_2024,36880220506,1,110429910748,11171842492,false
windows-2025 py3.14,success,harvested,rate_window=in_hold_excl_drain_reload_tail,post_2024,36880220506,1,110429910744,11172101403,false
ubuntu-latest py3.14,success,harvested,rate_window=in_hold_excl_drain_reload_tail,post_2024,36879367904,1,110427079140,11171557382,false
windows-2022 py3.14,success,harvested,rate_window=in_hold_excl_drain_reload_tail,post_2024,36879367904,1,110427079232,11171538189,false
windows-2025 py3.14,success,harvested,rate_window=in_hold_excl_drain_reload_tail,post_2024,36879367904,1,110427079257,11170834354,false
ubuntu-latest py3.14,success,harvested,rate_window=in_hold_excl_drain_reload_tail,post_2024,36879289073,1,110426788494,11171058304,false
windows-2022 py3.14,success,harvested,rate_window=in_hold_excl_drain_reload_tail,post_2024,36879289073,1,110426788149,11171403345,false
windows-2025 py3.14,success,harvested,rate_window=in_hold_excl_drain_reload_tail,post_2024,36879289073,1,110426788447,11171109273,false
ubuntu-latest py3.14,success,harvested,rate_window=in_hold_excl_drain_reload_tail,post_2024,36878821707,1,110425213357,11170838377,false
windows-2022 py3.14,success,harvested,rate_window=in_hold_excl_drain_reload_tail,post_2024,36878821707,1,110425213358,11170703926,false
windows-2025 py3.14,success,harvested,rate_window=in_hold_excl_drain_reload_tail,post_2024,36878821707,1,110425213484,11170264767,false
ubuntu-latest py3.14,success,harvested,rate_window=in_hold_excl_drain_reload_tail,post_2024,36878816842,1,110425195899,11171671875,false
windows-2022 py3.14,success,harvested,rate_window=in_hold_excl_drain_reload_tail,post_2024,36878816842,1,110425195670,11171253282,false
windows-2025 py3.14,success,harvested,rate_window=in_hold_excl_drain_reload_tail,post_2024,36878816842,1,110425195788,11170853908,false
ubuntu-latest py3.14,success,harvested,rate_window=in_hold_excl_drain_reload_tail,post_2024,36878442312,1,110423926224,11170443110,false
windows-2022 py3.14,success,harvested,rate_window=in_hold_excl_drain_reload_tail,post_2024,36878442312,1,110423926326,11171900482,false
windows-2025 py3.14,success,harvested,rate_window=in_hold_excl_drain_reload_tail,post_2024,36878442312,1,110423926381,11170768765,false
ubuntu-latest py3.14,success,harvested,rate_window=in_hold_excl_drain_reload_tail,post_2024,36875409195,1,110413567252,11170007103,false
windows-2022 py3.14,success,harvested,rate_window=in_hold_excl_drain_reload_tail,post_2024,36875409195,1,110413567300,11169603893,false
windows-2025 py3.14,success,harvested,rate_window=in_hold_excl_drain_reload_tail,post_2024,36875409195,1,110413567292,11168844933,false
ubuntu-latest py3.14,success,harvested,rate_window=in_hold_excl_drain_reload_tail,post_2024,36867581150,1,110386989202,11165018004,false
windows-2022 py3.14,success,harvested,rate_window=in_hold_excl_drain_reload_tail,post_2024,36867581150,1,110386989166,11165387883,false
windows-2025 py3.14,success,harvested,rate_window=in_hold_excl_drain_reload_tail,post_2024,36867581150,1,110386989153,11167116694,false
ubuntu-latest py3.14,success,harvested,rate_window=in_hold_excl_drain_reload_tail,post_2024,36867385889,1,110386290326,11166761422,false
windows-2022 py3.14,success,harvested,rate_window=in_hold_excl_drain_reload_tail,post_2024,36867385889,1,110386290344,11165303263,false
windows-2025 py3.14,success,harvested,rate_window=in_hold_excl_drain_reload_tail,post_2024,36867385889,1,110386290460,11166761493,false
ubuntu-latest py3.14,success,harvested,rate_window=in_hold_excl_drain_reload_tail,post_2024,36867379650,1,110386292432,11165043121,false
windows-2022 py3.14,success,harvested,rate_window=in_hold_excl_drain_reload_tail,post_2024,36867379650,1,110386292124,11166957003,false
windows-2025 py3.14,success,harvested,rate_window=in_hold_excl_drain_reload_tail,post_2024,36867379650,1,110386292155,11166612457,false
ubuntu-latest py3.14,success,harvested,rate_window=in_hold_excl_drain_reload_tail,post_2024,36864787713,1,110377628688,11164006679,false
windows-2022 py3.14,success,harvested,rate_window=in_hold_excl_drain_reload_tail,post_2024,36864787713,1,110377628812,11164746083,false
windows-2025 py3.14,success,harvested,rate_window=in_hold_excl_drain_reload_tail,post_2024,36864787713,1,110377628776,11163787840,false
ubuntu-latest py3.14,success,harvested,rate_window=in_hold_excl_drain_reload_tail,post_2024,36864409291,1,110376345643,11163816762,false
windows-2022 py3.14,success,harvested,rate_window=in_hold_excl_drain_reload_tail,post_2024,36864409291,1,110376345450,11164596384,false
windows-2025 py3.14,success,harvested,rate_window=in_hold_excl_drain_reload_tail,post_2024,36864409291,1,110376345526,11164137335,false
ubuntu-latest py3.14,success,harvested,rate_window=in_hold_excl_drain_reload_tail,post_2024,36864047603,1,110375156046,11164655616,false
windows-2022 py3.14,success,harvested,rate_window=in_hold_excl_drain_reload_tail,post_2024,36864047603,1,110375156057,11164621545,false
windows-2025 py3.14,success,harvested,rate_window=in_hold_excl_drain_reload_tail,post_2024,36864047603,1,110375155950,11164026741,false
ubuntu-latest py3.14,success,harvested,rate_window=in_hold_excl_drain_reload_tail,post_2024,36863942511,1,110374772550,11163144833,false
windows-2022 py3.14,success,harvested,rate_window=in_hold_excl_drain_reload_tail,post_2024,36863942511,1,110374772593,11163936371,false
windows-2025 py3.14,success,harvested,rate_window=in_hold_excl_drain_reload_tail,post_2024,36863942511,1,110374772596,11164476154,false
ubuntu-latest py3.14,success,harvested,rate_window=in_hold_excl_drain_reload_tail,post_2024,36861845279,1,110367820508,11161963065,false
windows-2022 py3.14,success,harvested,rate_window=in_hold_excl_drain_reload_tail,post_2024,36861845279,1,110367820561,11162652889,false
windows-2025 py3.14,success,harvested,rate_window=in_hold_excl_drain_reload_tail,post_2024,36861845279,1,110367820484,11162613617,false
ubuntu-latest py3.14,success,harvested,rate_window=in_hold_excl_drain_reload_tail,post_2024,36861527457,1,110366742597,11163256582,false
windows-2022 py3.14,success,harvested,rate_window=in_hold_excl_drain_reload_tail,post_2024,36861527457,1,110366742706,11162822635,false
windows-2025 py3.14,success,harvested,rate_window=in_hold_excl_drain_reload_tail,post_2024,36861527457,1,110366742581,11163267245,false
ubuntu-latest py3.14,success,harvested,rate_window=in_hold_excl_drain_reload_tail,post_2024,36861362734,1,110366205187,11163056678,false
windows-2022 py3.14,success,harvested,rate_window=in_hold_excl_drain_reload_tail,post_2024,36861362734,1,110366205179,11162847419,false
windows-2025 py3.14,success,harvested,rate_window=in_hold_excl_drain_reload_tail,post_2024,36861362734,1,110366205171,11162377228,false
ubuntu-latest py3.14,success,harvested,rate_window=in_hold_excl_drain_reload_tail,post_2024,36860834673,1,110364437435,11163075141,false
windows-2022 py3.14,success,harvested,rate_window=in_hold_excl_drain_reload_tail,post_2024,36860834673,1,110364437289,11162951428,false
windows-2025 py3.14,success,harvested,rate_window=in_hold_excl_drain_reload_tail,post_2024,36860834673,1,110364437419,11162302110,false
ubuntu-latest py3.14,success,harvested,rate_window=in_hold_excl_drain_reload_tail,post_2024,36857846430,1,110354620314,11160676362,false
windows-2022 py3.14,success,harvested,rate_window=in_hold_excl_drain_reload_tail,post_2024,36857846430,1,110354620382,11160647575,false
windows-2025 py3.14,success,harvested,rate_window=in_hold_excl_drain_reload_tail,post_2024,36857846430,1,110354620312,11160603301,false
ubuntu-latest py3.14,success,harvested,rate_window=in_hold_excl_drain_reload_tail,post_2024,36857666744,1,110354050162,11160951597,false
windows-2022 py3.14,success,harvested,rate_window=in_hold_excl_drain_reload_tail,post_2024,36857666744,1,110354050176,11161246434,false
windows-2025 py3.14,success,harvested,rate_window=in_hold_excl_drain_reload_tail,post_2024,36857666744,1,110354050194,11160677628,false
ubuntu-latest py3.14,failure,harvested,rate_window=in_hold_excl_drain_reload_tail,post_2024,36849828229,1,110328740220,11155024848,false
windows-2022 py3.14,success,harvested,rate_window=in_hold_excl_drain_reload_tail,post_2024,36849828229,1,110328740330,11155731904,false
windows-2025 py3.14,success,harvested,rate_window=in_hold_excl_drain_reload_tail,post_2024,36849828229,1,110328740243,11156042557,false
ubuntu-latest py3.14,success,harvested,rate_window=in_hold_excl_drain_reload_tail,post_2024,36849064771,1,110326230599,11154854910,false
windows-2022 py3.14,success,harvested,rate_window=in_hold_excl_drain_reload_tail,post_2024,36849064771,1,110326230651,11155218010,false
windows-2025 py3.14,success,harvested,rate_window=in_hold_excl_drain_reload_tail,post_2024,36849064771,1,110326230460,11155976947,false
ubuntu-latest py3.14,success,excluded,"no artifact, job or Tests (pytest) step skipped",,36848045288,1,110322927787,,
windows-2022 py3.14,success,excluded,"no artifact, job or Tests (pytest) step skipped",,36848045288,1,110322927838,,
windows-2025 py3.14,success,excluded,"no artifact, job or Tests (pytest) step skipped",,36848045288,1,110322927733,,
ubuntu-latest py3.14,success,harvested,rate_window=in_hold_excl_drain_reload_tail,post_2024,36847464810,1,110321027361,11154568995,false
windows-2022 py3.14,success,harvested,rate_window=in_hold_excl_drain_reload_tail,post_2024,36847464810,1,110321027310,11154034424,false
windows-2025 py3.14,success,harvested,rate_window=in_hold_excl_drain_reload_tail,post_2024,36847464810,1,110321027371,11154902920,false
ubuntu-latest py3.14,success,harvested,rate_window=in_hold_excl_drain_reload_tail,post_2024,36846674694,1,110318449578,11154795607,false
windows-2022 py3.14,success,harvested,rate_window=in_hold_excl_drain_reload_tail,post_2024,36846674694,1,110318449558,11154068531,false
windows-2025 py3.14,success,harvested,rate_window=in_hold_excl_drain_reload_tail,post_2024,36846674694,1,110318449492,11153978932,false
ubuntu-latest py3.14,success,harvested,rate_window=in_hold_excl_drain_reload_tail,post_2024,36844122569,1,110310401538,11153496781,false
windows-2022 py3.14,success,harvested,rate_window=in_hold_excl_drain_reload_tail,post_2024,36844122569,1,110310401373,11153915507,false
windows-2025 py3.14,success,harvested,rate_window=in_hold_excl_drain_reload_tail,post_2024,36844122569,1,110310401310,11153253804,false
ubuntu-latest py3.14,cancelled,excluded,"no artifact, job or Tests (pytest) step skipped",,36843972695,1,110309641302,,
windows-2022 py3.14,cancelled,unknown_adverse,no artifact,,36843972695,1,110309641360,,
windows-2025 py3.14,cancelled,unknown_adverse,no artifact,,36843972695,1,110309641268,,
ubuntu-latest py3.14,success,harvested,rate_window=in_hold_excl_drain_reload_tail,post_2024,36842234390,1,110303939098,11152162094,false
windows-2022 py3.14,success,harvested,rate_window=in_hold_excl_drain_reload_tail,post_2024,36842234390,1,110303939128,11151814698,false
windows-2025 py3.14,success,harvested,rate_window=in_hold_excl_drain_reload_tail,post_2024,36842234390,1,110303939215,11153115664,false
ubuntu-latest py3.14,success,harvested,rate_window=in_hold_excl_drain_reload_tail,post_2024,36840601638,1,110298625188,11151930047,false
windows-2022 py3.14,failure,harvested,rate_window=in_hold_excl_drain_reload_tail,post_2024,36840601638,1,110298625167,11150834604,false
windows-2025 py3.14,success,harvested,rate_window=in_hold_excl_drain_reload_tail,post_2024,36840601638,1,110298625284,11151574985,false
ubuntu-latest py3.14,success,harvested,rate_window=in_hold_excl_drain_reload_tail,post_2024,36840329310,1,110297775961,11150699663,false
windows-2022 py3.14,failure,harvested,rate_window=in_hold_excl_drain_reload_tail,post_2024,36840329310,1,110297776031,11151169724,false
windows-2025 py3.14,success,harvested,rate_window=in_hold_excl_drain_reload_tail,post_2024,36840329310,1,110297775970,11150854725,false
ubuntu-latest py3.14,success,harvested,rate_window=in_hold_excl_drain_reload_tail,post_2024,36839695993,1,110295671584,11151676261,false
windows-2022 py3.14,success,harvested,rate_window=in_hold_excl_drain_reload_tail,post_2024,36839695993,1,110295671660,11151544207,false
windows-2025 py3.14,success,harvested,rate_window=in_hold_excl_drain_reload_tail,post_2024,36839695993,1,110295671684,11151677399,false
ubuntu-latest py3.14,success,harvested,rate_window=in_hold_excl_drain_reload_tail,post_2024,36838950791,1,110293190188,11150747172,false
windows-2022 py3.14,success,harvested,rate_window=in_hold_excl_drain_reload_tail,post_2024,36838950791,1,110293190127,11151328306,false
windows-2025 py3.14,success,harvested,rate_window=in_hold_excl_drain_reload_tail,post_2024,36838950791,1,110293190219,11151493236,false
ubuntu-latest py3.14,success,harvested,rate_window=in_hold_excl_drain_reload_tail,post_2024,36838341493,1,110291207247,11151255257,false
windows-2022 py3.14,success,harvested,rate_window=in_hold_excl_drain_reload_tail,post_2024,36838341493,1,110291207242,11151640728,false
windows-2025 py3.14,success,harvested,rate_window=in_hold_excl_drain_reload_tail,post_2024,36838341493,1,110291207156,11150772328,false
ubuntu-latest py3.14,success,harvested,rate_window=in_hold_excl_drain_reload_tail,post_2024,36838339589,1,110291190641,11151112008,false
windows-2022 py3.14,success,harvested,rate_window=in_hold_excl_drain_reload_tail,post_2024,36838339589,1,110291190623,11151037742,false
windows-2025 py3.14,success,harvested,rate_window=in_hold_excl_drain_reload_tail,post_2024,36838339589,1,110291190549,11150978411,false
ubuntu-latest py3.14,success,harvested,rate_window=in_hold_excl_drain_reload_tail,post_2024,36836558533,1,110285354558,11149174584,false
windows-2022 py3.14,success,harvested,rate_window=in_hold_excl_drain_reload_tail,post_2024,36836558533,1,110285354697,11150640079,false
windows-2025 py3.14,success,harvested,rate_window=in_hold_excl_drain_reload_tail,post_2024,36836558533,1,110285354530,11150004228,false
ubuntu-latest py3.14,success,harvested,rate_window=in_hold_excl_drain_reload_tail,post_2024,36836473333,1,110285086698,11149313913,false
windows-2022 py3.14,success,harvested,rate_window=in_hold_excl_drain_reload_tail,post_2024,36836473333,1,110285086585,11149794750,false
windows-2025 py3.14,success,harvested,rate_window=in_hold_excl_drain_reload_tail,post_2024,36836473333,1,110285086654,11149564826,false
ubuntu-latest py3.14,success,harvested,rate_window=in_hold_excl_drain_reload_tail,post_2024,36836383479,1,110284790417,11149349264,false
windows-2022 py3.14,success,harvested,rate_window=in_hold_excl_drain_reload_tail,post_2024,36836383479,1,110284790325,11149823602,false
windows-2025 py3.14,success,harvested,rate_window=in_hold_excl_drain_reload_tail,post_2024,36836383479,1,110284790338,11149998289,false
ubuntu-latest py3.14,success,harvested,rate_window=in_hold_excl_drain_reload_tail,post_2024,36836024249,1,110283937974,11149338754,false
windows-2022 py3.14,success,harvested,rate_window=in_hold_excl_drain_reload_tail,post_2024,36836024249,1,110283937668,11149748098,false
windows-2025 py3.14,success,harvested,rate_window=in_hold_excl_drain_reload_tail,post_2024,36836024249,1,110283937624,11149819212,false
ubuntu-latest py3.14,failure,excluded,"no artifact, job or Tests (pytest) step skipped",,36835249856,1,110281597447,,
windows-2022 py3.14,success,harvested,rate_window=in_hold_excl_drain_reload_tail,post_2024,36835249856,1,110281597390,11149218374,false
windows-2025 py3.14,success,harvested,rate_window=in_hold_excl_drain_reload_tail,post_2024,36835249856,1,110281597393,11150246290,false
ubuntu-latest py3.14,failure,excluded,"no artifact, job or Tests (pytest) step skipped",,36834111947,1,110277693655,,
windows-2022 py3.14,cancelled,unknown_adverse,no artifact,,36834111947,1,110277693791,,
windows-2025 py3.14,cancelled,unknown_adverse,no artifact,,36834111947,1,110277693732,,
ubuntu-latest py3.14,failure,harvested,rate_window=in_hold_excl_drain_reload_tail,post_2024,36834038971,1,110277129373,11149346069,false
windows-2022 py3.14,cancelled,harvested,rate_window=in_hold_excl_drain_reload_tail,post_2024,36834038971,1,110277129504,11149530913,false
windows-2025 py3.14,cancelled,harvested,rate_window=in_hold_excl_drain_reload_tail,post_2024,36834038971,1,110277129536,11149376250,false
ubuntu-latest py3.14,success,harvested,rate_window=in_hold_excl_drain_reload_tail,post_2024,36833097110,1,110274106799,11148910862,false
windows-2022 py3.14,success,harvested,rate_window=in_hold_excl_drain_reload_tail,post_2024,36833097110,1,110274106894,11149225031,false
windows-2025 py3.14,success,harvested,rate_window=in_hold_excl_drain_reload_tail,post_2024,36833097110,1,110274106809,11148922562,false
ubuntu-latest py3.14,success,harvested,rate_window=in_hold_excl_drain_reload_tail,post_2024,36832963841,1,110273655368,11148985309,false
windows-2022 py3.14,success,harvested,rate_window=in_hold_excl_drain_reload_tail,post_2024,36832963841,1,110273655282,11148755971,false
windows-2025 py3.14,success,harvested,rate_window=in_hold_excl_drain_reload_tail,post_2024,36832963841,1,110273655386,11148726342,false
ubuntu-latest py3.14,success,harvested,rate_window=in_hold_excl_drain_reload_tail,post_2024,36832842671,1,110273458220,11147953737,false
windows-2022 py3.14,success,harvested,rate_window=in_hold_excl_drain_reload_tail,post_2024,36832842671,1,110273458184,11148602086,false
windows-2025 py3.14,failure,harvested,rate_window=in_hold_excl_drain_reload_tail,post_2024,36832842671,1,110273458141,11148239817,false
windows-2025 py3.14,success,harvested,rate_window=in_hold_excl_drain_reload_tail,post_2024,36832842671,2,110283289362,11149214339,false
ubuntu-latest py3.14,failure,excluded,"no artifact, job or Tests (pytest) step skipped",,36832387947,1,110271835130,,
windows-2022 py3.14,success,harvested,rate_window=in_hold_excl_drain_reload_tail,post_2024,36832387947,1,110271835223,11147964404,false
windows-2025 py3.14,cancelled,unknown_adverse,no artifact,,36832387947,1,110271835283,,
ubuntu-latest py3.14,failure,excluded,"no artifact, job or Tests (pytest) step skipped",,36826480887,1,110253268495,,
windows-2022 py3.14,success,harvested,rate_window=in_hold_excl_drain_reload_tail,post_2024,36826480887,1,110253268510,11145524633,false
windows-2025 py3.14,success,harvested,rate_window=in_hold_excl_drain_reload_tail,post_2024,36826480887,1,110253268483,11145609048,false
ubuntu-latest py3.14,success,harvested,rate_window=in_hold_excl_drain_reload_tail,post_2024,36825914591,1,110251534216,11145448363,false
windows-2022 py3.14,success,harvested,rate_window=in_hold_excl_drain_reload_tail,post_2024,36825914591,1,110251534263,11145488733,false
windows-2025 py3.14,success,harvested,rate_window=in_hold_excl_drain_reload_tail,post_2024,36825914591,1,110251534433,11145658459,false
ubuntu-latest py3.14,success,harvested,rate_window=in_hold_excl_drain_reload_tail,post_2024,36823910323,1,110245303108,11145167646,false
windows-2022 py3.14,success,harvested,rate_window=in_hold_excl_drain_reload_tail,post_2024,36823910323,1,110245303081,11144786811,false
windows-2025 py3.14,success,harvested,rate_window=in_hold_excl_drain_reload_tail,post_2024,36823910323,1,110245303215,11145341881,false
ubuntu-latest py3.14,success,harvested,rate_window=in_hold_excl_drain_reload_tail,post_2024,36823908900,1,110245290829,11144698419,false
windows-2022 py3.14,success,harvested,rate_window=in_hold_excl_drain_reload_tail,post_2024,36823908900,1,110245290946,11145153219,false
windows-2025 py3.14,success,harvested,rate_window=in_hold_excl_drain_reload_tail,post_2024,36823908900,1,110245290820,11144264578,false
ubuntu-latest py3.14,success,harvested,rate_window=in_hold_excl_drain_reload_tail,post_2024,36823837872,1,110245082248,11144693512,false
windows-2022 py3.14,success,harvested,rate_window=in_hold_excl_drain_reload_tail,post_2024,36823837872,1,110245082237,11145445145,false
windows-2025 py3.14,success,harvested,rate_window=in_hold_excl_drain_reload_tail,post_2024,36823837872,1,110245082130,11144484571,false
ubuntu-latest py3.14,failure,excluded,"no artifact, job or Tests (pytest) step skipped",,36823270696,1,110243336554,,
windows-2022 py3.14,success,harvested,rate_window=in_hold_excl_drain_reload_tail,post_2024,36823270696,1,110243336383,11144263552,false
windows-2025 py3.14,success,harvested,rate_window=in_hold_excl_drain_reload_tail,post_2024,36823270696,1,110243336386,11144947284,false
ubuntu-latest py3.14,failure,excluded,"no artifact, job or Tests (pytest) step skipped",,36822096585,1,110239741984,,
windows-2022 py3.14,success,harvested,rate_window=in_hold_excl_drain_reload_tail,post_2024,36822096585,1,110239741952,11144186404,false
windows-2025 py3.14,success,harvested,rate_window=in_hold_excl_drain_reload_tail,post_2024,36822096585,1,110239741964,11144172022,false
ubuntu-latest py3.14,success,harvested,rate_window=in_hold_excl_drain_reload_tail,post_2024,36822095137,1,110239756369,11143904681,false
windows-2022 py3.14,success,harvested,rate_window=in_hold_excl_drain_reload_tail,post_2024,36822095137,1,110239756480,11144217008,false
windows-2025 py3.14,success,harvested,rate_window=in_hold_excl_drain_reload_tail,post_2024,36822095137,1,110239756479,11144690745,false
ubuntu-latest py3.14,success,harvested,rate_window=in_hold_excl_drain_reload_tail,post_2024,36821896480,1,110239134022,11143533662,false
windows-2022 py3.14,success,harvested,rate_window=in_hold_excl_drain_reload_tail,post_2024,36821896480,1,110239133959,11143224914,false
windows-2025 py3.14,success,harvested,rate_window=in_hold_excl_drain_reload_tail,post_2024,36821896480,1,110239133883,11143094826,false
ubuntu-latest py3.14,success,harvested,rate_window=in_hold_excl_drain_reload_tail,post_2024,36821085590,1,110236671374,11143387458,false
windows-2022 py3.14,success,harvested,rate_window=in_hold_excl_drain_reload_tail,post_2024,36821085590,1,110236671458,11143524717,false
windows-2025 py3.14,success,harvested,rate_window=in_hold_excl_drain_reload_tail,post_2024,36821085590,1,110236671400,11144073104,false
ubuntu-latest py3.14,failure,harvested,rate_window=in_hold_excl_drain_reload_tail,post_2024,36821053335,1,110236563995,11143638924,false
windows-2022 py3.14,success,harvested,rate_window=in_hold_excl_drain_reload_tail,post_2024,36821053335,1,110236563957,11143158384,false
windows-2025 py3.14,success,harvested,rate_window=in_hold_excl_drain_reload_tail,post_2024,36821053335,1,110236563943,11143153554,false
ubuntu-latest py3.14,success,harvested,rate_window=in_hold_excl_drain_reload_tail,post_2024,36820783889,1,110235755230,11143194131,false
windows-2022 py3.14,success,harvested,rate_window=in_hold_excl_drain_reload_tail,post_2024,36820783889,1,110235755090,11144037490,false
windows-2025 py3.14,success,harvested,rate_window=in_hold_excl_drain_reload_tail,post_2024,36820783889,1,110235755198,11143028394,false
ubuntu-latest py3.14,success,harvested,rate_window=in_hold_excl_drain_reload_tail,post_2024,36820355273,1,110234466408,11143137307,false
windows-2022 py3.14,success,harvested,rate_window=in_hold_excl_drain_reload_tail,post_2024,36820355273,1,110234466480,11143503544,false
windows-2025 py3.14,success,harvested,rate_window=in_hold_excl_drain_reload_tail,post_2024,36820355273,1,110234466440,11143693144,false
ubuntu-latest py3.14,success,harvested,rate_window=in_hold_excl_drain_reload_tail,post_2024,36819755343,1,110232632679,11143896209,false
windows-2022 py3.14,success,harvested,rate_window=in_hold_excl_drain_reload_tail,post_2024,36819755343,1,110232632724,11143946201,false
windows-2025 py3.14,success,harvested,rate_window=in_hold_excl_drain_reload_tail,post_2024,36819755343,1,110232632630,11143547307,false
ubuntu-latest py3.14,success,harvested,rate_window=in_hold_excl_drain_reload_tail,post_2024,36819754350,1,110232636891,11143880955,false
windows-2022 py3.14,success,harvested,rate_window=in_hold_excl_drain_reload_tail,post_2024,36819754350,1,110232636919,11143676266,false
windows-2025 py3.14,success,harvested,rate_window=in_hold_excl_drain_reload_tail,post_2024,36819754350,1,110232636900,11144090244,false
ubuntu-latest py3.14,failure,excluded,"no artifact, job or Tests (pytest) step skipped",,36819696089,1,110232449051,,
windows-2022 py3.14,success,harvested,rate_window=in_hold_excl_drain_reload_tail,post_2024,36819696089,1,110232449089,11142909944,false
windows-2025 py3.14,success,harvested,rate_window=in_hold_excl_drain_reload_tail,post_2024,36819696089,1,110232449055,11143702029,false
ubuntu-latest py3.14,failure,excluded,"no artifact, job or Tests (pytest) step skipped",,36819562275,1,110232041081,,
windows-2022 py3.14,success,harvested,rate_window=in_hold_excl_drain_reload_tail,post_2024,36819562275,1,110232041030,11143366503,false
windows-2025 py3.14,success,harvested,rate_window=in_hold_excl_drain_reload_tail,post_2024,36819562275,1,110232041016,11143036911,false
ubuntu-latest py3.14,success,harvested,rate_window=in_hold_excl_drain_reload_tail,post_2024,36819526009,1,110231931462,11143990032,false
windows-2022 py3.14,success,harvested,rate_window=in_hold_excl_drain_reload_tail,post_2024,36819526009,1,110231931595,11143376341,false
windows-2025 py3.14,success,harvested,rate_window=in_hold_excl_drain_reload_tail,post_2024,36819526009,1,110231931510,11144040314,false
ubuntu-latest py3.14,success,harvested,rate_window=in_hold_excl_drain_reload_tail,post_2024,36819513004,1,110231896339,11143280974,false
windows-2022 py3.14,success,harvested,rate_window=in_hold_excl_drain_reload_tail,post_2024,36819513004,1,110231896390,11143846276,false
windows-2025 py3.14,success,harvested,rate_window=in_hold_excl_drain_reload_tail,post_2024,36819513004,1,110231896343,11143656980,false
ubuntu-latest py3.14,success,harvested,rate_window=in_hold_excl_drain_reload_tail,post_2024,36819196663,1,110230930716,11143780394,false
windows-2022 py3.14,success,harvested,rate_window=in_hold_excl_drain_reload_tail,post_2024,36819196663,1,110230930707,11143052358,false
windows-2025 py3.14,success,harvested,rate_window=in_hold_excl_drain_reload_tail,post_2024,36819196663,1,110230930775,11143466006,false
ubuntu-latest py3.14,success,harvested,rate_window=in_hold_excl_drain_reload_tail,post_2024,36819190439,1,110230910274,11142194782,false
windows-2022 py3.14,success,harvested,rate_window=in_hold_excl_drain_reload_tail,post_2024,36819190439,1,110230910184,11143176891,false
windows-2025 py3.14,success,harvested,rate_window=in_hold_excl_drain_reload_tail,post_2024,36819190439,1,110230910251,11143490802,false
ubuntu-latest py3.14,failure,harvested,rate_window=in_hold_excl_drain_reload_tail,post_2024,36818131952,1,110227760491,11142383517,false
windows-2022 py3.14,failure,harvested,rate_window=in_hold_excl_drain_reload_tail,post_2024,36818131952,1,110227760554,11142827452,false
windows-2025 py3.14,failure,harvested,rate_window=in_hold_excl_drain_reload_tail,post_2024,36818131952,1,110227760560,11143245148,false
ubuntu-latest py3.14,success,harvested,rate_window=in_hold_excl_drain_reload_tail,post_2024,36818025726,1,110227318643,11141799400,false
windows-2022 py3.14,success,harvested,rate_window=in_hold_excl_drain_reload_tail,post_2024,36818025726,1,110227318405,11142872333,false
windows-2025 py3.14,success,harvested,rate_window=in_hold_excl_drain_reload_tail,post_2024,36818025726,1,110227318687,11142733352,false
ubuntu-latest py3.14,success,harvested,rate_window=in_hold_excl_drain_reload_tail,post_2024,36817758769,1,110226501568,11142582651,false
windows-2022 py3.14,success,harvested,rate_window=in_hold_excl_drain_reload_tail,post_2024,36817758769,1,110226501675,11142328989,false
windows-2025 py3.14,success,harvested,rate_window=in_hold_excl_drain_reload_tail,post_2024,36817758769,1,110226501576,11142698058,false
ubuntu-latest py3.14,success,harvested,rate_window=in_hold_excl_drain_reload_tail,post_2024,36817173442,1,110224822191,11142746038,false
windows-2022 py3.14,success,harvested,rate_window=in_hold_excl_drain_reload_tail,post_2024,36817173442,1,110224822277,11142268232,false
windows-2025 py3.14,success,harvested,rate_window=in_hold_excl_drain_reload_tail,post_2024,36817173442,1,110224822268,11142492492,false
ubuntu-latest py3.14,success,harvested,rate_window=in_hold_excl_drain_reload_tail,post_2024,36817054006,1,110224364505,11142302078,false
windows-2022 py3.14,success,harvested,rate_window=in_hold_excl_drain_reload_tail,post_2024,36817054006,1,110224364514,11142397499,false
windows-2025 py3.14,success,harvested,rate_window=in_hold_excl_drain_reload_tail,post_2024,36817054006,1,110224364463,11142108241,false
ubuntu-latest py3.14,failure,harvested,rate_window=in_hold_excl_drain_reload_tail,post_2024,36816724625,1,110223436618,11142595594,false
windows-2022 py3.14,cancelled,harvested,rate_window=in_hold_excl_drain_reload_tail,post_2024,36816724625,1,110223436704,11142850002,false
windows-2025 py3.14,cancelled,unknown_adverse,no artifact,,36816724625,1,110223436685,,
ubuntu-latest py3.14,cancelled,excluded,"no artifact, job or Tests (pytest) step skipped",,36816659640,1,110223239644,,
windows-2022 py3.14,cancelled,excluded,"no artifact, job or Tests (pytest) step skipped",,36816659640,1,110223239544,,
windows-2025 py3.14,cancelled,excluded,"no artifact, job or Tests (pytest) step skipped",,36816659640,1,110223239630,,
ubuntu-latest py3.14,cancelled,unknown_adverse,no artifact,,36816515877,1,110222715383,,
windows-2022 py3.14,cancelled,unknown_adverse,no artifact,,36816515877,1,110222715382,,
windows-2025 py3.14,cancelled,unknown_adverse,no artifact,,36816515877,1,110222715434,,
ubuntu-latest py3.14,failure,harvested,rate_window=in_hold_excl_drain_reload_tail,post_2024,36816195331,1,110221725708,11141918008,false
windows-2022 py3.14,failure,harvested,rate_window=in_hold_excl_drain_reload_tail,post_2024,36816195331,1,110221725754,11142555558,false
windows-2025 py3.14,failure,harvested,rate_window=in_hold_excl_drain_reload_tail,post_2024,36816195331,1,110221725835,11142690104,false
ubuntu-latest py3.14,cancelled,unknown_adverse,no artifact,,36816059581,1,110221396823,,
windows-2022 py3.14,cancelled,unknown_adverse,no artifact,,36816059581,1,110221396824,,
windows-2025 py3.14,cancelled,unknown_adverse,no artifact,,36816059581,1,110221396882,,
ubuntu-latest py3.14,cancelled,excluded,"no artifact, job or Tests (pytest) step skipped",,36815962684,1,110221109157,,
windows-2022 py3.14,cancelled,excluded,"no artifact, job or Tests (pytest) step skipped",,36815962684,1,110221109294,,
windows-2025 py3.14,cancelled,excluded,"no artifact, job or Tests (pytest) step skipped",,36815962684,1,110221109338,,
ubuntu-latest py3.14,success,harvested,rate_window=in_hold_excl_drain_reload_tail,post_2024,36815625721,1,110219978851,11141403895,false
windows-2022 py3.14,success,harvested,rate_window=in_hold_excl_drain_reload_tail,post_2024,36815625721,1,110219978924,11141618366,false
windows-2025 py3.14,success,harvested,rate_window=in_hold_excl_drain_reload_tail,post_2024,36815625721,1,110219979024,11141539038,false
ubuntu-latest py3.14,cancelled,unknown_adverse,no artifact,,36815269162,1,110219009751,,
windows-2022 py3.14,cancelled,unknown_adverse,no artifact,,36815269162,1,110219009626,,
windows-2025 py3.14,cancelled,unknown_adverse,no artifact,,36815269162,1,110219009711,,
ubuntu-latest py3.14,success,harvested,rate_window=in_hold_excl_drain_reload_tail,post_2024,36815209665,1,110218731383,11141477553,false
windows-2022 py3.14,success,harvested,rate_window=in_hold_excl_drain_reload_tail,post_2024,36815209665,1,110218731342,11142175620,false
windows-2025 py3.14,success,harvested,rate_window=in_hold_excl_drain_reload_tail,post_2024,36815209665,1,110218731325,11141369093,false
ubuntu-latest py3.14,cancelled,unknown_adverse,no artifact,,36815079221,1,110218344545,,
windows-2022 py3.14,cancelled,unknown_adverse,no artifact,,36815079221,1,110218344437,,
windows-2025 py3.14,cancelled,unknown_adverse,no artifact,,36815079221,1,110218344520,,
ubuntu-latest py3.14,success,harvested,rate_window=in_hold_excl_drain_reload_tail,post_2024,36814427335,1,110216350354,11140419724,false
windows-2022 py3.14,success,harvested,rate_window=in_hold_excl_drain_reload_tail,post_2024,36814427335,1,110216350270,11141611249,false
windows-2025 py3.14,success,harvested,rate_window=in_hold_excl_drain_reload_tail,post_2024,36814427335,1,110216350272,11141108211,false
ubuntu-latest py3.14,success,harvested,rate_window=in_hold_excl_drain_reload_tail,post_2024,36814410956,1,110216312308,11141416783,false
windows-2022 py3.14,failure,harvested,rate_window=in_hold_excl_drain_reload_tail,post_2024,36814410956,1,110216312322,11141545871,false
windows-2025 py3.14,success,harvested,rate_window=in_hold_excl_drain_reload_tail,post_2024,36814410956,1,110216312339,11141591619,false
ubuntu-latest py3.14,success,harvested,rate_window=in_hold_excl_drain_reload_tail,post_2024,36814056104,1,110215214439,11141121900,false
windows-2022 py3.14,success,harvested,rate_window=in_hold_excl_drain_reload_tail,post_2024,36814056104,1,110215214407,11141072572,false
windows-2025 py3.14,success,harvested,rate_window=in_hold_excl_drain_reload_tail,post_2024,36814056104,1,110215214399,11140329477,false
ubuntu-latest py3.14,success,harvested,rate_window=in_hold_excl_drain_reload_tail,post_2024,36812276745,1,110209789379,11140567824,false
windows-2022 py3.14,success,harvested,rate_window=in_hold_excl_drain_reload_tail,post_2024,36812276745,1,110209789319,11139898738,false
windows-2025 py3.14,success,harvested,rate_window=in_hold_excl_drain_reload_tail,post_2024,36812276745,1,110209789287,11140762181,false
ubuntu-latest py3.14,success,harvested,rate_window=in_hold_excl_drain_reload_tail,post_2024,36812205154,1,110209559441,11140681684,false
windows-2022 py3.14,success,harvested,rate_window=in_hold_excl_drain_reload_tail,post_2024,36812205154,1,110209559507,11140492040,false
windows-2025 py3.14,success,harvested,rate_window=in_hold_excl_drain_reload_tail,post_2024,36812205154,1,110209559449,11140353536,false
ubuntu-latest py3.14,success,harvested,rate_window=in_hold_excl_drain_reload_tail,post_2024,36812185137,1,110209512505,11140511728,false
windows-2022 py3.14,success,harvested,rate_window=in_hold_excl_drain_reload_tail,post_2024,36812185137,1,110209512561,11140872274,false
windows-2025 py3.14,success,harvested,rate_window=in_hold_excl_drain_reload_tail,post_2024,36812185137,1,110209512535,11140817648,false
ubuntu-latest py3.14,success,harvested,rate_window=in_hold_excl_drain_reload_tail,post_2024,36811996798,1,110208920212,11140891396,false
windows-2022 py3.14,success,harvested,rate_window=in_hold_excl_drain_reload_tail,post_2024,36811996798,1,110208920185,11140507939,false
windows-2025 py3.14,success,harvested,rate_window=in_hold_excl_drain_reload_tail,post_2024,36811996798,1,110208920133,11140163464,false
ubuntu-latest py3.14,success,harvested,rate_window=in_hold_excl_drain_reload_tail,post_2024,36811503450,1,110207406450,11139962333,false
windows-2022 py3.14,success,harvested,rate_window=in_hold_excl_drain_reload_tail,post_2024,36811503450,1,110207406513,11140706047,false
windows-2025 py3.14,success,harvested,rate_window=in_hold_excl_drain_reload_tail,post_2024,36811503450,1,110207406484,11140023005,false
ubuntu-latest py3.14,success,harvested,rate_window=in_hold_excl_drain_reload_tail,post_2024,36810965954,1,110205759215,11139776713,false
windows-2022 py3.14,success,harvested,rate_window=in_hold_excl_drain_reload_tail,post_2024,36810965954,1,110205759225,11139872232,false
windows-2025 py3.14,success,harvested,rate_window=in_hold_excl_drain_reload_tail,post_2024,36810965954,1,110205759204,11139759680,false
ubuntu-latest py3.14,success,harvested,rate_window=in_hold_excl_drain_reload_tail,post_2024,36810673599,1,110204876803,11139589432,false
windows-2022 py3.14,success,harvested,rate_window=in_hold_excl_drain_reload_tail,post_2024,36810673599,1,110204876778,11140276040,false
windows-2025 py3.14,success,harvested,rate_window=in_hold_excl_drain_reload_tail,post_2024,36810673599,1,110204876799,11139996376,false
ubuntu-latest py3.14,success,harvested,rate_window=in_hold_excl_drain_reload_tail,post_2024,36810400528,1,110204052704,11139509625,false
windows-2022 py3.14,success,harvested,rate_window=in_hold_excl_drain_reload_tail,post_2024,36810400528,1,110204052591,11140040722,false
windows-2025 py3.14,success,harvested,rate_window=in_hold_excl_drain_reload_tail,post_2024,36810400528,1,110204052599,11140310355,false
ubuntu-latest py3.14,success,harvested,rate_window=in_hold_excl_drain_reload_tail,post_2024,36810368506,1,110203953639,11139484818,false
windows-2022 py3.14,success,harvested,rate_window=in_hold_excl_drain_reload_tail,post_2024,36810368506,1,110203953619,11140030768,false
windows-2025 py3.14,success,harvested,rate_window=in_hold_excl_drain_reload_tail,post_2024,36810368506,1,110203953551,11140505240,false
ubuntu-latest py3.14,success,harvested,rate_window=in_hold_excl_drain_reload_tail,post_2024,36809888657,1,110202426649,11139444159,false
windows-2022 py3.14,success,harvested,rate_window=in_hold_excl_drain_reload_tail,post_2024,36809888657,1,110202426752,11139389574,false
windows-2025 py3.14,success,harvested,rate_window=in_hold_excl_drain_reload_tail,post_2024,36809888657,1,110202426682,11139444646,false
ubuntu-latest py3.14,success,harvested,rate_window=in_hold_excl_drain_reload_tail,post_2024,36809745481,1,110201987154,11139677763,false
windows-2022 py3.14,success,harvested,rate_window=in_hold_excl_drain_reload_tail,post_2024,36809745481,1,110201987155,11138863699,false
windows-2025 py3.14,success,harvested,rate_window=in_hold_excl_drain_reload_tail,post_2024,36809745481,1,110201987173,11139880126,false
ubuntu-latest py3.14,success,harvested,rate_window=in_hold_excl_drain_reload_tail,post_2024,36809622585,1,110201725232,11139034918,false
windows-2022 py3.14,success,harvested,rate_window=in_hold_excl_drain_reload_tail,post_2024,36809622585,1,110201725184,11138634226,false
windows-2025 py3.14,success,harvested,rate_window=in_hold_excl_drain_reload_tail,post_2024,36809622585,1,110201725213,11138599444,false
ubuntu-latest py3.14,success,harvested,rate_window=in_hold_excl_drain_reload_tail,post_2024,36809295521,1,110200599306,11139007508,false
windows-2022 py3.14,success,harvested,rate_window=in_hold_excl_drain_reload_tail,post_2024,36809295521,1,110200599227,11139483368,false
windows-2025 py3.14,success,harvested,rate_window=in_hold_excl_drain_reload_tail,post_2024,36809295521,1,110200599240,11138913505,false
ubuntu-latest py3.14,failure,harvested,rate_window=in_hold_excl_drain_reload_tail,post_2024,36808645494,1,110198595752,11138677501,false
windows-2022 py3.14,success,harvested,rate_window=in_hold_excl_drain_reload_tail,post_2024,36808645494,1,110198595740,11139442474,false
windows-2025 py3.14,success,harvested,rate_window=in_hold_excl_drain_reload_tail,post_2024,36808645494,1,110198595697,11139496957,false
ubuntu-latest py3.14,success,harvested,rate_window=in_hold_excl_drain_reload_tail,post_2024,36808067916,1,110196839447,11139435791,false
windows-2022 py3.14,success,harvested,rate_window=in_hold_excl_drain_reload_tail,post_2024,36808067916,1,110196839387,11139630298,false
windows-2025 py3.14,success,harvested,rate_window=in_hold_excl_drain_reload_tail,post_2024,36808067916,1,110196839400,11139725243,false
ubuntu-latest py3.14,success,harvested,rate_window=in_hold_excl_drain_reload_tail,post_2024,36807839571,1,110196123622,11139076556,false
windows-2022 py3.14,success,harvested,rate_window=in_hold_excl_drain_reload_tail,post_2024,36807839571,1,110196123758,11139022127,false
windows-2025 py3.14,success,harvested,rate_window=in_hold_excl_drain_reload_tail,post_2024,36807839571,1,110196123729,11138921618,false
ubuntu-latest py3.14,success,harvested,rate_window=in_hold_excl_drain_reload_tail,post_2024,36807653681,1,110195559035,11138631254,false
windows-2022 py3.14,success,harvested,rate_window=in_hold_excl_drain_reload_tail,post_2024,36807653681,1,110195559155,11138781101,false
windows-2025 py3.14,success,harvested,rate_window=in_hold_excl_drain_reload_tail,post_2024,36807653681,1,110195559170,11139196428,false
ubuntu-latest py3.14,success,harvested,rate_window=in_hold_excl_drain_reload_tail,post_2024,36807305019,1,110194479400,11138522949,false
windows-2022 py3.14,success,harvested,rate_window=in_hold_excl_drain_reload_tail,post_2024,36807305019,1,110194479396,11138981319,false
windows-2025 py3.14,success,harvested,rate_window=in_hold_excl_drain_reload_tail,post_2024,36807305019,1,110194479307,11138299936,false
ubuntu-latest py3.14,failure,harvested,rate_window=in_hold_excl_drain_reload_tail,post_2024,36807301832,1,110194456162,11137809698,false
windows-2022 py3.14,failure,harvested,rate_window=in_hold_excl_drain_reload_tail,post_2024,36807301832,1,110194456143,11139215654,false
windows-2025 py3.14,failure,harvested,rate_window=in_hold_excl_drain_reload_tail,post_2024,36807301832,1,110194456185,11139405403,false
ubuntu-latest py3.14,failure,harvested,rate_window=in_hold_excl_drain_reload_tail,post_2024,36807277775,1,110194388529,11138655729,false
windows-2022 py3.14,failure,harvested,rate_window=in_hold_excl_drain_reload_tail,post_2024,36807277775,1,110194388606,11139390067,false
windows-2025 py3.14,failure,harvested,rate_window=in_hold_excl_drain_reload_tail,post_2024,36807277775,1,110194388567,11138815560,false
ubuntu-latest py3.14,success,harvested,rate_window=in_hold_excl_drain_reload_tail,post_2024,36803760692,1,110183610780,11136853613,false
windows-2022 py3.14,success,harvested,rate_window=in_hold_excl_drain_reload_tail,post_2024,36803760692,1,110183610772,11137126746,false
windows-2025 py3.14,success,harvested,rate_window=in_hold_excl_drain_reload_tail,post_2024,36803760692,1,110183610809,11137028548,false
ubuntu-latest py3.14,success,harvested,rate_window=in_hold_excl_drain_reload_tail,post_2024,36802065235,1,110178423183,11136073543,false
windows-2022 py3.14,success,harvested,rate_window=in_hold_excl_drain_reload_tail,post_2024,36802065235,1,110178423303,11136925792,false
windows-2025 py3.14,success,harvested,rate_window=in_hold_excl_drain_reload_tail,post_2024,36802065235,1,110178423359,11135454836,false
ubuntu-latest py3.14,success,harvested,rate_window=in_hold_excl_drain_reload_tail,post_2024,36799475493,1,110170409501,11135890540,false
windows-2022 py3.14,success,harvested,rate_window=in_hold_excl_drain_reload_tail,post_2024,36799475493,1,110170409552,11135314401,false
windows-2025 py3.14,success,harvested,rate_window=in_hold_excl_drain_reload_tail,post_2024,36799475493,1,110170409564,11136410492,false
ubuntu-latest py3.14,success,harvested,rate_window=in_hold_excl_drain_reload_tail,post_2024,36799160872,1,110169461031,11136130210,false
windows-2022 py3.14,success,harvested,rate_window=in_hold_excl_drain_reload_tail,post_2024,36799160872,1,110169461008,11135401952,false
windows-2025 py3.14,success,harvested,rate_window=in_hold_excl_drain_reload_tail,post_2024,36799160872,1,110169461130,11136190721,false
ubuntu-latest py3.14,failure,harvested,rate_window=in_hold_excl_drain_reload_tail,post_2024,36798723482,1,110168077610,11134804254,false
windows-2022 py3.14,failure,harvested,rate_window=in_hold_excl_drain_reload_tail,post_2024,36798723482,1,110168077500,11134979650,false
windows-2025 py3.14,failure,harvested,rate_window=in_hold_excl_drain_reload_tail,post_2024,36798723482,1,110168077439,11136130309,false
ubuntu-latest py3.14,success,harvested,rate_window=in_hold_excl_drain_reload_tail,post_2024,36797968804,1,110165755038,11134343692,false
windows-2022 py3.14,success,harvested,rate_window=in_hold_excl_drain_reload_tail,post_2024,36797968804,1,110165755055,11134744132,false
windows-2025 py3.14,success,harvested,rate_window=in_hold_excl_drain_reload_tail,post_2024,36797968804,1,110165755057,11134729713,false
ubuntu-latest py3.14,success,harvested,rate_window=in_hold_excl_drain_reload_tail,post_2024,36797811247,1,110165237215,11135330610,false
windows-2022 py3.14,success,harvested,rate_window=in_hold_excl_drain_reload_tail,post_2024,36797811247,1,110165237261,11134988268,false
windows-2025 py3.14,success,harvested,rate_window=in_hold_excl_drain_reload_tail,post_2024,36797811247,1,110165237229,11134838605,false
ubuntu-latest py3.14,success,harvested,rate_window=in_hold_excl_drain_reload_tail,post_2024,36797223259,1,110163384738,11134447598,false
windows-2022 py3.14,success,harvested,rate_window=in_hold_excl_drain_reload_tail,post_2024,36797223259,1,110163384729,11134922256,false
windows-2025 py3.14,success,harvested,rate_window=in_hold_excl_drain_reload_tail,post_2024,36797223259,1,110163384687,11134827898,false
ubuntu-latest py3.14,success,harvested,rate_window=in_hold_excl_drain_reload_tail,post_2024,36797198863,1,110163308197,11134139963,false
windows-2022 py3.14,success,harvested,rate_window=in_hold_excl_drain_reload_tail,post_2024,36797198863,1,110163308251,11135096687,false
windows-2025 py3.14,success,harvested,rate_window=in_hold_excl_drain_reload_tail,post_2024,36797198863,1,110163308259,11134738104,false
ubuntu-latest py3.14,success,harvested,rate_window=in_hold_excl_drain_reload_tail,post_2024,36797174915,1,110163233679,11134327677,false
windows-2022 py3.14,success,harvested,rate_window=in_hold_excl_drain_reload_tail,post_2024,36797174915,1,110163233664,11135046934,false
windows-2025 py3.14,success,harvested,rate_window=in_hold_excl_drain_reload_tail,post_2024,36797174915,1,110163233626,11134562987,false
ubuntu-latest py3.14,success,harvested,rate_window=in_hold_excl_drain,post_1420,36797092863,1,110162964004,11135011269,
windows-2022 py3.14,success,harvested,rate_window=in_hold_excl_drain,post_1420,36797092863,1,110162964040,11134802091,
windows-2025 py3.14,success,harvested,rate_window=in_hold_excl_drain,post_1420,36797092863,1,110162964119,11135155692,
ubuntu-latest py3.14,success,harvested,rate_window=in_hold_excl_drain,post_1420,36796386077,1,110160737270,11134326862,
windows-2022 py3.14,success,harvested,rate_window=in_hold_excl_drain,post_1420,36796386077,1,110160737255,11134366554,
windows-2025 py3.14,success,harvested,rate_window=in_hold_excl_drain,post_1420,36796386077,1,110160737276,11134761600,
ubuntu-latest py3.14,success,harvested,rate_window=in_hold_excl_drain_reload_tail,post_2024,36796207742,1,110160200657,11134611001,false
windows-2022 py3.14,success,harvested,rate_window=in_hold_excl_drain_reload_tail,post_2024,36796207742,1,110160200652,11134731156,false
windows-2025 py3.14,success,harvested,rate_window=in_hold_excl_drain_reload_tail,post_2024,36796207742,1,110160200595,11134104140,false
ubuntu-latest py3.14,failure,harvested,rate_window=in_hold_excl_drain,post_1420,36796198714,1,110160155204,11133804724,
windows-2022 py3.14,failure,harvested,rate_window=in_hold_excl_drain,post_1420,36796198714,1,110160155250,11134875533,
windows-2025 py3.14,failure,harvested,rate_window=in_hold_excl_drain,post_1420,36796198714,1,110160155211,11134227112,
ubuntu-latest py3.14,success,harvested,rate_window=in_hold_excl_drain_reload_tail,post_2024,36796138546,1,110159983939,11134391205,false
windows-2022 py3.14,success,harvested,rate_window=in_hold_excl_drain_reload_tail,post_2024,36796138546,1,110159984026,11135005094,false
windows-2025 py3.14,success,harvested,rate_window=in_hold_excl_drain_reload_tail,post_2024,36796138546,1,110159983945,11133999560,false
ubuntu-latest py3.14,success,harvested,rate_window=in_hold_excl_drain_reload_tail,post_2024,36795406643,1,110157701967,11133987320,false
windows-2022 py3.14,success,harvested,rate_window=in_hold_excl_drain_reload_tail,post_2024,36795406643,1,110157701982,11133962758,false
windows-2025 py3.14,success,harvested,rate_window=in_hold_excl_drain_reload_tail,post_2024,36795406643,1,110157702089,11133873905,false
ubuntu-latest py3.14,success,harvested,rate_window=in_hold_excl_drain_reload_tail,post_2024,36795404710,1,110157652517,11133863111,false
windows-2022 py3.14,success,harvested,rate_window=in_hold_excl_drain_reload_tail,post_2024,36795404710,1,110157652514,11134022738,false
windows-2025 py3.14,success,harvested,rate_window=in_hold_excl_drain_reload_tail,post_2024,36795404710,1,110157652589,11133674229,false
ubuntu-latest py3.14,success,harvested,rate_window=in_hold_excl_drain_reload_tail,post_2024,36795405323,1,110157652377,11133837536,false
windows-2022 py3.14,success,harvested,rate_window=in_hold_excl_drain_reload_tail,post_2024,36795405323,1,110157652398,11133644367,false
windows-2025 py3.14,success,harvested,rate_window=in_hold_excl_drain_reload_tail,post_2024,36795405323,1,110157652355,11134470691,false
ubuntu-latest py3.14,success,harvested,rate_window=in_hold_excl_drain_reload_tail,post_2024,36795402875,1,110157635987,11134126524,false
windows-2022 py3.14,success,harvested,rate_window=in_hold_excl_drain_reload_tail,post_2024,36795402875,1,110157636056,11134142431,false
windows-2025 py3.14,success,harvested,rate_window=in_hold_excl_drain_reload_tail,post_2024,36795402875,1,110157635974,11133599685,false
ubuntu-latest py3.14,success,harvested,rate_window=in_hold_excl_drain_reload_tail,post_2024,36795401527,1,110157623005,11134200222,false
windows-2022 py3.14,success,harvested,rate_window=in_hold_excl_drain_reload_tail,post_2024,36795401527,1,110157623114,11134206065,false
windows-2025 py3.14,success,harvested,rate_window=in_hold_excl_drain_reload_tail,post_2024,36795401527,1,110157623052,11134665331,false
ubuntu-latest py3.14,success,harvested,rate_window=in_hold_excl_drain,post_1420,36795399844,1,110157635562,11134087244,
windows-2022 py3.14,success,harvested,rate_window=in_hold_excl_drain,post_1420,36795399844,1,110157635576,11133997945,
windows-2025 py3.14,success,harvested,rate_window=in_hold_excl_drain,post_1420,36795399844,1,110157635492,11133923286,
ubuntu-latest py3.14,failure,harvested,rate_window=in_hold_excl_drain_reload_tail,post_2024,36795359875,1,110157506832,11134325310,false
windows-2022 py3.14,failure,harvested,rate_window=in_hold_excl_drain_reload_tail,post_2024,36795359875,1,110157506845,11134325733,false
windows-2025 py3.14,failure,harvested,rate_window=in_hold_excl_drain_reload_tail,post_2024,36795359875,1,110157506749,11134042670,false
ubuntu-latest py3.14,failure,harvested,rate_window=in_hold_excl_drain_reload_tail,post_2024,36795303203,1,110157324994,11133503842,false
windows-2022 py3.14,failure,harvested,rate_window=in_hold_excl_drain_reload_tail,post_2024,36795303203,1,110157325019,11134470386,false
windows-2025 py3.14,failure,harvested,rate_window=in_hold_excl_drain_reload_tail,post_2024,36795303203,1,110157324938,11134087778,false
ubuntu-latest py3.14,success,harvested,rate_window=in_hold_excl_drain,post_1420,36795180284,1,110156944133,11134131495,
windows-2022 py3.14,success,harvested,rate_window=in_hold_excl_drain,post_1420,36795180284,1,110156944090,11133584093,
windows-2025 py3.14,success,harvested,rate_window=in_hold_excl_drain,post_1420,36795180284,1,110156944061,11134157095,
ubuntu-latest py3.14,failure,harvested,rate_window=in_hold_excl_drain_reload_tail,post_2024,36795120085,1,110156757616,11133623179,false
windows-2022 py3.14,failure,harvested,rate_window=in_hold_excl_drain_reload_tail,post_2024,36795120085,1,110156757574,11133269756,false
windows-2025 py3.14,failure,harvested,rate_window=in_hold_excl_drain_reload_tail,post_2024,36795120085,1,110156757571,11133548787,false
ubuntu-latest py3.14,failure,harvested,rate_window=in_hold_excl_drain_reload_tail,post_2024,36794649433,1,110155243683,11134085859,false
windows-2022 py3.14,failure,harvested,rate_window=in_hold_excl_drain_reload_tail,post_2024,36794649433,1,110155243616,11133164558,false
windows-2025 py3.14,failure,harvested,rate_window=in_hold_excl_drain_reload_tail,post_2024,36794649433,1,110155243591,11133164796,false
ubuntu-latest py3.14,failure,harvested,rate_window=in_hold_excl_drain_reload_tail,post_2024,36794535685,1,110154901213,11133429938,false
windows-2022 py3.14,failure,harvested,rate_window=in_hold_excl_drain_reload_tail,post_2024,36794535685,1,110154901223,11133562985,false
windows-2025 py3.14,failure,harvested,rate_window=in_hold_excl_drain_reload_tail,post_2024,36794535685,1,110154901202,11132599844,false
ubuntu-latest py3.14,failure,harvested,rate_window=in_hold_excl_drain,post_1420,36794533825,1,110154895745,11133139119,
windows-2022 py3.14,failure,harvested,rate_window=in_hold_excl_drain,post_1420,36794533825,1,110154895736,11133956865,
windows-2025 py3.14,failure,harvested,rate_window=in_hold_excl_drain,post_1420,36794533825,1,110154895813,11133468180,
ubuntu-latest py3.14,failure,harvested,rate_window=in_hold_excl_drain,post_1420,36794532110,1,110154882285,11133139083,
windows-2022 py3.14,failure,harvested,rate_window=in_hold_excl_drain,post_1420,36794532110,1,110154882241,11134155908,
windows-2025 py3.14,failure,harvested,rate_window=in_hold_excl_drain,post_1420,36794532110,1,110154882190,11133364210,
ubuntu-latest py3.14,success,harvested,rate_window=in_hold_excl_drain,post_1420,36794530132,1,110154881320,11132654076,
windows-2022 py3.14,success,harvested,rate_window=in_hold_excl_drain,post_1420,36794530132,1,110154881250,11133727540,
windows-2025 py3.14,success,harvested,rate_window=in_hold_excl_drain,post_1420,36794530132,1,110154881371,11133882130,
ubuntu-latest py3.14,failure,harvested,rate_window=in_hold_excl_drain_reload_tail,post_2024,36794459754,1,110154640625,11133980691,false
windows-2022 py3.14,failure,harvested,rate_window=in_hold_excl_drain_reload_tail,post_2024,36794459754,1,110154640793,11133985670,false
windows-2025 py3.14,failure,harvested,rate_window=in_hold_excl_drain_reload_tail,post_2024,36794459754,1,110154640575,11133996537,false
ubuntu-latest py3.14,success,harvested,rate_window=in_hold_excl_drain,post_1420,36794356820,1,110154327222,11133477557,
windows-2022 py3.14,success,harvested,rate_window=in_hold_excl_drain,post_1420,36794356820,1,110154327097,11133547736,
windows-2025 py3.14,success,harvested,rate_window=in_hold_excl_drain,post_1420,36794356820,1,110154327123,11133751960,
ubuntu-latest py3.14,failure,harvested,rate_window=in_hold_excl_drain,post_1420,36794101622,1,110153523614,11133496960,
windows-2022 py3.14,failure,harvested,rate_window=in_hold_excl_drain,post_1420,36794101622,1,110153523664,11133522368,
windows-2025 py3.14,failure,harvested,rate_window=in_hold_excl_drain,post_1420,36794101622,1,110153523649,11134000709,
ubuntu-latest py3.14,success,harvested,rate_window=in_hold_excl_drain,post_1420,36793322378,1,110151068578,11133560277,
windows-2022 py3.14,success,harvested,rate_window=in_hold_excl_drain,post_1420,36793322378,1,110151068539,11132962955,
windows-2025 py3.14,success,harvested,rate_window=in_hold_excl_drain,post_1420,36793322378,1,110151068588,11132569752,
ubuntu-latest py3.14,success,harvested,rate_window=in_hold_excl_drain,post_1420,36793316958,1,110151032711,11133328431,
windows-2022 py3.14,success,harvested,rate_window=in_hold_excl_drain,post_1420,36793316958,1,110151032795,11132943022,
windows-2025 py3.14,success,harvested,rate_window=in_hold_excl_drain,post_1420,36793316958,1,110151032731,11133349123,
ubuntu-latest py3.14,success,harvested,rate_window=in_hold_excl_drain,post_1420,36793267474,1,110151199126,11133565151,
windows-2022 py3.14,success,harvested,rate_window=in_hold_excl_drain,post_1420,36793267474,1,110151199228,11132519895,
windows-2025 py3.14,success,harvested,rate_window=in_hold_excl_drain,post_1420,36793267474,1,110151199213,11133685741,
ubuntu-latest py3.14,success,harvested,rate_window=in_hold_excl_drain,post_1420,36793252991,1,110151158690,11132627768,
windows-2022 py3.14,success,harvested,rate_window=in_hold_excl_drain,post_1420,36793252991,1,110151158706,11133418707,
windows-2025 py3.14,success,harvested,rate_window=in_hold_excl_drain,post_1420,36793252991,1,110151158712,11133685022,
ubuntu-latest py3.14,success,harvested,rate_window=in_hold_excl_drain,post_1420,36792964537,1,110150348426,11132867320,
windows-2022 py3.14,success,harvested,rate_window=in_hold_excl_drain,post_1420,36792964537,1,110150348417,11133665074,
windows-2025 py3.14,success,harvested,rate_window=in_hold_excl_drain,post_1420,36792964537,1,110150348476,11132459830,
ubuntu-latest py3.14,failure,harvested,rate_window=in_hold_excl_drain,post_1420,36792938105,1,110149873750,11132254203,
windows-2022 py3.14,failure,harvested,rate_window=in_hold_excl_drain,post_1420,36792938105,1,110149873817,11132409896,
windows-2025 py3.14,failure,harvested,rate_window=in_hold_excl_drain,post_1420,36792938105,1,110149873703,11132649448,
ubuntu-latest py3.14,cancelled,unknown_adverse,no artifact,,36792937574,1,110149846101,,
windows-2022 py3.14,cancelled,unknown_adverse,no artifact,,36792937574,1,110149846162,,
windows-2025 py3.14,cancelled,unknown_adverse,no artifact,,36792937574,1,110149846159,,
ubuntu-latest py3.14,success,harvested,rate_window=in_hold_excl_drain,post_1420,36792890720,1,110149714363,11132901563,
windows-2022 py3.14,failure,harvested,rate_window=in_hold_excl_drain,post_1420,36792890720,1,110149714386,11133427346,
windows-2025 py3.14,success,harvested,rate_window=in_hold_excl_drain,post_1420,36792890720,1,110149714393,11132479616,
ubuntu-latest py3.14,success,harvested,rate_window=in_hold_excl_drain,post_1420,36792872850,1,110149648598,11132578096,
windows-2022 py3.14,success,harvested,rate_window=in_hold_excl_drain,post_1420,36792872850,1,110149648534,11133475255,
windows-2025 py3.14,success,harvested,rate_window=in_hold_excl_drain,post_1420,36792872850,1,110149648504,11132664199,
ubuntu-latest py3.14,success,harvested,rate_window=in_hold_excl_drain,post_1420,36792796249,1,110149404741,11133302042,
windows-2022 py3.14,success,harvested,rate_window=in_hold_excl_drain,post_1420,36792796249,1,110149404748,11132797392,
windows-2025 py3.14,success,harvested,rate_window=in_hold_excl_drain,post_1420,36792796249,1,110149404700,11133248244,
ubuntu-latest py3.14,failure,excluded,"no artifact, job or Tests (pytest) step skipped",,36792788894,1,110149374900,,
windows-2022 py3.14,cancelled,unknown_adverse,no artifact,,36792788894,1,110149375010,,
windows-2025 py3.14,cancelled,unknown_adverse,no artifact,,36792788894,1,110149374905,,
ubuntu-latest py3.14,failure,harvested,rate_window=in_hold_excl_drain,post_1420,36792558774,1,110148650880,11133276030,
windows-2022 py3.14,failure,harvested,rate_window=in_hold_excl_drain,post_1420,36792558774,1,110148650848,11132848148,
windows-2025 py3.14,failure,harvested,rate_window=in_hold_excl_drain,post_1420,36792558774,1,110148650862,11132936992,
ubuntu-latest py3.14,failure,harvested,rate_window=in_hold_excl_drain,post_1420,36792524914,1,110148545616,11133216003,
windows-2022 py3.14,failure,harvested,rate_window=in_hold_excl_drain,post_1420,36792524914,1,110148545648,11132483937,
windows-2025 py3.14,failure,harvested,rate_window=in_hold_excl_drain,post_1420,36792524914,1,110148545649,11133262693,
ubuntu-latest py3.14,success,harvested,rate_window=in_hold_excl_drain,post_1420,36792511735,1,110148524793,11132249159,
windows-2022 py3.14,success,harvested,rate_window=in_hold_excl_drain,post_1420,36792511735,1,110148524899,11132219310,
windows-2025 py3.14,success,harvested,rate_window=in_hold_excl_drain,post_1420,36792511735,1,110148524960,11133292671,
ubuntu-latest py3.14,success,harvested,rate_window=in_hold_excl_drain,post_1420,36792510459,1,110148511046,11132333684,
windows-2022 py3.14,success,harvested,rate_window=in_hold_excl_drain,post_1420,36792510459,1,110148511018,11132239814,
windows-2025 py3.14,success,harvested,rate_window=in_hold_excl_drain,post_1420,36792510459,1,110148511044,11132642521,
ubuntu-latest py3.14,success,harvested,rate_window=in_hold_excl_drain,post_1420,36792508585,1,110148496315,11133196264,
windows-2022 py3.14,success,harvested,rate_window=in_hold_excl_drain,post_1420,36792508585,1,110148496307,11133152475,
windows-2025 py3.14,success,harvested,rate_window=in_hold_excl_drain,post_1420,36792508585,1,110148496329,11133262630,
ubuntu-latest py3.14,success,harvested,rate_window=in_hold_excl_drain,post_1420,36792205086,1,110147560609,11132995712,
windows-2022 py3.14,success,harvested,rate_window=in_hold_excl_drain,post_1420,36792205086,1,110147560627,11133316783,
windows-2025 py3.14,success,harvested,rate_window=in_hold_excl_drain,post_1420,36792205086,1,110147560659,11132831741,
ubuntu-latest py3.14,cancelled,harvested,rate_window=in_hold_excl_drain,post_1420,36792124946,1,110147289333,11132382614,
windows-2022 py3.14,cancelled,unknown_adverse,no artifact,,36792124946,1,110147289283,,
windows-2025 py3.14,cancelled,unknown_adverse,no artifact,,36792124946,1,110147289390,,
ubuntu-latest py3.14,success,harvested,rate_window=in_hold_excl_drain_reload_tail,post_2024,36791640416,1,110145738380,11132955598,false
windows-2022 py3.14,success,harvested,rate_window=in_hold_excl_drain_reload_tail,post_2024,36791640416,1,110145738448,11133395313,false
windows-2025 py3.14,success,harvested,rate_window=in_hold_excl_drain_reload_tail,post_2024,36791640416,1,110145738385,11133391010,false
ubuntu-latest py3.14,success,harvested,rate_window=in_hold_excl_drain,post_1420,36791258033,1,110144511037,11132301662,
windows-2022 py3.14,success,harvested,rate_window=in_hold_excl_drain,post_1420,36791258033,1,110144511050,11132232788,
windows-2025 py3.14,success,harvested,rate_window=in_hold_excl_drain,post_1420,36791258033,1,110144511154,11133135356,
ubuntu-latest py3.14,success,harvested,rate_window=in_hold_excl_drain,post_1420,36790722814,1,110142799171,11131418972,
windows-2022 py3.14,success,harvested,rate_window=in_hold_excl_drain,post_1420,36790722814,1,110142799138,11132231931,
windows-2025 py3.14,success,harvested,rate_window=in_hold_excl_drain,post_1420,36790722814,1,110142799080,11132640149,
ubuntu-latest py3.14,success,harvested,rate_window=in_hold_excl_drain,post_1420,36790649723,1,110142570721,11131194254,
windows-2022 py3.14,success,harvested,rate_window=in_hold_excl_drain,post_1420,36790649723,1,110142570742,11131064766,
windows-2025 py3.14,success,harvested,rate_window=in_hold_excl_drain,post_1420,36790649723,1,110142570719,11132084425,
ubuntu-latest py3.14,success,harvested,rate_window=in_hold_excl_drain,post_1420,36790620996,1,110142488673,11132225853,
windows-2022 py3.14,success,harvested,rate_window=in_hold_excl_drain,post_1420,36790620996,1,110142488719,11131324456,
windows-2025 py3.14,success,harvested,rate_window=in_hold_excl_drain,post_1420,36790620996,1,110142488738,11132396040,
ubuntu-latest py3.14,success,harvested,rate_window=in_hold_excl_drain,post_1420,36790479121,1,110142024242,11131649631,
windows-2022 py3.14,success,harvested,rate_window=in_hold_excl_drain,post_1420,36790479121,1,110142024099,11131244351,
windows-2025 py3.14,success,harvested,rate_window=in_hold_excl_drain,post_1420,36790479121,1,110142024150,11132315910,
ubuntu-latest py3.14,success,harvested,rate_window=in_hold_excl_drain,post_1420,36790155621,1,110141429509,11131664337,
windows-2022 py3.14,success,harvested,rate_window=in_hold_excl_drain,post_1420,36790155621,1,110141429567,11132365363,
windows-2025 py3.14,success,harvested,rate_window=in_hold_excl_drain,post_1420,36790155621,1,110141429596,11131174458,
ubuntu-latest py3.14,success,harvested,rate_window=in_hold_excl_drain,post_1420,36789311640,1,110138255765,11131996855,
windows-2022 py3.14,success,harvested,rate_window=in_hold_excl_drain,post_1420,36789311640,1,110138255768,11131997799,
windows-2025 py3.14,success,harvested,rate_window=in_hold_excl_drain,post_1420,36789311640,1,110138256103,11131683586,
ubuntu-latest py3.14,cancelled,unknown_adverse,no artifact,,36788918025,1,110137541932,,
windows-2022 py3.14,cancelled,unknown_adverse,no artifact,,36788918025,1,110137541931,,
windows-2025 py3.14,cancelled,unknown_adverse,no artifact,,36788918025,1,110137541939,,
ubuntu-latest py3.14,success,harvested,rate_window=in_hold_excl_drain,post_1420,36788458610,1,110135636432,11131835929,
windows-2022 py3.14,success,harvested,rate_window=in_hold_excl_drain,post_1420,36788458610,1,110135636439,11131176989,
windows-2025 py3.14,success,harvested,rate_window=in_hold_excl_drain,post_1420,36788458610,1,110135636383,11132195772,
ubuntu-latest py3.14,success,harvested,rate_window=in_hold_excl_drain,post_1420,36788380295,1,110135385798,11131341257,
windows-2022 py3.14,success,harvested,rate_window=in_hold_excl_drain,post_1420,36788380295,1,110135385722,11131671804,
windows-2025 py3.14,success,harvested,rate_window=in_hold_excl_drain,post_1420,36788380295,1,110135385768,11132100104,
ubuntu-latest py3.14,success,harvested,rate_window=in_hold_excl_drain,post_1420,36788104669,1,110134340378,11131401531,
windows-2022 py3.14,success,harvested,rate_window=in_hold_excl_drain,post_1420,36788104669,1,110134340431,11131875663,
windows-2025 py3.14,success,harvested,rate_window=in_hold_excl_drain,post_1420,36788104669,1,110134340353,11131591726,
ubuntu-latest py3.14,cancelled,unknown_adverse,no artifact,,36787986352,1,110134198972,,
windows-2022 py3.14,cancelled,unknown_adverse,no artifact,,36787986352,1,110134198905,,
windows-2025 py3.14,cancelled,unknown_adverse,no artifact,,36787986352,1,110134199040,,
ubuntu-latest py3.14,success,harvested,rate_window=in_hold_excl_drain,post_1420,36787891080,1,110133647643,11130803564,
windows-2022 py3.14,success,harvested,rate_window=in_hold_excl_drain,post_1420,36787891080,1,110133647509,11131795587,
windows-2025 py3.14,success,harvested,rate_window=in_hold_excl_drain,post_1420,36787891080,1,110133647600,11131576659,
ubuntu-latest py3.14,failure,harvested,rate_window=in_hold_excl_drain,post_1420,36787688214,1,110133010832,11131655119,
windows-2022 py3.14,failure,harvested,rate_window=in_hold_excl_drain,post_1420,36787688214,1,110133011006,11131026125,
windows-2025 py3.14,failure,harvested,rate_window=in_hold_excl_drain,post_1420,36787688214,1,110133010831,11130804382,
ubuntu-latest py3.14,failure,unknown_adverse,no artifact,,36787621386,1,110133250790,,
windows-2022 py3.14,failure,unknown_adverse,no artifact,,36787621386,1,110133250794,,
windows-2025 py3.14,failure,unknown_adverse,no artifact,,36787621386,1,110133250795,,
ubuntu-latest py3.14,cancelled,excluded,"no artifact, job or Tests (pytest) step skipped",,36787592730,1,110132684198,,
windows-2022 py3.14,cancelled,unknown_adverse,no artifact,,36787592730,1,110132684117,,
windows-2025 py3.14,cancelled,unknown_adverse,no artifact,,36787592730,1,110132684100,,
ubuntu-latest py3.14,success,harvested,rate_window=in_hold_excl_drain,post_1420,36787030093,1,110130865136,11130952205,
windows-2022 py3.14,success,harvested,rate_window=in_hold_excl_drain,post_1420,36787030093,1,110130865158,11130663721,
windows-2025 py3.14,success,harvested,rate_window=in_hold_excl_drain,post_1420,36787030093,1,110130865227,11130533937,
ubuntu-latest py3.14,success,harvested,rate_window=in_hold_excl_drain,post_1420,36786726251,1,110129898609,11129714642,
windows-2022 py3.14,success,harvested,rate_window=in_hold_excl_drain,post_1420,36786726251,1,110129898585,11129879862,
windows-2025 py3.14,success,harvested,rate_window=in_hold_excl_drain,post_1420,36786726251,1,110129898693,11130214914,
ubuntu-latest py3.14,success,harvested,rate_window=in_hold_excl_drain,post_1420,36786518989,1,110129200722,11130542669,
windows-2022 py3.14,success,harvested,rate_window=in_hold_excl_drain,post_1420,36786518989,1,110129200742,11130438576,
windows-2025 py3.14,success,harvested,rate_window=in_hold_excl_drain,post_1420,36786518989,1,110129200872,11130637978,
ubuntu-latest py3.14,failure,harvested,rate_window=in_hold_excl_drain,post_1420,36786240691,1,110128286946,11130861660,
windows-2022 py3.14,cancelled,harvested,rate_window=in_hold_excl_drain,post_1420,36786240691,1,110128286998,11129709247,
windows-2025 py3.14,failure,harvested,rate_window=in_hold_excl_drain,post_1420,36786240691,1,110128286961,11130701574,
ubuntu-latest py3.14,success,harvested,rate_window=in_hold_excl_drain,post_1420,36786135319,1,110127949089,11129988422,
windows-2022 py3.14,success,harvested,rate_window=in_hold_excl_drain,post_1420,36786135319,1,110127949130,11130602574,
windows-2025 py3.14,success,harvested,rate_window=in_hold_excl_drain,post_1420,36786135319,1,110127949103,11129874130,
ubuntu-latest py3.14,success,harvested,rate_window=in_hold_excl_drain,post_1420,36786052960,1,110127681928,11129958440,
windows-2022 py3.14,success,harvested,rate_window=in_hold_excl_drain,post_1420,36786052960,1,110127681942,11130467520,
windows-2025 py3.14,success,harvested,rate_window=in_hold_excl_drain,post_1420,36786052960,1,110127681997,11129874023,
ubuntu-latest py3.14,success,harvested,rate_window=in_hold_excl_drain,post_1420,36785738367,1,110126660474,11130785783,
windows-2022 py3.14,success,harvested,rate_window=in_hold_excl_drain,post_1420,36785738367,1,110126660536,11129833212,
windows-2025 py3.14,success,harvested,rate_window=in_hold_excl_drain,post_1420,36785738367,1,110126660523,11130331790,
ubuntu-latest py3.14,failure,harvested,rate_window=in_hold_excl_drain,post_1420,36785496884,1,110125889578,11130440652,
windows-2022 py3.14,success,harvested,rate_window=in_hold_excl_drain,post_1420,36785496884,1,110125889445,11130606035,
windows-2025 py3.14,success,harvested,rate_window=in_hold_excl_drain,post_1420,36785496884,1,110125889482,11130661612,
ubuntu-latest py3.14,success,harvested,rate_window=in_hold_excl_drain,post_1420,36785314688,1,110125284457,11130735047,
windows-2022 py3.14,success,harvested,rate_window=in_hold_excl_drain,post_1420,36785314688,1,110125284557,11130810591,
windows-2025 py3.14,success,harvested,rate_window=in_hold_excl_drain,post_1420,36785314688,1,110125284481,11130611028,
ubuntu-latest py3.14,success,harvested,rate_window=in_hold_excl_drain,post_1420,36785036609,1,110124377187,11129349485,
windows-2022 py3.14,success,harvested,rate_window=in_hold_excl_drain,post_1420,36785036609,1,110124377312,11129778109,
windows-2025 py3.14,success,harvested,rate_window=in_hold_excl_drain,post_1420,36785036609,1,110124377407,11130750420,
ubuntu-latest py3.14,success,harvested,rate_window=in_hold_excl_drain,post_1420,36784977216,1,110124379880,11129029700,
windows-2022 py3.14,success,harvested,rate_window=in_hold_excl_drain,post_1420,36784977216,1,110124379983,11129967634,
windows-2025 py3.14,success,harvested,rate_window=in_hold_excl_drain,post_1420,36784977216,1,110124379868,11129871959,
ubuntu-latest py3.14,success,harvested,rate_window=in_hold_excl_drain,post_1420,36784537207,1,110122748757,11128934699,
windows-2022 py3.14,success,harvested,rate_window=in_hold_excl_drain,post_1420,36784537207,1,110122748875,11129369135,
windows-2025 py3.14,success,harvested,rate_window=in_hold_excl_drain,post_1420,36784537207,1,110122748766,11129674241,
ubuntu-latest py3.14,success,harvested,rate_window=in_hold_excl_drain,post_1420,36784434608,1,110122398790,11129268929,
windows-2022 py3.14,success,harvested,rate_window=in_hold_excl_drain,post_1420,36784434608,1,110122398687,11129449677,
windows-2025 py3.14,success,harvested,rate_window=in_hold_excl_drain,post_1420,36784434608,1,110122398719,11130235585,
ubuntu-latest py3.14,success,harvested,rate_window=in_hold_excl_drain,post_1420,36784033351,1,110121099042,11129078908,
windows-2022 py3.14,success,harvested,rate_window=in_hold_excl_drain,post_1420,36784033351,1,110121099055,11129413902,
windows-2025 py3.14,success,harvested,rate_window=in_hold_excl_drain,post_1420,36784033351,1,110121099083,11129454020,
ubuntu-latest py3.14,success,harvested,rate_window=in_hold_excl_drain,post_1420,36783962261,1,110121334527,11130055750,
windows-2022 py3.14,success,harvested,rate_window=in_hold_excl_drain,post_1420,36783962261,1,110121334639,11129188547,
windows-2025 py3.14,success,harvested,rate_window=in_hold_excl_drain,post_1420,36783962261,1,110121334588,11129836663,
ubuntu-latest py3.14,success,harvested,rate_window=in_hold_excl_drain,post_1420,36783724077,1,110120078264,11128897933,
windows-2022 py3.14,success,harvested,rate_window=in_hold_excl_drain,post_1420,36783724077,1,110120078266,11129333507,
windows-2025 py3.14,success,harvested,rate_window=in_hold_excl_drain,post_1420,36783724077,1,110120078245,11129203731,
ubuntu-latest py3.14,success,harvested,rate_window=in_hold_excl_drain,post_1420,36782765647,1,110116926382,11129201295,
windows-2022 py3.14,success,harvested,rate_window=in_hold_excl_drain,post_1420,36782765647,1,110116926408,11129461833,
windows-2025 py3.14,success,harvested,rate_window=in_hold_excl_drain,post_1420,36782765647,1,110116926547,11128599865,
ubuntu-latest py3.14,failure,harvested,rate_window=in_hold_excl_drain,post_1420,36782529545,1,110116114871,11129335965,
windows-2022 py3.14,failure,harvested,rate_window=in_hold_excl_drain,post_1420,36782529545,1,110116114770,11129346544,
windows-2025 py3.14,failure,harvested,rate_window=in_hold_excl_drain,post_1420,36782529545,1,110116114727,11128484458,
ubuntu-latest py3.14,success,harvested,rate_window=in_hold_excl_drain,post_1420,36782108090,1,110114836186,11129515045,
windows-2022 py3.14,success,harvested,rate_window=in_hold_excl_drain,post_1420,36782108090,1,110114836208,11129575360,
windows-2025 py3.14,failure,harvested,rate_window=in_hold_excl_drain,post_1420,36782108090,1,110114836287,11129351178,
ubuntu-latest py3.14,success,harvested,rate_window=in_hold_excl_drain,post_1420,36781626710,1,110113138509,11127904619,
windows-2022 py3.14,success,harvested,rate_window=in_hold_excl_drain,post_1420,36781626710,1,110113138630,11128153952,
windows-2025 py3.14,success,harvested,rate_window=in_hold_excl_drain,post_1420,36781626710,1,110113138629,11129030909,
ubuntu-latest py3.14,success,harvested,rate_window=in_hold_excl_drain,post_1420,36781604531,1,110113038046,11128322671,
windows-2022 py3.14,success,harvested,rate_window=in_hold_excl_drain,post_1420,36781604531,1,110113038172,11128314148,
windows-2025 py3.14,success,harvested,rate_window=in_hold_excl_drain,post_1420,36781604531,1,110113038072,11128169719,
ubuntu-latest py3.14,success,harvested,rate_window=in_hold_excl_drain,post_1420,36781598854,1,110113036373,11128737935,
windows-2022 py3.14,success,harvested,rate_window=in_hold_excl_drain,post_1420,36781598854,1,110113036370,11128678199,
windows-2025 py3.14,success,harvested,rate_window=in_hold_excl_drain,post_1420,36781598854,1,110113036238,11128627854,
ubuntu-latest py3.14,success,harvested,rate_window=in_hold_excl_drain,post_1420,36781112074,1,110111395414,11127623680,
windows-2022 py3.14,success,harvested,rate_window=in_hold_excl_drain,post_1420,36781112074,1,110111395421,11127883957,
windows-2025 py3.14,success,harvested,rate_window=in_hold_excl_drain,post_1420,36781112074,1,110111395376,11127919615,
ubuntu-latest py3.14,success,harvested,rate_window=in_hold_excl_drain,post_1420,36781106502,1,110111388129,11128437468,
windows-2022 py3.14,success,harvested,rate_window=in_hold_excl_drain,post_1420,36781106502,1,110111388128,11128253786,
windows-2025 py3.14,success,harvested,rate_window=in_hold_excl_drain,post_1420,36781106502,1,110111388279,11128098992,
ubuntu-latest py3.14,success,harvested,rate_window=in_hold_excl_drain,post_1420,36780973983,1,110110930573,11127674313,
windows-2022 py3.14,success,harvested,rate_window=in_hold_excl_drain,post_1420,36780973983,1,110110930594,11127714734,
windows-2025 py3.14,success,harvested,rate_window=in_hold_excl_drain,post_1420,36780973983,1,110110930720,11127484696,
ubuntu-latest py3.14,success,harvested,rate_window=in_hold_excl_drain,post_1420,36780974058,1,110110952319,11128197940,
windows-2022 py3.14,success,harvested,rate_window=in_hold_excl_drain,post_1420,36780974058,1,110110952169,11127494652,
windows-2025 py3.14,success,harvested,rate_window=in_hold_excl_drain,post_1420,36780974058,1,110110952265,11127974158,
ubuntu-latest py3.14,success,harvested,rate_window=in_hold_excl_drain,post_1420,36780545594,1,110109495775,11128341488,
windows-2022 py3.14,success,harvested,rate_window=in_hold_excl_drain,post_1420,36780545594,1,110109495781,11128521767,
windows-2025 py3.14,success,harvested,rate_window=in_hold_excl_drain,post_1420,36780545594,1,110109495788,11128292404,
ubuntu-latest py3.14,success,harvested,rate_window=in_hold_excl_drain,post_1420,36779564495,1,110106035023,11127796649,
windows-2022 py3.14,success,harvested,rate_window=in_hold_excl_drain,post_1420,36779564495,1,110106035053,11128510648,
windows-2025 py3.14,success,harvested,rate_window=in_hold_excl_drain,post_1420,36779564495,1,110106035138,11128147063,
ubuntu-latest py3.14,failure,harvested,rate_window=in_hold_excl_drain,post_1420,36779559351,1,110106040152,11128280194,
windows-2022 py3.14,failure,harvested,rate_window=in_hold_excl_drain,post_1420,36779559351,1,110106040053,11127807508,
windows-2025 py3.14,failure,harvested,rate_window=in_hold_excl_drain,post_1420,36779559351,1,110106040242,11128132123,
ubuntu-latest py3.14,success,harvested,rate_window=in_hold_excl_drain,post_1420,36779196078,1,110104783662,11126474889,
windows-2022 py3.14,success,harvested,rate_window=in_hold_excl_drain,post_1420,36779196078,1,110104783743,11127234362,
windows-2025 py3.14,success,harvested,rate_window=in_hold_excl_drain,post_1420,36779196078,1,110104783766,11128006420,
ubuntu-latest py3.14,success,harvested,rate_window=in_hold_excl_drain,post_1420,36778834765,1,110103575330,11127680607,
windows-2022 py3.14,failure,harvested,rate_window=in_hold_excl_drain,post_1420,36778834765,1,110103575323,11127353700,
windows-2025 py3.14,success,harvested,rate_window=in_hold_excl_drain,post_1420,36778834765,1,110103575294,11126759810,
ubuntu-latest py3.14,success,harvested,rate_window=in_hold_excl_drain,post_1420,36778659669,1,110103020410,11127545954,
windows-2022 py3.14,success,harvested,rate_window=in_hold_excl_drain,post_1420,36778659669,1,110103020370,11126624647,
windows-2025 py3.14,success,harvested,rate_window=in_hold_excl_drain,post_1420,36778659669,1,110103020708,11127706106,
ubuntu-latest py3.14,success,harvested,rate_window=in_hold_excl_drain,post_1420,36778009636,1,110100824075,11126393042,
windows-2022 py3.14,success,harvested,rate_window=in_hold_excl_drain,post_1420,36778009636,1,110100824266,11127408780,
windows-2025 py3.14,success,harvested,rate_window=in_hold_excl_drain,post_1420,36778009636,1,110100824143,11126354226,
ubuntu-latest py3.14,success,harvested,rate_window=in_hold_excl_drain,post_1420,36777579425,1,110099361296,11126842312,
windows-2022 py3.14,success,harvested,rate_window=in_hold_excl_drain,post_1420,36777579425,1,110099361187,11126633245,
windows-2025 py3.14,success,harvested,rate_window=in_hold_excl_drain,post_1420,36777579425,1,110099361299,11126918100,
ubuntu-latest py3.14,success,harvested,rate_window=in_hold_excl_drain,post_1420,36777516336,1,110099183194,11126992289,
windows-2022 py3.14,success,harvested,rate_window=in_hold_excl_drain,post_1420,36777516336,1,110099183338,11126478904,
windows-2025 py3.14,success,harvested,rate_window=in_hold_excl_drain,post_1420,36777516336,1,110099183104,11127665359,
ubuntu-latest py3.14,success,harvested,rate_window=in_hold_excl_drain,post_1420,36776703085,1,110096419583,11127111432,
windows-2022 py3.14,success,harvested,rate_window=in_hold_excl_drain,post_1420,36776703085,1,110096419542,11127081757,
windows-2025 py3.14,success,harvested,rate_window=in_hold_excl_drain,post_1420,36776703085,1,110096419529,11126362534,
ubuntu-latest py3.14,success,harvested,rate_window=in_hold_excl_drain,post_1420,36775765394,1,110093229704,11126305733,
windows-2022 py3.14,success,harvested,rate_window=in_hold_excl_drain,post_1420,36775765394,1,110093229680,11126301423,
windows-2025 py3.14,success,harvested,rate_window=in_hold_excl_drain,post_1420,36775765394,1,110093229815,11125988042,
ubuntu-latest py3.14,success,harvested,rate_window=in_hold_excl_drain,post_1420,36775572718,1,110092600121,11125179792,
windows-2022 py3.14,success,harvested,rate_window=in_hold_excl_drain,post_1420,36775572718,1,110092600104,11127055252,
windows-2025 py3.14,success,harvested,rate_window=in_hold_excl_drain,post_1420,36775572718,1,110092600310,11127020786,
ubuntu-latest py3.14,success,harvested,rate_window=in_hold_excl_drain,post_1420,36775025276,1,110090767853,11125693977,
windows-2022 py3.14,success,harvested,rate_window=in_hold_excl_drain,post_1420,36775025276,1,110090767798,11126475075,
windows-2025 py3.14,success,harvested,rate_window=in_hold_excl_drain,post_1420,36775025276,1,110090768736,11126280287,
ubuntu-latest py3.14,success,harvested,rate_window=in_hold_excl_drain,post_1420,36775026450,1,110090753591,11125793845,
windows-2022 py3.14,success,harvested,rate_window=in_hold_excl_drain,post_1420,36775026450,1,110090753284,11126201721,
windows-2025 py3.14,success,harvested,rate_window=in_hold_excl_drain,post_1420,36775026450,1,110090753212,11126850167,
ubuntu-latest py3.14,success,harvested,rate_window=in_hold_excl_drain,post_1420,36775022870,1,110090766471,11125078794,
windows-2022 py3.14,success,harvested,rate_window=in_hold_excl_drain,post_1420,36775022870,1,110090766538,11125949625,
windows-2025 py3.14,success,harvested,rate_window=in_hold_excl_drain,post_1420,36775022870,1,110090766561,11125764850,
ubuntu-latest py3.14,success,harvested,rate_window=in_hold_excl_drain,post_1420,36775020420,1,110090720660,11125429149,
windows-2022 py3.14,success,harvested,rate_window=in_hold_excl_drain,post_1420,36775020420,1,110090720684,11125124756,
windows-2025 py3.14,success,harvested,rate_window=in_hold_excl_drain,post_1420,36775020420,1,110090720656,11126705152,
ubuntu-latest py3.14,success,harvested,rate_window=in_hold_excl_drain,post_1420,36775019397,1,110090736586,11125624606,
windows-2022 py3.14,success,harvested,rate_window=in_hold_excl_drain,post_1420,36775019397,1,110090736560,11124919813,
windows-2025 py3.14,success,harvested,rate_window=in_hold_excl_drain,post_1420,36775019397,1,110090736502,11126570265,
ubuntu-latest py3.14,success,harvested,rate_window=in_hold_excl_drain,post_1420,36774520528,1,110089093439,11124828793,
windows-2022 py3.14,success,harvested,rate_window=in_hold_excl_drain,post_1420,36774520528,1,110089093862,11125654040,
windows-2025 py3.14,success,harvested,rate_window=in_hold_excl_drain,post_1420,36774520528,1,110089093703,11126231228,
ubuntu-latest py3.14,success,harvested,rate_window=in_hold_excl_drain,post_1420,36774262085,1,110088180943,11125933037,
windows-2022 py3.14,success,harvested,rate_window=in_hold_excl_drain,post_1420,36774262085,1,110088180970,11125798402,
windows-2025 py3.14,success,harvested,rate_window=in_hold_excl_drain,post_1420,36774262085,1,110088180962,11125629041,
ubuntu-latest py3.14,success,harvested,rate_window=in_hold_excl_drain,post_1420,36774259088,1,110088193034,11125537848,
windows-2022 py3.14,success,harvested,rate_window=in_hold_excl_drain,post_1420,36774259088,1,110088193205,11125448803,
windows-2025 py3.14,success,harvested,rate_window=in_hold_excl_drain,post_1420,36774259088,1,110088193129,11125204048,
ubuntu-latest py3.14,success,harvested,rate_window=in_hold_excl_drain,post_1420,36774257359,1,110088177251,11125803085,
windows-2022 py3.14,success,harvested,rate_window=in_hold_excl_drain,post_1420,36774257359,1,110088177222,11125528750,
windows-2025 py3.14,success,harvested,rate_window=in_hold_excl_drain,post_1420,36774257359,1,110088177204,11124879081,
ubuntu-latest py3.14,success,harvested,rate_window=in_hold_excl_drain,post_1420,36774254817,1,110088153372,11125353394,
windows-2022 py3.14,success,harvested,rate_window=in_hold_excl_drain,post_1420,36774254817,1,110088153487,11125813762,
windows-2025 py3.14,success,harvested,rate_window=in_hold_excl_drain,post_1420,36774254817,1,110088153616,11124953964,
ubuntu-latest py3.14,success,harvested,rate_window=in_hold_excl_drain,post_1420,36774253322,1,110088143787,11125008315,
windows-2022 py3.14,success,harvested,rate_window=in_hold_excl_drain,post_1420,36774253322,1,110088143741,11125728530,
windows-2025 py3.14,success,harvested,rate_window=in_hold_excl_drain,post_1420,36774253322,1,110088143739,11125783870,
ubuntu-latest py3.14,success,harvested,rate_window=in_hold_excl_drain,post_1420,36774249632,1,110088146109,11126035671,
windows-2022 py3.14,success,harvested,rate_window=in_hold_excl_drain,post_1420,36774249632,1,110088146235,11126020895,
windows-2025 py3.14,success,harvested,rate_window=in_hold_excl_drain,post_1420,36774249632,1,110088146298,11124824019,
ubuntu-latest py3.14,success,harvested,rate_window=in_hold_excl_drain,post_1420,36773665814,1,110086180496,11125377697,
windows-2022 py3.14,success,harvested,rate_window=in_hold_excl_drain,post_1420,36773665814,1,110086180687,11125712741,
windows-2025 py3.14,failure,harvested,rate_window=in_hold_excl_drain,post_1420,36773665814,1,110086180435,11124978149,
ubuntu-latest py3.14,success,harvested,rate_window=in_hold_excl_drain,post_1420,36773088572,1,110084241854,11125331472,
windows-2022 py3.14,success,harvested,rate_window=in_hold_excl_drain,post_1420,36773088572,1,110084241949,11125862087,
windows-2025 py3.14,success,harvested,rate_window=in_hold_excl_drain,post_1420,36773088572,1,110084241847,11125602327,
ubuntu-latest py3.14,success,harvested,rate_window=in_hold_excl_drain,post_1420,36771628396,1,110079342521,11123549815,
windows-2022 py3.14,success,harvested,rate_window=in_hold_excl_drain,post_1420,36771628396,1,110079342564,11125430139,
windows-2025 py3.14,success,harvested,rate_window=in_hold_excl_drain,post_1420,36771628396,1,110079342597,11125740382,
ubuntu-latest py3.14,failure,harvested,rate_window=in_hold_excl_drain,post_1420,36771575856,1,110079107821,11124557404,
windows-2022 py3.14,failure,harvested,rate_window=in_hold_excl_drain,post_1420,36771575856,1,110079107658,11124687786,
windows-2025 py3.14,failure,harvested,rate_window=in_hold_excl_drain,post_1420,36771575856,1,110079107946,11125305400,
ubuntu-latest py3.14,failure,harvested,rate_window=in_hold_excl_drain,post_1420,36771571750,1,110079093145,11123709582,
windows-2022 py3.14,failure,harvested,rate_window=in_hold_excl_drain,post_1420,36771571750,1,110079093433,11124049975,
windows-2025 py3.14,failure,harvested,rate_window=in_hold_excl_drain,post_1420,36771571750,1,110079093229,11125570374,
ubuntu-latest py3.14,failure,harvested,rate_window=in_hold_excl_drain,post_1420,36771570717,1,110079096765,11124587741,
windows-2022 py3.14,failure,harvested,rate_window=in_hold_excl_drain,post_1420,36771570717,1,110079096662,11124448925,
windows-2025 py3.14,failure,harvested,rate_window=in_hold_excl_drain,post_1420,36771570717,1,110079096609,11125340973,
ubuntu-latest py3.14,failure,harvested,rate_window=in_hold_excl_drain,post_1420,36771567208,1,110079094573,11123748988,
windows-2022 py3.14,failure,harvested,rate_window=in_hold_excl_drain,post_1420,36771567208,1,110079094346,11124473916,
windows-2025 py3.14,failure,harvested,rate_window=in_hold_excl_drain,post_1420,36771567208,1,110079094509,11125400251,
ubuntu-latest py3.14,success,harvested,rate_window=in_hold_excl_drain,post_1420,36771564142,1,110079097818,11124059643,
windows-2022 py3.14,success,harvested,rate_window=in_hold_excl_drain,post_1420,36771564142,1,110079097964,11124743346,
windows-2025 py3.14,success,harvested,rate_window=in_hold_excl_drain,post_1420,36771564142,1,110079097933,11125465044,
ubuntu-latest py3.14,success,harvested,rate_window=in_hold_excl_drain,post_1420,36771561822,1,110079092204,11123944012,
windows-2022 py3.14,success,harvested,rate_window=in_hold_excl_drain,post_1420,36771561822,1,110079092369,11124810414,
windows-2025 py3.14,success,harvested,rate_window=in_hold_excl_drain,post_1420,36771561822,1,110079092308,11124633032,
ubuntu-latest py3.14,success,harvested,rate_window=in_hold_excl_drain,post_1420,36771560549,1,110079053741,11124153470,
windows-2022 py3.14,success,harvested,rate_window=in_hold_excl_drain,post_1420,36771560549,1,110079053745,11124762743,
windows-2025 py3.14,success,harvested,rate_window=in_hold_excl_drain,post_1420,36771560549,1,110079053742,11123904775,
ubuntu-latest py3.14,success,harvested,rate_window=in_hold_excl_drain,post_1420,36771557785,1,110079043956,11124244208,
windows-2022 py3.14,success,harvested,rate_window=in_hold_excl_drain,post_1420,36771557785,1,110079043929,11124154913,
windows-2025 py3.14,success,harvested,rate_window=in_hold_excl_drain,post_1420,36771557785,1,110079043770,11124573217,
ubuntu-latest py3.14,success,harvested,rate_window=in_hold_excl_drain,post_1420,36771551995,1,110079045576,11124284149,
windows-2022 py3.14,success,harvested,rate_window=in_hold_excl_drain,post_1420,36771551995,1,110079045472,11123869987,
windows-2025 py3.14,success,harvested,rate_window=in_hold_excl_drain,post_1420,36771551995,1,110079045399,11124930398,
ubuntu-latest py3.14,success,harvested,rate_window=in_hold_excl_drain,post_1420,36771468217,1,110078762527,11123799225,
windows-2022 py3.14,success,harvested,rate_window=in_hold_excl_drain,post_1420,36771468217,1,110078762614,11124587795,
windows-2025 py3.14,success,harvested,rate_window=in_hold_excl_drain,post_1420,36771468217,1,110078762431,11124517736,
ubuntu-latest py3.14,failure,harvested,rate_window=in_hold_excl_drain,post_1420,36770982317,1,110077107797,11123384128,
windows-2022 py3.14,failure,harvested,rate_window=in_hold_excl_drain,post_1420,36770982317,1,110077107858,11124572357,
windows-2025 py3.14,failure,harvested,rate_window=in_hold_excl_drain,post_1420,36770982317,1,110077107707,11124128165,
ubuntu-latest py3.14,success,harvested,rate_window=in_hold_excl_drain,post_1420,36770040082,1,110073901386,11123159986,
windows-2022 py3.14,failure,harvested,rate_window=in_hold_excl_drain,post_1420,36770040082,1,110073901254,11124172464,
windows-2025 py3.14,success,harvested,rate_window=in_hold_excl_drain,post_1420,36770040082,1,110073901365,11124332954,
ubuntu-latest py3.14,failure,harvested,rate_window=in_hold_excl_drain,post_1420,36769079727,1,110071195882,11123476719,
windows-2022 py3.14,failure,harvested,rate_window=in_hold_excl_drain,post_1420,36769079727,1,110071195935,11124476018,
windows-2025 py3.14,failure,harvested,rate_window=in_hold_excl_drain,post_1420,36769079727,1,110071196182,11123672284,
ubuntu-latest py3.14,failure,harvested,rate_window=in_hold_excl_drain,post_1420,36769077791,1,110070707595,11124455461,
windows-2022 py3.14,failure,harvested,rate_window=in_hold_excl_drain,post_1420,36769077791,1,110070707441,11124325576,
windows-2025 py3.14,failure,harvested,rate_window=in_hold_excl_drain,post_1420,36769077791,1,110070707358,11124066293,
ubuntu-latest py3.14,failure,harvested,rate_window=in_hold_excl_drain,post_1420,36769075261,1,110071084852,11123636671,
windows-2022 py3.14,failure,harvested,rate_window=in_hold_excl_drain,post_1420,36769075261,1,110071085139,11123756964,
windows-2025 py3.14,failure,harvested,rate_window=in_hold_excl_drain,post_1420,36769075261,1,110071084919,11124221461,
ubuntu-latest py3.14,success,harvested,rate_window=in_hold_excl_drain,post_1420,36769072696,1,110070642570,11123163858,
windows-2022 py3.14,success,harvested,rate_window=in_hold_excl_drain,post_1420,36769072696,1,110070642652,11123806107,
windows-2025 py3.14,success,harvested,rate_window=in_hold_excl_drain,post_1420,36769072696,1,110070642471,11123741974,
ubuntu-latest py3.14,success,harvested,rate_window=in_hold_excl_drain,post_1420,36769070987,1,110070643069,11123790816,
windows-2022 py3.14,success,harvested,rate_window=in_hold_excl_drain,post_1420,36769070987,1,110070643067,11123239677,
windows-2025 py3.14,success,harvested,rate_window=in_hold_excl_drain,post_1420,36769070987,1,110070643146,11123417215,
ubuntu-latest py3.14,success,harvested,rate_window=in_hold_excl_drain,post_1420,36769069995,1,110070611455,11123840896,
windows-2022 py3.14,success,harvested,rate_window=in_hold_excl_drain,post_1420,36769069995,1,110070611607,11123421980,
windows-2025 py3.14,success,harvested,rate_window=in_hold_excl_drain,post_1420,36769069995,1,110070611348,11124490805,
ubuntu-latest py3.14,success,harvested,rate_window=in_hold_excl_drain,post_1420,36769066922,1,110070595067,11123480603,
windows-2022 py3.14,success,harvested,rate_window=in_hold_excl_drain,post_1420,36769066922,1,110070595119,11123466928,
windows-2025 py3.14,success,harvested,rate_window=in_hold_excl_drain,post_1420,36769066922,1,110070595040,11123836825,
ubuntu-latest py3.14,success,harvested,rate_window=in_hold_excl_drain,post_1420,36769067995,1,110070608458,11123616478,
windows-2022 py3.14,success,harvested,rate_window=in_hold_excl_drain,post_1420,36769067995,1,110070608433,11123427121,
windows-2025 py3.14,success,harvested,rate_window=in_hold_excl_drain,post_1420,36769067995,1,110070608440,11123382436,
ubuntu-latest py3.14,success,harvested,rate_window=in_hold_excl_drain,post_1420,36769064470,1,110070586564,11123940358,
windows-2022 py3.14,success,harvested,rate_window=in_hold_excl_drain,post_1420,36769064470,1,110070586597,11124326005,
windows-2025 py3.14,success,harvested,rate_window=in_hold_excl_drain,post_1420,36769064470,1,110070586745,11124376027,
ubuntu-latest py3.14,failure,harvested,rate_window=in_hold_excl_drain,post_1420,36768009392,1,110067109563,11122837831,
windows-2022 py3.14,failure,harvested,rate_window=in_hold_excl_drain,post_1420,36768009392,1,110067109519,11123455538,
windows-2025 py3.14,failure,harvested,rate_window=in_hold_excl_drain,post_1420,36768009392,1,110067109645,11122769767,
ubuntu-latest py3.14,failure,harvested,rate_window=in_hold_excl_drain,post_1420,36768004433,1,110067028947,11123615227,
windows-2022 py3.14,failure,harvested,rate_window=in_hold_excl_drain,post_1420,36768004433,1,110067028951,11121854784,
windows-2025 py3.14,failure,harvested,rate_window=in_hold_excl_drain,post_1420,36768004433,1,110067028926,11122369954,
ubuntu-latest py3.14,success,harvested,rate_window=in_hold_excl_drain,post_1420,36768000924,1,110067066621,11123058259,
windows-2022 py3.14,success,harvested,rate_window=in_hold_excl_drain,post_1420,36768000924,1,110067066619,11123188234,
windows-2025 py3.14,success,harvested,rate_window=in_hold_excl_drain,post_1420,36768000924,1,110067067393,11123520807,
ubuntu-latest py3.14,success,harvested,rate_window=in_hold_excl_drain,post_1420,36768001450,1,110067267235,11123565253,
windows-2022 py3.14,success,harvested,rate_window=in_hold_excl_drain,post_1420,36768001450,1,110067267318,11123119662,
windows-2025 py3.14,success,harvested,rate_window=in_hold_excl_drain,post_1420,36768001450,1,110067267236,11122809862,
ubuntu-latest py3.14,success,harvested,rate_window=in_hold_excl_drain,post_1420,36768001978,1,110067044245,11123307990,
windows-2022 py3.14,success,harvested,rate_window=in_hold_excl_drain,post_1420,36768001978,1,110067044403,11122763735,
windows-2025 py3.14,success,harvested,rate_window=in_hold_excl_drain,post_1420,36768001978,1,110067044461,11123289022,
ubuntu-latest py3.14,failure,harvested,rate_window=in_hold_excl_drain,post_1420,36767996345,1,110067020678,11122848782,
windows-2022 py3.14,success,harvested,rate_window=in_hold_excl_drain,post_1420,36767996345,1,110067020652,11123660411,
windows-2025 py3.14,success,harvested,rate_window=in_hold_excl_drain,post_1420,36767996345,1,110067020743,11121604917,
ubuntu-latest py3.14,success,harvested,rate_window=in_hold_excl_drain,post_1420,36767994538,1,110067032379,11123385319,
windows-2022 py3.14,success,harvested,rate_window=in_hold_excl_drain,post_1420,36767994538,1,110067032381,11122694847,
windows-2025 py3.14,failure,harvested,rate_window=in_hold_excl_drain,post_1420,36767994538,1,110067032225,11124115007,
ubuntu-latest py3.14,success,harvested,rate_window=in_hold_excl_drain,post_1420,36767993432,1,110067021227,11123307952,
windows-2022 py3.14,success,harvested,rate_window=in_hold_excl_drain,post_1420,36767993432,1,110067021343,11123465417,
windows-2025 py3.14,success,harvested,rate_window=in_hold_excl_drain,post_1420,36767993432,1,110067021241,11122559953,
ubuntu-latest py3.14,success,harvested,rate_window=in_hold_excl_drain,post_1420,36767990913,1,110067220470,11121724991,
windows-2022 py3.14,success,harvested,rate_window=in_hold_excl_drain,post_1420,36767990913,1,110067220522,11122628704,
windows-2025 py3.14,success,harvested,rate_window=in_hold_excl_drain,post_1420,36767990913,1,110067220282,11123805586,
ubuntu-latest py3.14,success,harvested,rate_window=in_hold_excl_drain,post_1420,36767804903,1,110066384438,11122593042,
windows-2022 py3.14,success,harvested,rate_window=in_hold_excl_drain,post_1420,36767804903,1,110066384306,11123615180,
windows-2025 py3.14,success,harvested,rate_window=in_hold_excl_drain,post_1420,36767804903,1,110066384379,11123535426,
ubuntu-latest py3.14,failure,harvested,rate_window=in_hold_excl_drain,post_1420,36767120776,1,110064331060,11123122099,
windows-2022 py3.14,failure,harvested,rate_window=in_hold_excl_drain,post_1420,36767120776,1,110064331067,11121878970,
windows-2025 py3.14,failure,harvested,rate_window=in_hold_excl_drain,post_1420,36767120776,1,110064331026,11122498706,
ubuntu-latest py3.14,failure,harvested,rate_window=in_hold_excl_drain,post_1420,36767010799,1,110064146884,11123117731,
windows-2022 py3.14,failure,harvested,rate_window=in_hold_excl_drain,post_1420,36767010799,1,110064146919,11122852524,
windows-2025 py3.14,failure,harvested,rate_window=in_hold_excl_drain,post_1420,36767010799,1,110064147002,11122818828,
ubuntu-latest py3.14,success,harvested,rate_window=in_hold_excl_drain,post_1420,36767008510,1,110063859248,11121798576,
windows-2022 py3.14,success,harvested,rate_window=in_hold_excl_drain,post_1420,36767008510,1,110063859260,11122533337,
windows-2025 py3.14,success,harvested,rate_window=in_hold_excl_drain,post_1420,36767008510,1,110063859347,11122488483,
ubuntu-latest py3.14,success,harvested,rate_window=in_hold_excl_drain,post_1420,36767005517,1,110063779389,11122652128,
windows-2022 py3.14,success,harvested,rate_window=in_hold_excl_drain,post_1420,36767005517,1,110063779650,11122359042,
windows-2025 py3.14,success,harvested,rate_window=in_hold_excl_drain,post_1420,36767005517,1,110063779405,11123232346,
ubuntu-latest py3.14,success,harvested,rate_window=in_hold_excl_drain,post_1420,36767003872,1,110063660801,11122447723,
windows-2022 py3.14,success,harvested,rate_window=in_hold_excl_drain,post_1420,36767003872,1,110063660741,11121828962,
windows-2025 py3.14,success,harvested,rate_window=in_hold_excl_drain,post_1420,36767003872,1,110063660723,11121644391,
ubuntu-latest py3.14,success,harvested,rate_window=in_hold_excl_drain,post_1420,36767002550,1,110063687293,11123217098,
windows-2022 py3.14,success,harvested,rate_window=in_hold_excl_drain,post_1420,36767002550,1,110063687335,11122553541,
windows-2025 py3.14,success,harvested,rate_window=in_hold_excl_drain,post_1420,36767002550,1,110063687428,11122483436,
ubuntu-latest py3.14,success,harvested,rate_window=in_hold_excl_drain,post_1420,36767000330,1,110063687242,11121428346,
windows-2022 py3.14,success,harvested,rate_window=in_hold_excl_drain,post_1420,36767000330,1,110063687425,11123311887,
windows-2025 py3.14,success,harvested,rate_window=in_hold_excl_drain,post_1420,36767000330,1,110063687183,11121659417,
ubuntu-latest py3.14,success,harvested,rate_window=in_hold_excl_drain,post_1420,36766998289,1,110063647647,11122387327,
windows-2022 py3.14,success,harvested,rate_window=in_hold_excl_drain,post_1420,36766998289,1,110063646946,11121838881,
windows-2025 py3.14,success,harvested,rate_window=in_hold_excl_drain,post_1420,36766998289,1,110063646917,11122898073,
ubuntu-latest py3.14,success,harvested,rate_window=in_hold_excl_drain,post_1420,36766996620,1,110063652010,11122453099,
windows-2022 py3.14,success,harvested,rate_window=in_hold_excl_drain,post_1420,36766996620,1,110063652039,11123032954,
windows-2025 py3.14,success,harvested,rate_window=in_hold_excl_drain,post_1420,36766996620,1,110063651984,11122958176,
ubuntu-latest py3.14,success,harvested,rate_window=in_hold_excl_drain,post_1420,36766994391,1,110064499751,11122567950,
windows-2022 py3.14,success,harvested,rate_window=in_hold_excl_drain,post_1420,36766994391,1,110064499809,11123068256,
windows-2025 py3.14,success,harvested,rate_window=in_hold_excl_drain,post_1420,36766994391,1,110064499770,11122434902,
ubuntu-latest py3.14,success,harvested,rate_window=in_hold_excl_drain,post_1420,36766994578,1,110063656930,11123072160,
windows-2022 py3.14,success,harvested,rate_window=in_hold_excl_drain,post_1420,36766994578,1,110063657170,11122912992,
windows-2025 py3.14,success,harvested,rate_window=in_hold_excl_drain,post_1420,36766994578,1,110063656921,11121689226,
ubuntu-latest py3.14,success,harvested,rate_window=in_hold_excl_drain,post_1420,36766989896,1,110063791109,11121833615,
windows-2022 py3.14,success,harvested,rate_window=in_hold_excl_drain,post_1420,36766989896,1,110063791152,11122353251,
windows-2025 py3.14,success,harvested,rate_window=in_hold_excl_drain,post_1420,36766989896,1,110063791082,11122757587,
ubuntu-latest py3.14,success,harvested,rate_window=in_hold_excl_drain,post_1420,36766549978,1,110062148184,11122971310,
windows-2022 py3.14,success,harvested,rate_window=in_hold_excl_drain,post_1420,36766549978,1,110062147984,11123072353,
windows-2025 py3.14,success,harvested,rate_window=in_hold_excl_drain,post_1420,36766549978,1,110062148136,11121563792,
ubuntu-latest py3.14,success,harvested,rate_window=in_hold_excl_drain,post_1420,36765946088,1,110060120907,11121507440,
windows-2022 py3.14,success,harvested,rate_window=in_hold_excl_drain,post_1420,36765946088,1,110060120964,11122701441,
windows-2025 py3.14,failure,harvested,rate_window=in_hold_excl_drain,post_1420,36765946088,1,110060121018,11122841575,
ubuntu-latest py3.14,failure,harvested,rate_window=in_hold_excl_drain,post_1420,36765832363,1,110059802648,11122511022,
windows-2022 py3.14,failure,harvested,rate_window=in_hold_excl_drain,post_1420,36765832363,1,110059802643,11122951374,
windows-2025 py3.14,failure,harvested,rate_window=in_hold_excl_drain,post_1420,36765832363,1,110059802623,11121578124,
ubuntu-latest py3.14,success,harvested,rate_window=in_hold_excl_drain,post_1420,36765828894,1,110059752087,11122855440,
windows-2022 py3.14,success,harvested,rate_window=in_hold_excl_drain,post_1420,36765828894,1,110059752327,11122831130,
windows-2025 py3.14,success,harvested,rate_window=in_hold_excl_drain,post_1420,36765828894,1,110059752075,11123086248,
ubuntu-latest py3.14,success,harvested,rate_window=in_hold_excl_drain,post_1420,36765752296,1,110059471743,11121372092,
windows-2022 py3.14,success,harvested,rate_window=in_hold_excl_drain,post_1420,36765752296,1,110059471803,11122970858,
windows-2025 py3.14,success,harvested,rate_window=in_hold_excl_drain,post_1420,36765752296,1,110059471603,11121352839,
ubuntu-latest py3.14,success,harvested,rate_window=in_hold_excl_drain,post_1420,36765750243,1,110059436399,11122935670,
windows-2022 py3.14,success,harvested,rate_window=in_hold_excl_drain,post_1420,36765750243,1,110059436531,11122616317,
windows-2025 py3.14,success,harvested,rate_window=in_hold_excl_drain,post_1420,36765750243,1,110059436635,11123196075,
ubuntu-latest py3.14,success,harvested,rate_window=in_hold_excl_drain,post_1420,36765748888,1,110059460804,11121591974,
windows-2022 py3.14,success,harvested,rate_window=in_hold_excl_drain,post_1420,36765748888,1,110059460855,11121827450,
windows-2025 py3.14,success,harvested,rate_window=in_hold_excl_drain,post_1420,36765748888,1,110059460734,11122321318,
ubuntu-latest py3.14,success,harvested,rate_window=in_hold_excl_drain,post_1420,36765664122,1,110059181758,11121756736,
windows-2022 py3.14,success,harvested,rate_window=in_hold_excl_drain,post_1420,36765664122,1,110059181760,11122336163,
windows-2025 py3.14,success,harvested,rate_window=in_hold_excl_drain,post_1420,36765664122,1,110059181644,11121472720,
ubuntu-latest py3.14,success,harvested,rate_window=in_hold_excl_drain,post_1420,36765619255,1,110059004050,11121601774,
windows-2022 py3.14,success,harvested,rate_window=in_hold_excl_drain,post_1420,36765619255,1,110059003898,11122635805,
windows-2025 py3.14,success,harvested,rate_window=in_hold_excl_drain,post_1420,36765619255,1,110059004055,11121457502,
ubuntu-latest py3.14,success,harvested,rate_window=in_hold_excl_drain,post_1420,36765517979,1,110058691150,11121467146,
windows-2022 py3.14,success,harvested,rate_window=in_hold_excl_drain,post_1420,36765517979,1,110058691305,11122505804,
windows-2025 py3.14,success,harvested,rate_window=in_hold_excl_drain,post_1420,36765517979,1,110058691362,11122855851,
ubuntu-latest py3.14,success,harvested,rate_window=in_hold_excl_drain,post_1420,36765516015,1,110058681879,11122445485,
windows-2022 py3.14,success,harvested,rate_window=in_hold_excl_drain,post_1420,36765516015,1,110058681878,11122800656,
windows-2025 py3.14,success,harvested,rate_window=in_hold_excl_drain,post_1420,36765516015,1,110058681913,11123070958,
ubuntu-latest py3.14,success,harvested,rate_window=in_hold_excl_drain,post_1420,36765488564,1,110058594112,11122765668,
windows-2022 py3.14,success,harvested,rate_window=in_hold_excl_drain,post_1420,36765488564,1,110058594028,11122746061,
windows-2025 py3.14,success,harvested,rate_window=in_hold_excl_drain,post_1420,36765488564,1,110058594074,11121357713,
ubuntu-latest py3.14,success,harvested,rate_window=in_hold_excl_drain,post_1420,36764628478,1,110055670349,11120756881,
windows-2022 py3.14,success,harvested,rate_window=in_hold_excl_drain,post_1420,36764628478,1,110055670231,11121590879,
windows-2025 py3.14,cancelled,harvested,rate_window=in_hold_excl_drain,post_1420,36764628478,1,110055670356,11121696196,
ubuntu-latest py3.14,success,harvested,rate_window=in_hold_excl_drain,post_1420,36764254226,1,110054418351,11121155897,
windows-2022 py3.14,failure,harvested,rate_window=in_hold_excl_drain,post_1420,36764254226,1,110054418395,11121321170,
windows-2025 py3.14,success,harvested,rate_window=in_hold_excl_drain,post_1420,36764254226,1,110054418490,11120314442,
ubuntu-latest py3.14,success,harvested,rate_window=in_hold_excl_drain,post_1420,36764251515,1,110054395633,11121400093,
windows-2022 py3.14,success,harvested,rate_window=in_hold_excl_drain,post_1420,36764251515,1,110054395812,11120503871,
windows-2025 py3.14,success,harvested,rate_window=in_hold_excl_drain,post_1420,36764251515,1,110054395752,11120738826,
ubuntu-latest py3.14,success,harvested,rate_window=in_hold_excl_drain,post_1420,36764115626,1,110053955579,11120247863,
windows-2022 py3.14,success,harvested,rate_window=in_hold_excl_drain,post_1420,36764115626,1,110053955475,11121665394,
windows-2025 py3.14,success,harvested,rate_window=in_hold_excl_drain,post_1420,36764115626,1,110053955542,11120508952,
ubuntu-latest py3.14,success,harvested,rate_window=in_hold_excl_drain,post_1420,36763693837,1,110052509664,11119863143,
windows-2022 py3.14,success,harvested,rate_window=in_hold_excl_drain,post_1420,36763693837,1,110052509376,11120093237,
windows-2025 py3.14,success,harvested,rate_window=in_hold_excl_drain,post_1420,36763693837,1,110052509511,11121205498,
ubuntu-latest py3.14,success,harvested,rate_window=in_hold_excl_drain,post_1420,36763465704,1,110052307902,11119882507,
windows-2022 py3.14,success,harvested,rate_window=in_hold_excl_drain,post_1420,36763465704,1,110052307801,11120048374,
windows-2025 py3.14,success,harvested,rate_window=in_hold_excl_drain,post_1420,36763465704,1,110052307920,11120663035,
ubuntu-latest py3.14,failure,harvested,rate_window=in_hold_excl_drain,post_1420,36762700954,1,110049186601,11120306282,
windows-2022 py3.14,failure,harvested,rate_window=in_hold_excl_drain,post_1420,36762700954,1,110049186649,11119792291,
windows-2025 py3.14,failure,harvested,rate_window=in_hold_excl_drain,post_1420,36762700954,1,110049186642,11119852282,
ubuntu-latest py3.14,success,excluded,"no artifact, job or Tests (pytest) step skipped",,36762690268,1,110049088122,,
windows-2022 py3.14,success,excluded,"no artifact, job or Tests (pytest) step skipped",,36762690268,1,110049088085,,
windows-2025 py3.14,success,excluded,"no artifact, job or Tests (pytest) step skipped",,36762690268,1,110049088228,,
ubuntu-latest py3.14,cancelled,unknown_adverse,no artifact,,36762636182,1,110048975993,,
windows-2022 py3.14,cancelled,unknown_adverse,no artifact,,36762636182,1,110048975957,,
windows-2025 py3.14,cancelled,unknown_adverse,no artifact,,36762636182,1,110048975939,,
ubuntu-latest py3.14,success,harvested,rate_window=in_hold_excl_drain,post_1420,36761681998,1,110047080502,11120036388,
windows-2022 py3.14,success,harvested,rate_window=in_hold_excl_drain,post_1420,36761681998,1,110047080588,11120550664,
windows-2025 py3.14,success,harvested,rate_window=in_hold_excl_drain,post_1420,36761681998,1,110047080380,11119533659,
ubuntu-latest py3.14,success,harvested,rate_window=in_hold_excl_drain,post_1420,36761674293,1,110046091430,11119044744,
windows-2022 py3.14,success,harvested,rate_window=in_hold_excl_drain,post_1420,36761674293,1,110046091518,11119826421,
windows-2025 py3.14,success,harvested,rate_window=in_hold_excl_drain,post_1420,36761674293,1,110046091381,11120545374,
ubuntu-latest py3.14,success,harvested,rate_window=in_hold_excl_drain,post_1420,36761673417,1,110046427144,11119169799,
windows-2022 py3.14,success,harvested,rate_window=in_hold_excl_drain,post_1420,36761673417,1,110046426985,11120340348,
windows-2025 py3.14,success,harvested,rate_window=in_hold_excl_drain,post_1420,36761673417,1,110046426979,11120426008,
ubuntu-latest py3.14,failure,harvested,rate_window=in_hold_excl_drain,post_1420,36761658750,1,110045787407,11120315348,
windows-2022 py3.14,failure,harvested,rate_window=in_hold_excl_drain,post_1420,36761658750,1,110045787515,11119841234,
windows-2025 py3.14,failure,harvested,rate_window=in_hold_excl_drain,post_1420,36761658750,1,110045787437,11120235958,
ubuntu-latest py3.14,failure,harvested,rate_window=in_hold_excl_drain,post_1420,36761655647,1,110045988099,11119528487,
windows-2022 py3.14,failure,harvested,rate_window=in_hold_excl_drain,post_1420,36761655647,1,110045988079,11119678797,
windows-2025 py3.14,failure,harvested,rate_window=in_hold_excl_drain,post_1420,36761655647,1,110045987945,11119921346,
ubuntu-latest py3.14,success,excluded,"no artifact, job or Tests (pytest) step skipped",,36761645126,1,110045983104,,
windows-2022 py3.14,success,excluded,"no artifact, job or Tests (pytest) step skipped",,36761645126,1,110045983058,,
windows-2025 py3.14,success,excluded,"no artifact, job or Tests (pytest) step skipped",,36761645126,1,110045983145,,
ubuntu-latest py3.14,failure,harvested,rate_window=in_hold_excl_drain,post_1420,36761639985,1,110045558547,11120380884,
windows-2022 py3.14,success,harvested,rate_window=in_hold_excl_drain,post_1420,36761639985,1,110045558533,11119103828,
windows-2025 py3.14,failure,harvested,rate_window=in_hold_excl_drain,post_1420,36761639985,1,110045558434,11120515606,
ubuntu-latest py3.14,success,harvested,rate_window=in_hold_excl_drain,post_1420,36761631549,1,110045514045,11119728297,
windows-2022 py3.14,success,harvested,rate_window=in_hold_excl_drain,post_1420,36761631549,1,110045513963,11120565343,
windows-2025 py3.14,success,harvested,rate_window=in_hold_excl_drain,post_1420,36761631549,1,110045514055,11119986194,
ubuntu-latest py3.14,success,harvested,rate_window=in_hold_excl_drain,post_1420,36761625151,1,110045766402,11119930792,
windows-2022 py3.14,success,harvested,rate_window=in_hold_excl_drain,post_1420,36761625151,1,110045766369,11119673671,
windows-2025 py3.14,success,harvested,rate_window=in_hold_excl_drain,post_1420,36761625151,1,110045766384,11120335671,
ubuntu-latest py3.14,success,harvested,rate_window=in_hold_excl_drain,post_1420,36761620218,1,110045777512,11120065772,
windows-2022 py3.14,success,harvested,rate_window=in_hold_excl_drain,post_1420,36761620218,1,110045777634,11119528279,
windows-2025 py3.14,success,harvested,rate_window=in_hold_excl_drain,post_1420,36761620218,1,110045777449,11119861224,
ubuntu-latest py3.14,success,harvested,rate_window=in_hold_excl_drain,post_1420,36761614568,1,110045454559,11118659385,
windows-2022 py3.14,success,harvested,rate_window=in_hold_excl_drain,post_1420,36761614568,1,110045454642,11120450273,
windows-2025 py3.14,success,harvested,rate_window=in_hold_excl_drain,post_1420,36761614568,1,110045454560,11120190803,
ubuntu-latest py3.14,success,harvested,rate_window=in_hold_excl_drain,post_1420,36761610096,1,110045427159,11119124330,
windows-2022 py3.14,success,harvested,rate_window=in_hold_excl_drain,post_1420,36761610096,1,110045427195,11119826137,
windows-2025 py3.14,success,harvested,rate_window=in_hold_excl_drain,post_1420,36761610096,1,110045427003,11120085374,
ubuntu-latest py3.14,success,harvested,rate_window=in_hold_excl_drain,post_1420,36761608977,1,110045647610,11119693794,
windows-2022 py3.14,success,harvested,rate_window=in_hold_excl_drain,post_1420,36761608977,1,110045647530,11119950818,
windows-2025 py3.14,success,harvested,rate_window=in_hold_excl_drain,post_1420,36761608977,1,110045647578,11119268919,
ubuntu-latest py3.14,success,harvested,rate_window=in_hold_excl_drain,post_1420,36761602409,1,110045369971,11119084471,
windows-2022 py3.14,success,harvested,rate_window=in_hold_excl_drain,post_1420,36761602409,1,110045370156,11119323438,
windows-2025 py3.14,success,harvested,rate_window=in_hold_excl_drain,post_1420,36761602409,1,110045369997,11120020797,
ubuntu-latest py3.14,success,harvested,rate_window=in_hold_excl_drain,post_1420,36761596086,1,110045359001,11119467661,
windows-2022 py3.14,success,harvested,rate_window=in_hold_excl_drain,post_1420,36761596086,1,110045359038,11119583575,
windows-2025 py3.14,success,harvested,rate_window=in_hold_excl_drain,post_1420,36761596086,1,110045359114,11119198778,
ubuntu-latest py3.14,success,harvested,rate_window=in_hold_excl_drain,post_1420,36761587241,1,110045330974,11118784347,
windows-2022 py3.14,success,harvested,rate_window=in_hold_excl_drain,post_1420,36761587241,1,110045331083,11119347920,
windows-2025 py3.14,success,harvested,rate_window=in_hold_excl_drain,post_1420,36761587241,1,110045331156,11119539564,
ubuntu-latest py3.14,success,excluded,"no artifact, job or Tests (pytest) step skipped",,36761583295,1,110045328558,,
windows-2022 py3.14,success,excluded,"no artifact, job or Tests (pytest) step skipped",,36761583295,1,110045328460,,
windows-2025 py3.14,success,excluded,"no artifact, job or Tests (pytest) step skipped",,36761583295,1,110045328468,,
ubuntu-latest py3.14,success,harvested,rate_window=in_hold_excl_drain,post_1420,36761577703,1,110045280431,11119118480,
windows-2022 py3.14,success,harvested,rate_window=in_hold_excl_drain,post_1420,36761577703,1,110045280551,11119452927,
windows-2025 py3.14,success,harvested,rate_window=in_hold_excl_drain,post_1420,36761577703,1,110045280443,11119905428,
ubuntu-latest py3.14,success,harvested,rate_window=in_hold_excl_drain,post_1420,36761570980,1,110047310954,11120560656,
windows-2022 py3.14,success,harvested,rate_window=in_hold_excl_drain,post_1420,36761570980,1,110047310834,11120426136,
windows-2025 py3.14,success,harvested,rate_window=in_hold_excl_drain,post_1420,36761570980,1,110047310925,11119759156,
ubuntu-latest py3.14,success,harvested,rate_window=in_hold_excl_drain,post_1420,36761567923,1,110046144727,11118824395,
windows-2022 py3.14,success,harvested,rate_window=in_hold_excl_drain,post_1420,36761567923,1,110046144704,11119303627,
windows-2025 py3.14,failure,harvested,rate_window=in_hold_excl_drain,post_1420,36761567923,1,110046144813,11120161171,
ubuntu-latest py3.14,success,harvested,rate_window=in_hold_excl_drain,post_1420,36760442418,1,110041435421,11119377372,
windows-2022 py3.14,success,harvested,rate_window=in_hold_excl_drain,post_1420,36760442418,1,110041435509,11118373943,
windows-2025 py3.14,success,harvested,rate_window=in_hold_excl_drain,post_1420,36760442418,1,110041435448,11118579673,
ubuntu-latest py3.14,success,harvested,rate_window=in_hold_excl_drain,post_1420,36759174908,1,110037136257,11119390509,
windows-2022 py3.14,cancelled,harvested,rate_window=in_hold_excl_drain,post_1420,36759174908,1,110037136208,11118607581,
windows-2025 py3.14,cancelled,harvested,rate_window=in_hold_excl_drain,post_1420,36759174908,1,110037136491,11119136155,
ubuntu-latest py3.14,failure,harvested,rate_window=in_hold_excl_drain,post_1420,36758541795,1,110034974435,11117519394,
windows-2022 py3.14,failure,harvested,rate_window=in_hold_excl_drain,post_1420,36758541795,1,110034974390,11119290557,
windows-2025 py3.14,failure,harvested,rate_window=in_hold_excl_drain,post_1420,36758541795,1,110034974598,11117469811,
ubuntu-latest py3.14,success,harvested,rate_window=in_hold_excl_drain,post_1420,36757919089,1,110033032202,11117699354,
windows-2022 py3.14,success,harvested,rate_window=in_hold_excl_drain,post_1420,36757919089,1,110033032065,11117429575,
windows-2025 py3.14,success,harvested,rate_window=in_hold_excl_drain,post_1420,36757919089,1,110033032258,11117389398,
ubuntu-latest py3.14,failure,harvested,rate_window=in_hold_excl_drain,post_1420,36757744346,1,110032297789,11117973533,
windows-2022 py3.14,success,harvested,rate_window=in_hold_excl_drain,post_1420,36757744346,1,110032297852,11117729650,
windows-2025 py3.14,success,harvested,rate_window=in_hold_excl_drain,post_1420,36757744346,1,110032298110,11118765588,
ubuntu-latest py3.14,success,harvested,rate_window=in_hold_excl_drain,post_1420,36756139003,1,110026875160,11117361597,
windows-2022 py3.14,success,harvested,rate_window=in_hold_excl_drain,post_1420,36756139003,1,110026875337,11117467340,
windows-2025 py3.14,success,harvested,rate_window=in_hold_excl_drain,post_1420,36756139003,1,110026875106,11118031575,
ubuntu-latest py3.14,success,harvested,rate_window=in_hold_excl_drain,post_1420,36755573473,1,110024947145,11116897497,
windows-2022 py3.14,failure,harvested,rate_window=in_hold_excl_drain,post_1420,36755573473,1,110024947167,11117331824,
windows-2025 py3.14,cancelled,harvested,rate_window=in_hold_excl_drain,post_1420,36755573473,1,110024947163,11117781647,
ubuntu-latest py3.14,success,harvested,rate_window=in_hold_excl_drain,post_1420,36753281797,1,110017145377,11116467467,
windows-2022 py3.14,success,harvested,rate_window=in_hold_excl_drain,post_1420,36753281797,1,110017145330,11116632132,
windows-2025 py3.14,success,harvested,rate_window=in_hold_excl_drain,post_1420,36753281797,1,110017145355,11115789781,
ubuntu-latest py3.14,success,harvested,rate_window=in_hold_excl_drain,post_1420,36751757344,1,110012305317,11115267117,
windows-2022 py3.14,success,harvested,rate_window=in_hold_excl_drain,post_1420,36751757344,1,110012305434,11116151458,
windows-2025 py3.14,success,harvested,rate_window=in_hold_excl_drain,post_1420,36751757344,1,110012305513,11116406380,
ubuntu-latest py3.14,success,harvested,rate_window=in_hold_excl_drain,post_1420,36751616933,1,110011525957,11115766489,
windows-2022 py3.14,success,harvested,rate_window=in_hold_excl_drain,post_1420,36751616933,1,110011525838,11116411131,
windows-2025 py3.14,success,harvested,rate_window=in_hold_excl_drain,post_1420,36751616933,1,110011525948,11115822580,
ubuntu-latest py3.14,success,excluded,"no artifact, job or Tests (pytest) step skipped",,36751494767,1,110011109979,,
windows-2022 py3.14,success,excluded,"no artifact, job or Tests (pytest) step skipped",,36751494767,1,110011109834,,
windows-2025 py3.14,success,excluded,"no artifact, job or Tests (pytest) step skipped",,36751494767,1,110011109868,,
ubuntu-latest py3.14,success,harvested,rate_window=in_hold_excl_drain,post_1420,36749393130,1,110003901919,11114078932,
windows-2022 py3.14,cancelled,harvested,rate_window=in_hold_excl_drain,post_1420,36749393130,1,110003901896,11114947505,
windows-2025 py3.14,cancelled,harvested,rate_window=in_hold_excl_drain,post_1420,36749393130,1,110003901819,11114962389,
ubuntu-latest py3.14,success,harvested,rate_window=in_hold_excl_drain,post_1420,36747321679,1,109996802743,11113059315,
windows-2022 py3.14,success,harvested,rate_window=in_hold_excl_drain,post_1420,36747321679,1,109996802624,11114091559,
windows-2025 py3.14,success,harvested,rate_window=in_hold_excl_drain,post_1420,36747321679,1,109996802614,11113971961,
ubuntu-latest py3.14,success,harvested,rate_window=in_hold_excl_drain,post_1420,36745098935,1,109989329574,11113221332,
windows-2022 py3.14,success,harvested,rate_window=in_hold_excl_drain,post_1420,36745098935,1,109989329504,11112518521,
windows-2025 py3.14,success,harvested,rate_window=in_hold_excl_drain,post_1420,36745098935,1,109989329581,11112703480,
ubuntu-latest py3.14,success,harvested,rate_window=in_hold_excl_drain,post_1420,36743341294,1,109983244545,11111673673,
windows-2022 py3.14,success,harvested,rate_window=in_hold_excl_drain,post_1420,36743341294,1,109983244456,11112446271,
windows-2025 py3.14,success,harvested,rate_window=in_hold_excl_drain,post_1420,36743341294,1,109983244719,11111864040,
ubuntu-latest py3.14,success,harvested,rate_window=in_hold_excl_drain,post_1420,36737557465,1,109963260018,11109880609,
windows-2022 py3.14,success,harvested,rate_window=in_hold_excl_drain,post_1420,36737557465,1,109963259891,11110236178,
windows-2025 py3.14,success,harvested,rate_window=in_hold_excl_drain,post_1420,36737557465,1,109963260073,11109976965,
ubuntu-latest py3.14,success,harvested,rate_window=in_hold_excl_drain,post_1420,36737504762,1,109963147944,11110175747,
windows-2022 py3.14,success,harvested,rate_window=in_hold_excl_drain,post_1420,36737504762,1,109963147942,11109776005,
windows-2025 py3.14,success,harvested,rate_window=in_hold_excl_drain,post_1420,36737504762,1,109963148018,11110096899,
ubuntu-latest py3.14,success,harvested,rate_window=in_hold_excl_drain,post_1420,36737183833,1,109961959112,11109161977,
windows-2022 py3.14,success,harvested,rate_window=in_hold_excl_drain,post_1420,36737183833,1,109961958947,11110430701,
windows-2025 py3.14,success,harvested,rate_window=in_hold_excl_drain,post_1420,36737183833,1,109961959129,11109956322,
ubuntu-latest py3.14,success,harvested,rate_window=in_hold_excl_drain,post_1420,36735088795,1,109955202930,11107148475,
windows-2022 py3.14,success,harvested,rate_window=in_hold_excl_drain,post_1420,36735088795,1,109955202874,11107512818,
windows-2025 py3.14,success,harvested,rate_window=in_hold_excl_drain,post_1420,36735088795,1,109955203032,11108365344,
ubuntu-latest py3.14,success,harvested,rate_window=in_hold_excl_drain,post_1420,36735084841,1,109954736334,11107991289,
windows-2022 py3.14,success,harvested,rate_window=in_hold_excl_drain,post_1420,36735084841,1,109954736193,11107309125,
windows-2025 py3.14,failure,harvested,rate_window=in_hold_excl_drain,post_1420,36735084841,1,109954736287,11107871976,
ubuntu-latest py3.14,success,harvested,rate_window=in_hold_excl_drain,post_1420,36735085975,1,109955074942,11107113938,
windows-2022 py3.14,success,harvested,rate_window=in_hold_excl_drain,post_1420,36735085975,1,109955075035,11107841946,
windows-2025 py3.14,success,harvested,rate_window=in_hold_excl_drain,post_1420,36735085975,1,109955074971,11107996897,
ubuntu-latest py3.14,success,harvested,rate_window=in_hold_excl_drain,post_1420,36735079236,1,109954639354,11107995888,
windows-2022 py3.14,success,harvested,rate_window=in_hold_excl_drain,post_1420,36735079236,1,109954639321,11107681730,
windows-2025 py3.14,success,harvested,rate_window=in_hold_excl_drain,post_1420,36735079236,1,109954639442,11109140194,
ubuntu-latest py3.14,success,harvested,rate_window=in_hold_excl_drain,post_1420,36735074401,1,109954638026,11106189932,
windows-2022 py3.14,success,harvested,rate_window=in_hold_excl_drain,post_1420,36735074401,1,109954638086,11107183685,
windows-2025 py3.14,success,harvested,rate_window=in_hold_excl_drain,post_1420,36735074401,1,109954638037,11107019742,
ubuntu-latest py3.14,success,excluded,"no artifact, job or Tests (pytest) step skipped",,36735069065,1,109954621151,,
windows-2022 py3.14,success,excluded,"no artifact, job or Tests (pytest) step skipped",,36735069065,1,109954621198,,
windows-2025 py3.14,success,excluded,"no artifact, job or Tests (pytest) step skipped",,36735069065,1,109954621017,,
ubuntu-latest py3.14,failure,harvested,rate_window=in_hold_excl_drain,post_1420,36735062158,1,109954636470,11108015877,
windows-2022 py3.14,failure,harvested,rate_window=in_hold_excl_drain,post_1420,36735062158,1,109954636760,11106899715,
windows-2025 py3.14,failure,harvested,rate_window=in_hold_excl_drain,post_1420,36735062158,1,109954638325,11107951771,
ubuntu-latest py3.14,failure,harvested,rate_window=in_hold_excl_drain,post_1420,36735058891,1,109954595469,11107113240,
windows-2022 py3.14,failure,harvested,rate_window=in_hold_excl_drain,post_1420,36735058891,1,109954595445,11107144431,
windows-2025 py3.14,failure,harvested,rate_window=in_hold_excl_drain,post_1420,36735058891,1,109954595353,11107861732,
ubuntu-latest py3.14,success,harvested,rate_window=in_hold_excl_drain,post_1420,36735054773,1,109954571587,11108035565,
windows-2022 py3.14,success,harvested,rate_window=in_hold_excl_drain,post_1420,36735054773,1,109954571429,11108375254,
windows-2025 py3.14,success,harvested,rate_window=in_hold_excl_drain,post_1420,36735054773,1,109954571623,11108195925,
ubuntu-latest py3.14,success,harvested,rate_window=in_hold_excl_drain,post_1420,36735049973,1,109954581495,11107796046,
windows-2022 py3.14,failure,harvested,rate_window=in_hold_excl_drain,post_1420,36735049973,1,109954581283,11108075575,
windows-2025 py3.14,success,harvested,rate_window=in_hold_excl_drain,post_1420,36735049973,1,109954581339,11106969417,
ubuntu-latest py3.14,success,harvested,rate_window=in_hold_excl_drain,post_1420,36735045073,1,109954554260,11108255068,
windows-2022 py3.14,success,harvested,rate_window=in_hold_excl_drain,post_1420,36735045073,1,109954554127,11107328762,
windows-2025 py3.14,success,harvested,rate_window=in_hold_excl_drain,post_1420,36735045073,1,109954554242,11108275802,
ubuntu-latest py3.14,failure,harvested,rate_window=in_hold_excl_drain,post_1420,36734892800,1,109954878599,11108300020,
windows-2022 py3.14,failure,harvested,rate_window=in_hold_excl_drain,post_1420,36734892800,1,109954878716,11107283857,
windows-2025 py3.14,failure,harvested,rate_window=in_hold_excl_drain,post_1420,36734892800,1,109954878433,11109235042,
ubuntu-latest py3.14,cancelled,excluded,"no artifact, job or Tests (pytest) step skipped",,36734835411,1,109953863262,,
windows-2022 py3.14,cancelled,unknown_adverse,no artifact,,36734835411,1,109953863208,,
windows-2025 py3.14,cancelled,unknown_adverse,no artifact,,36734835411,1,109953863454,,
ubuntu-latest py3.14,success,harvested,rate_window=in_hold_excl_drain,post_1420,36734630623,1,109953116580,11107273213,
windows-2022 py3.14,success,harvested,rate_window=in_hold_excl_drain,post_1420,36734630623,1,109953116598,11107439381,
windows-2025 py3.14,success,harvested,rate_window=in_hold_excl_drain,post_1420,36734630623,1,109953117310,11107448227,
ubuntu-latest py3.14,cancelled,harvested,rate_window=in_hold_excl_drain,post_1420,36733146699,1,109947912370,11106916448,
windows-2022 py3.14,cancelled,unknown_adverse,no artifact,,36733146699,1,109947912507,,
windows-2025 py3.14,cancelled,unknown_adverse,no artifact,,36733146699,1,109947912339,,
ubuntu-latest py3.14,success,harvested,rate_window=in_hold_excl_drain,post_1420,36731857430,1,109943393920,11105774827,
windows-2022 py3.14,success,harvested,rate_window=in_hold_excl_drain,post_1420,36731857430,1,109943393865,11106641208,
windows-2025 py3.14,success,harvested,rate_window=in_hold_excl_drain,post_1420,36731857430,1,109943394127,11106666348,
ubuntu-latest py3.14,success,harvested,rate_window=in_hold_excl_drain,post_1420,36729672143,1,109935711718,11105192232,
windows-2022 py3.14,success,harvested,rate_window=in_hold_excl_drain,post_1420,36729672143,1,109935711649,11105317370,
windows-2025 py3.14,success,harvested,rate_window=in_hold_excl_drain,post_1420,36729672143,1,109935711944,11105178125,
ubuntu-latest py3.14,success,harvested,rate_window=in_hold_excl_drain,post_1420,36729312309,1,109934466574,11105107250,
windows-2022 py3.14,success,harvested,rate_window=in_hold_excl_drain,post_1420,36729312309,1,109934466406,11105751835,
windows-2025 py3.14,failure,harvested,rate_window=in_hold_excl_drain,post_1420,36729312309,1,109934466407,11104528303,
ubuntu-latest py3.14,success,harvested,rate_window=in_hold_excl_drain,post_1420,36726533901,1,109924839136,11103218613,
windows-2022 py3.14,success,harvested,rate_window=in_hold_excl_drain,post_1420,36726533901,1,109924838791,11103998138,
windows-2025 py3.14,success,harvested,rate_window=in_hold_excl_drain,post_1420,36726533901,1,109924838960,11103654304,
ubuntu-latest py3.14,success,harvested,rate_window=in_hold_excl_drain,post_1420,36726452076,1,109924546417,11103084296,
windows-2022 py3.14,success,harvested,rate_window=in_hold_excl_drain,post_1420,36726452076,1,109924546202,11103428995,
windows-2025 py3.14,success,harvested,rate_window=in_hold_excl_drain,post_1420,36726452076,1,109924546228,11103554556,
ubuntu-latest py3.14,success,excluded,"no artifact, job or Tests (pytest) step skipped",,36724946138,1,109919423889,,
windows-2022 py3.14,success,excluded,"no artifact, job or Tests (pytest) step skipped",,36724946138,1,109919423460,,
windows-2025 py3.14,success,excluded,"no artifact, job or Tests (pytest) step skipped",,36724946138,1,109919423553,,
ubuntu-latest py3.14,success,harvested,rate_window=in_hold_excl_drain,post_1420,36724153299,1,109917377451,11103050273,
windows-2022 py3.14,success,harvested,rate_window=in_hold_excl_drain,post_1420,36724153299,1,109917377344,11103591209,
windows-2025 py3.14,success,harvested,rate_window=in_hold_excl_drain,post_1420,36724153299,1,109917377314,11102961934,
ubuntu-latest py3.14,cancelled,unknown_adverse,no artifact,,36723949167,1,109915985415,,
windows-2022 py3.14,cancelled,unknown_adverse,no artifact,,36723949167,1,109915985351,,
windows-2025 py3.14,cancelled,unknown_adverse,no artifact,,36723949167,1,109915985369,,
ubuntu-latest py3.14,success,harvested,rate_window=in_hold_excl_drain,post_1420,36722557429,1,109911247890,11101817692,
windows-2022 py3.14,success,harvested,rate_window=in_hold_excl_drain,post_1420,36722557429,1,109911247730,11102049290,
windows-2025 py3.14,success,harvested,rate_window=in_hold_excl_drain,post_1420,36722557429,1,109911247530,11101914617,
ubuntu-latest py3.14,success,harvested,rate_window=in_hold_excl_drain,post_1420,36722039577,1,109909438773,11101797606,
windows-2022 py3.14,success,harvested,rate_window=in_hold_excl_drain,post_1420,36722039577,1,109909439179,11102058362,
windows-2025 py3.14,success,harvested,rate_window=in_hold_excl_drain,post_1420,36722039577,1,109909438993,11102268713,
ubuntu-latest py3.14,success,harvested,rate_window=in_hold_excl_drain,post_1420,36720972530,1,109905798077,11101620466,
windows-2022 py3.14,success,harvested,rate_window=in_hold_excl_drain,post_1420,36720972530,1,109905797937,11102201568,
windows-2025 py3.14,success,harvested,rate_window=in_hold_excl_drain,post_1420,36720972530,1,109905798179,11102397089,
ubuntu-latest py3.14,failure,harvested,rate_window=in_hold_excl_drain,post_1420,36720949108,1,109905731059,11101151184,
windows-2022 py3.14,failure,harvested,rate_window=in_hold_excl_drain,post_1420,36720949108,1,109905731095,11102366712,
windows-2025 py3.14,failure,harvested,rate_window=in_hold_excl_drain,post_1420,36720949108,1,109905731303,11102426927,
ubuntu-latest py3.14,failure,harvested,rate_window=in_hold_excl_drain,post_1420,36720946998,1,109905714381,11101205568,
windows-2022 py3.14,failure,harvested,rate_window=in_hold_excl_drain,post_1420,36720946998,1,109905714532,11102301738,
windows-2025 py3.14,failure,harvested,rate_window=in_hold_excl_drain,post_1420,36720946998,1,109905714665,11102237079,
ubuntu-latest py3.14,success,harvested,rate_window=in_hold_excl_drain,post_1420,36720844413,1,109905393966,11101156041,
windows-2022 py3.14,success,harvested,rate_window=in_hold_excl_drain,post_1420,36720844413,1,109905394032,11101935953,
windows-2025 py3.14,success,harvested,rate_window=in_hold_excl_drain,post_1420,36720844413,1,109905394096,11102076539,
ubuntu-latest py3.14,success,harvested,rate_window=in_hold_excl_drain,post_1420,36720598780,1,109904519708,11101675761,
windows-2022 py3.14,success,harvested,rate_window=in_hold_excl_drain,post_1420,36720598780,1,109904519838,11101286267,
windows-2025 py3.14,success,harvested,rate_window=in_hold_excl_drain,post_1420,36720598780,1,109904519714,11102441081,
ubuntu-latest py3.14,success,harvested,rate_window=in_hold_excl_drain,post_1420,36720532980,1,109904287922,11101975274,
windows-2022 py3.14,success,harvested,rate_window=in_hold_excl_drain,post_1420,36720532980,1,109904287752,11101715766,
windows-2025 py3.14,success,harvested,rate_window=in_hold_excl_drain,post_1420,36720532980,1,109904287801,11101436607,
