population,leg,lane,count,value,job_conclusion,run_id,run_attempt,job_id,head_sha,artifact_created_at
post_2024,ubuntu-latest py3.14,fixed_aggregate,12,36.18181818181818,success,36913644165,1,110542835445,c7348832e,2026-10-01T19:42:09Z
post_2024,ubuntu-latest py3.14,fixed_per_conn,12,39.8125,success,36913644165,1,110542835445,c7348832e,2026-10-01T19:42:09Z
post_2024,windows-2022 py3.14,fixed_aggregate,12,24.439999999999998,cancelled,36913644165,1,110542835449,c7348832e,2026-10-01T19:43:40Z
post_2024,windows-2022 py3.14,fixed_per_conn,12,5.357142857142858,cancelled,36913644165,1,110542835449,c7348832e,2026-10-01T19:43:40Z
post_2024,windows-2025 py3.14,fixed_aggregate,12,24.782608695652176,cancelled,36913644165,1,110542835480,c7348832e,2026-10-01T19:44:15Z
post_2024,windows-2025 py3.14,fixed_per_conn,12,37.0,cancelled,36913644165,1,110542835480,c7348832e,2026-10-01T19:44:15Z
post_2024,ubuntu-latest py3.14,fixed_aggregate,12,35.39393939393939,success,36910657460,1,110532699692,0e911d3df,2026-10-01T19:15:12Z
post_2024,ubuntu-latest py3.14,fixed_per_conn,12,39.125,success,36910657460,1,110532699692,0e911d3df,2026-10-01T19:15:12Z
post_2024,windows-2022 py3.14,fixed_aggregate,12,31.26923076923077,success,36910657460,1,110532699426,0e911d3df,2026-10-01T19:18:34Z
post_2024,windows-2022 py3.14,fixed_per_conn,12,38.82352941176471,success,36910657460,1,110532699426,0e911d3df,2026-10-01T19:18:34Z
post_2024,windows-2025 py3.14,fixed_aggregate,12,30.384615384615383,success,36910657460,1,110532699500,0e911d3df,2026-10-01T19:19:19Z
post_2024,windows-2025 py3.14,fixed_per_conn,12,37.125,success,36910657460,1,110532699500,0e911d3df,2026-10-01T19:19:19Z
post_2024,ubuntu-latest py3.14,fixed_aggregate,12,34.64705882352941,failure,36906869205,1,110519598731,38a543e16,2026-10-01T18:46:40Z
post_2024,ubuntu-latest py3.14,fixed_per_conn,12,39.3125,failure,36906869205,1,110519598731,38a543e16,2026-10-01T18:46:40Z
post_2024,windows-2022 py3.14,fixed_aggregate,12,31.230769230769234,failure,36906869205,1,110519598661,38a543e16,2026-10-01T18:43:06Z
post_2024,windows-2022 py3.14,fixed_per_conn,12,37.625,failure,36906869205,1,110519598661,38a543e16,2026-10-01T18:43:06Z
post_2024,windows-2025 py3.14,fixed_aggregate,12,21.346153846153847,failure,36906869205,1,110519598870,38a543e16,2026-10-01T18:46:26Z
post_2024,windows-2025 py3.14,fixed_per_conn,12,35.58823529411765,failure,36906869205,1,110519598870,38a543e16,2026-10-01T18:46:26Z
post_2024,ubuntu-latest py3.14,fixed_aggregate,12,36.06060606060606,success,36906695177,1,110519507364,a273666af,2026-10-01T18:43:02Z
post_2024,ubuntu-latest py3.14,fixed_per_conn,12,39.68749999999999,success,36906695177,1,110519507364,a273666af,2026-10-01T18:43:02Z
post_2024,windows-2022 py3.14,fixed_aggregate,12,23.28,success,36906695177,1,110519507443,a273666af,2026-10-01T18:47:01Z
post_2024,windows-2022 py3.14,fixed_per_conn,12,39.70588235294118,success,36906695177,1,110519507443,a273666af,2026-10-01T18:47:01Z
post_2024,windows-2025 py3.14,fixed_aggregate,12,38.63636363636363,success,36906695177,1,110519507512,a273666af,2026-10-01T18:46:30Z
post_2024,windows-2025 py3.14,fixed_per_conn,12,40.54545454545454,success,36906695177,1,110519507512,a273666af,2026-10-01T18:46:30Z
post_2024,ubuntu-latest py3.14,fixed_aggregate,12,37.34375,success,36904267179,1,110510897468,698a51baf,2026-10-01T18:23:13Z
post_2024,ubuntu-latest py3.14,fixed_per_conn,12,37.0,success,36904267179,1,110510897468,698a51baf,2026-10-01T18:23:13Z
post_2024,windows-2022 py3.14,fixed_aggregate,12,26.111111111111114,success,36904267179,1,110510897490,698a51baf,2026-10-01T18:26:13Z
post_2024,windows-2022 py3.14,fixed_per_conn,12,33.92307692307693,success,36904267179,1,110510897490,698a51baf,2026-10-01T18:26:13Z
post_2024,windows-2025 py3.14,fixed_aggregate,12,31.884615384615383,success,36904267179,1,110510897446,698a51baf,2026-10-01T18:26:48Z
post_2024,windows-2025 py3.14,fixed_per_conn,12,39.57142857142857,success,36904267179,1,110510897446,698a51baf,2026-10-01T18:26:48Z
post_2024,ubuntu-latest py3.14,fixed_aggregate,12,35.264705882352935,success,36904260899,1,110510857470,aa171dbbd,2026-10-01T18:22:54Z
post_2024,ubuntu-latest py3.14,fixed_per_conn,12,39.6875,success,36904260899,1,110510857470,aa171dbbd,2026-10-01T18:22:54Z
post_2024,windows-2022 py3.14,fixed_aggregate,12,17.962962962962962,cancelled,36904260899,1,110510857222,aa171dbbd,2026-10-01T18:26:17Z
post_2024,windows-2022 py3.14,fixed_per_conn,12,39.18181818181818,cancelled,36904260899,1,110510857222,aa171dbbd,2026-10-01T18:26:17Z
post_2024,windows-2025 py3.14,fixed_aggregate,12,25.538461538461537,success,36904260899,1,110510857362,aa171dbbd,2026-10-01T18:24:09Z
post_2024,windows-2025 py3.14,fixed_per_conn,12,35.1764705882353,success,36904260899,1,110510857362,aa171dbbd,2026-10-01T18:24:09Z
post_2024,ubuntu-latest py3.14,fixed_aggregate,12,36.029411764705884,success,36902837485,1,110506059714,6e68b2047,2026-10-01T18:14:41Z
post_2024,ubuntu-latest py3.14,fixed_per_conn,12,39.3125,success,36902837485,1,110506059714,6e68b2047,2026-10-01T18:14:41Z
post_2024,windows-2022 py3.14,fixed_aggregate,12,25.799999999999997,success,36902837485,1,110506059577,6e68b2047,2026-10-01T18:16:08Z
post_2024,windows-2022 py3.14,fixed_per_conn,12,35.58333333333333,success,36902837485,1,110506059577,6e68b2047,2026-10-01T18:16:08Z
post_2024,windows-2025 py3.14,fixed_aggregate,12,26.730769230769226,success,36902837485,1,110506059542,6e68b2047,2026-10-01T18:16:29Z
post_2024,windows-2025 py3.14,fixed_per_conn,12,37.411764705882355,success,36902837485,1,110506059542,6e68b2047,2026-10-01T18:16:29Z
post_2024,ubuntu-latest py3.14,fixed_aggregate,12,35.54545454545455,success,36901063874,1,110500610147,698a51baf,2026-10-01T17:58:20Z
post_2024,ubuntu-latest py3.14,fixed_per_conn,12,40.3125,success,36901063874,1,110500610147,698a51baf,2026-10-01T17:58:20Z
post_2024,windows-2022 py3.14,fixed_aggregate,12,25.040000000000003,success,36901063874,1,110500610081,698a51baf,2026-10-01T18:00:40Z
post_2024,windows-2022 py3.14,fixed_per_conn,12,35.875,success,36901063874,1,110500610081,698a51baf,2026-10-01T18:00:40Z
post_2024,windows-2025 py3.14,fixed_aggregate,12,14.85185185185185,success,36901063874,1,110500610326,698a51baf,2026-10-01T18:04:57Z
post_2024,windows-2025 py3.14,fixed_per_conn,12,38.333333333333336,success,36901063874,1,110500610326,698a51baf,2026-10-01T18:04:57Z
post_2024,ubuntu-latest py3.14,fixed_aggregate,12,34.411764705882355,success,36900834171,1,110499404999,2e94fb563,2026-10-01T17:55:40Z
post_2024,ubuntu-latest py3.14,fixed_per_conn,12,39.375,success,36900834171,1,110499404999,2e94fb563,2026-10-01T17:55:40Z
post_2024,windows-2022 py3.14,fixed_aggregate,12,29.02941176470588,success,36900834171,1,110499404848,2e94fb563,2026-10-01T17:55:06Z
post_2024,windows-2022 py3.14,fixed_per_conn,12,35.94117647058823,success,36900834171,1,110499404848,2e94fb563,2026-10-01T17:55:06Z
post_2024,windows-2025 py3.14,fixed_aggregate,12,23.884615384615383,success,36900834171,1,110499404922,2e94fb563,2026-10-01T18:00:16Z
post_2024,windows-2025 py3.14,fixed_per_conn,12,37.833333333333336,success,36900834171,1,110499404922,2e94fb563,2026-10-01T18:00:16Z
post_2024,ubuntu-latest py3.14,fixed_aggregate,12,36.83870967741935,failure,36899266832,1,110494145964,3f7df98e4,2026-10-01T17:38:15Z
post_2024,ubuntu-latest py3.14,fixed_per_conn,12,39.43749999999999,failure,36899266832,1,110494145964,3f7df98e4,2026-10-01T17:38:15Z
post_2024,ubuntu-latest py3.14,fixed_aggregate,12,36.333333333333336,success,36897607301,1,110488571168,2e94fb563,2026-10-01T17:28:53Z
post_2024,ubuntu-latest py3.14,fixed_per_conn,12,37.4375,success,36897607301,1,110488571168,2e94fb563,2026-10-01T17:28:53Z
post_2024,windows-2022 py3.14,fixed_aggregate,12,27.192307692307693,success,36897607301,1,110488571068,2e94fb563,2026-10-01T17:37:36Z
post_2024,windows-2022 py3.14,fixed_per_conn,12,38.8235294117647,success,36897607301,1,110488571068,2e94fb563,2026-10-01T17:37:36Z
post_2024,windows-2025 py3.14,fixed_aggregate,12,23.599999999999998,success,36897607301,1,110488571084,2e94fb563,2026-10-01T17:34:08Z
post_2024,windows-2025 py3.14,fixed_per_conn,12,38.42857142857142,success,36897607301,1,110488571084,2e94fb563,2026-10-01T17:34:08Z
post_2024,ubuntu-latest py3.14,fixed_aggregate,12,36.67741935483871,success,36896588690,1,110485122762,5e911c509,2026-10-01T17:18:16Z
post_2024,ubuntu-latest py3.14,fixed_per_conn,12,41.06666666666667,success,36896588690,1,110485122762,5e911c509,2026-10-01T17:18:16Z
post_2024,windows-2022 py3.14,fixed_aggregate,12,27.520000000000003,success,36896588690,1,110485122831,5e911c509,2026-10-01T17:21:58Z
post_2024,windows-2022 py3.14,fixed_per_conn,12,35.00000000000001,success,36896588690,1,110485122831,5e911c509,2026-10-01T17:21:58Z
post_2024,windows-2025 py3.14,fixed_aggregate,12,28.28,failure,36896588690,1,110485122864,5e911c509,2026-10-01T17:25:46Z
post_2024,windows-2025 py3.14,fixed_per_conn,12,30.187500000000004,failure,36896588690,1,110485122864,5e911c509,2026-10-01T17:25:46Z
post_2024,ubuntu-latest py3.14,fixed_aggregate,12,36.59375,success,36896389180,1,110484442642,b9f17c88c,2026-10-01T17:19:23Z
post_2024,ubuntu-latest py3.14,fixed_per_conn,12,39.375,success,36896389180,1,110484442642,b9f17c88c,2026-10-01T17:19:23Z
post_2024,windows-2022 py3.14,fixed_aggregate,12,31.653846153846157,success,36896389180,1,110484442850,b9f17c88c,2026-10-01T17:17:24Z
post_2024,windows-2022 py3.14,fixed_per_conn,12,35.1764705882353,success,36896389180,1,110484442850,b9f17c88c,2026-10-01T17:17:24Z
post_2024,windows-2025 py3.14,fixed_aggregate,12,29.20689655172414,success,36896389180,1,110484442736,b9f17c88c,2026-10-01T17:23:35Z
post_2024,windows-2025 py3.14,fixed_per_conn,12,39.294117647058826,success,36896389180,1,110484442736,b9f17c88c,2026-10-01T17:23:35Z
post_2024,ubuntu-latest py3.14,fixed_aggregate,12,35.46875,success,36894889611,1,110479651084,10191cc7b,2026-10-01T17:02:31Z
post_2024,ubuntu-latest py3.14,fixed_per_conn,12,40.5,success,36894889611,1,110479651084,10191cc7b,2026-10-01T17:02:31Z
post_2024,windows-2022 py3.14,fixed_aggregate,12,26.230769230769226,success,36894889611,1,110479651161,10191cc7b,2026-10-01T17:10:48Z
post_2024,windows-2022 py3.14,fixed_per_conn,12,35.58823529411765,success,36894889611,1,110479651161,10191cc7b,2026-10-01T17:10:48Z
post_2024,windows-2025 py3.14,fixed_aggregate,12,28.192307692307697,success,36894889611,1,110479651076,10191cc7b,2026-10-01T17:13:13Z
post_2024,windows-2025 py3.14,fixed_per_conn,12,35.0,success,36894889611,1,110479651076,10191cc7b,2026-10-01T17:13:13Z
post_2024,ubuntu-latest py3.14,fixed_aggregate,12,36.81249999999999,success,36893810821,1,110475807238,5e911c509,2026-10-01T16:55:22Z
post_2024,ubuntu-latest py3.14,fixed_per_conn,12,40.06666666666667,success,36893810821,1,110475807238,5e911c509,2026-10-01T16:55:22Z
post_2024,windows-2022 py3.14,fixed_aggregate,12,14.5,success,36893810821,1,110475807459,5e911c509,2026-10-01T17:02:13Z
post_2024,windows-2022 py3.14,fixed_per_conn,12,37.6,success,36893810821,1,110475807459,5e911c509,2026-10-01T17:02:13Z
post_2024,windows-2025 py3.14,fixed_aggregate,12,23.73333333333333,success,36893810821,1,110475807328,5e911c509,2026-10-01T17:03:02Z
post_2024,windows-2025 py3.14,fixed_per_conn,12,40.07142857142857,success,36893810821,1,110475807328,5e911c509,2026-10-01T17:03:02Z
post_2024,ubuntu-latest py3.14,fixed_aggregate,12,36.387096774193544,success,36893617621,1,110475139793,b9f17c88c,2026-10-01T16:51:23Z
post_2024,ubuntu-latest py3.14,fixed_per_conn,12,39.31250000000001,success,36893617621,1,110475139793,b9f17c88c,2026-10-01T16:51:23Z
post_2024,windows-2022 py3.14,fixed_aggregate,12,28.461538461538463,success,36893617621,1,110475139787,b9f17c88c,2026-10-01T17:00:49Z
post_2024,windows-2022 py3.14,fixed_per_conn,12,37.05882352941176,success,36893617621,1,110475139787,b9f17c88c,2026-10-01T17:00:49Z
post_2024,windows-2025 py3.14,fixed_aggregate,12,27.423076923076923,success,36893617621,1,110475139768,b9f17c88c,2026-10-01T17:01:23Z
post_2024,windows-2025 py3.14,fixed_per_conn,12,39.666666666666664,success,36893617621,1,110475139768,b9f17c88c,2026-10-01T17:01:23Z
post_2024,ubuntu-latest py3.14,fixed_aggregate,12,35.470588235294116,success,36893614300,1,110475117669,b48610120,2026-10-01T16:57:09Z
post_2024,ubuntu-latest py3.14,fixed_per_conn,12,39.6875,success,36893614300,1,110475117669,b48610120,2026-10-01T16:57:09Z
post_2024,windows-2022 py3.14,fixed_aggregate,12,30.884615384615387,success,36893614300,1,110475117664,b48610120,2026-10-01T16:56:52Z
post_2024,windows-2022 py3.14,fixed_per_conn,12,39.6875,success,36893614300,1,110475117664,b48610120,2026-10-01T16:56:52Z
post_2024,windows-2025 py3.14,fixed_aggregate,12,28.423076923076923,success,36893614300,1,110475117535,b48610120,2026-10-01T17:01:19Z
post_2024,windows-2025 py3.14,fixed_per_conn,12,40.0,success,36893614300,1,110475117535,b48610120,2026-10-01T17:01:19Z
post_2024,ubuntu-latest py3.14,fixed_aggregate,12,36.677419354838705,success,36892879485,1,110472798111,a2f0806fb,2026-10-01T16:46:13Z
post_2024,ubuntu-latest py3.14,fixed_per_conn,12,39.6875,success,36892879485,1,110472798111,a2f0806fb,2026-10-01T16:46:13Z
post_2024,windows-2022 py3.14,fixed_aggregate,12,26.739130434782606,success,36892879485,1,110472798201,a2f0806fb,2026-10-01T16:55:23Z
post_2024,windows-2022 py3.14,fixed_per_conn,12,36.1875,success,36892879485,1,110472798201,a2f0806fb,2026-10-01T16:55:23Z
post_2024,windows-2025 py3.14,fixed_aggregate,12,19.666666666666668,success,36892879485,1,110472798190,a2f0806fb,2026-10-01T16:54:53Z
post_2024,windows-2025 py3.14,fixed_per_conn,12,35.36363636363637,success,36892879485,1,110472798190,a2f0806fb,2026-10-01T16:54:53Z
post_2024,ubuntu-latest py3.14,fixed_aggregate,12,33.31428571428572,success,36892551321,1,110471614599,67b12875e,2026-10-01T16:49:16Z
post_2024,ubuntu-latest py3.14,fixed_per_conn,12,39.4375,success,36892551321,1,110471614599,67b12875e,2026-10-01T16:49:16Z
post_2024,windows-2022 py3.14,fixed_aggregate,12,27.11428571428571,success,36892551321,1,110471614216,67b12875e,2026-10-01T16:50:36Z
post_2024,windows-2022 py3.14,fixed_per_conn,12,39.125,success,36892551321,1,110471614216,67b12875e,2026-10-01T16:50:36Z
post_2024,windows-2025 py3.14,fixed_aggregate,12,24.264705882352942,success,36892551321,1,110471614464,67b12875e,2026-10-01T16:52:13Z
post_2024,windows-2025 py3.14,fixed_per_conn,12,39.50000000000001,success,36892551321,1,110471614464,67b12875e,2026-10-01T16:52:13Z
post_2024,ubuntu-latest py3.14,fixed_aggregate,12,30.575757575757574,success,36892375697,1,110471030441,1e77d30ea,2026-10-01T16:44:54Z
post_2024,ubuntu-latest py3.14,fixed_per_conn,12,34.625,success,36892375697,1,110471030441,1e77d30ea,2026-10-01T16:44:54Z
post_2024,windows-2022 py3.14,fixed_aggregate,12,21.08695652173913,success,36892375697,1,110471030446,1e77d30ea,2026-10-01T16:49:50Z
post_2024,windows-2022 py3.14,fixed_per_conn,12,37.411764705882355,success,36892375697,1,110471030446,1e77d30ea,2026-10-01T16:49:50Z
post_2024,windows-2025 py3.14,fixed_aggregate,12,30.740740740740744,success,36892375697,1,110471030309,1e77d30ea,2026-10-01T16:50:55Z
post_2024,windows-2025 py3.14,fixed_per_conn,12,35.375,success,36892375697,1,110471030309,1e77d30ea,2026-10-01T16:50:55Z
post_2024,ubuntu-latest py3.14,fixed_aggregate,12,35.19444444444444,success,36891329655,1,110467534501,c3da5caa2,2026-10-01T16:41:38Z
post_2024,ubuntu-latest py3.14,fixed_per_conn,12,38.1875,success,36891329655,1,110467534501,c3da5caa2,2026-10-01T16:41:38Z
post_2024,windows-2022 py3.14,fixed_aggregate,12,34.46153846153846,success,36891329655,1,110467534441,c3da5caa2,2026-10-01T16:40:38Z
post_2024,windows-2022 py3.14,fixed_per_conn,12,39.35294117647059,success,36891329655,1,110467534441,c3da5caa2,2026-10-01T16:40:38Z
post_2024,windows-2025 py3.14,fixed_aggregate,12,31.314285714285713,success,36891329655,1,110467534465,c3da5caa2,2026-10-01T16:43:27Z
post_2024,windows-2025 py3.14,fixed_per_conn,12,39.1764705882353,success,36891329655,1,110467534465,c3da5caa2,2026-10-01T16:43:27Z
post_2024,ubuntu-latest py3.14,fixed_aggregate,12,35.515151515151516,success,36890966923,1,110466311402,fb4d66e13,2026-10-01T16:35:45Z
post_2024,ubuntu-latest py3.14,fixed_per_conn,12,39.625,success,36890966923,1,110466311402,fb4d66e13,2026-10-01T16:35:45Z
post_2024,windows-2022 py3.14,fixed_aggregate,12,23.80769230769231,success,36890966923,1,110466311269,fb4d66e13,2026-10-01T16:39:14Z
post_2024,windows-2022 py3.14,fixed_per_conn,12,35.23529411764706,success,36890966923,1,110466311269,fb4d66e13,2026-10-01T16:39:14Z
post_2024,windows-2025 py3.14,fixed_aggregate,12,28.74074074074074,success,36890966923,1,110466311210,fb4d66e13,2026-10-01T16:39:12Z
post_2024,windows-2025 py3.14,fixed_per_conn,12,39.23529411764706,success,36890966923,1,110466311210,fb4d66e13,2026-10-01T16:39:12Z
post_2024,ubuntu-latest py3.14,fixed_aggregate,12,34.0,success,36890892296,1,110466084205,b48610120,2026-10-01T16:34:50Z
post_2024,ubuntu-latest py3.14,fixed_per_conn,12,39.1875,success,36890892296,1,110466084205,b48610120,2026-10-01T16:34:50Z
post_2024,windows-2022 py3.14,fixed_aggregate,12,29.304347826086957,success,36890892296,1,110466084116,b48610120,2026-10-01T16:38:54Z
post_2024,windows-2022 py3.14,fixed_per_conn,12,39.5,success,36890892296,1,110466084116,b48610120,2026-10-01T16:38:54Z
post_2024,windows-2025 py3.14,fixed_aggregate,12,21.269230769230766,success,36890892296,1,110466084229,b48610120,2026-10-01T16:38:38Z
post_2024,windows-2025 py3.14,fixed_per_conn,12,37.0,success,36890892296,1,110466084229,b48610120,2026-10-01T16:38:38Z
post_2024,ubuntu-latest py3.14,fixed_aggregate,12,34.85294117647059,success,36890763461,1,110465638833,d078b6ef7,2026-10-01T16:34:35Z
post_2024,ubuntu-latest py3.14,fixed_per_conn,12,39.25,success,36890763461,1,110465638833,d078b6ef7,2026-10-01T16:34:35Z
post_2024,windows-2022 py3.14,fixed_aggregate,12,26.4,success,36890763461,1,110465639180,d078b6ef7,2026-10-01T16:37:13Z
post_2024,windows-2022 py3.14,fixed_per_conn,12,38.46666666666666,success,36890763461,1,110465639180,d078b6ef7,2026-10-01T16:37:13Z
post_2024,windows-2025 py3.14,fixed_aggregate,12,26.307692307692307,success,36890763461,1,110465638813,d078b6ef7,2026-10-01T16:38:54Z
post_2024,windows-2025 py3.14,fixed_per_conn,12,40.125,success,36890763461,1,110465638813,d078b6ef7,2026-10-01T16:38:54Z
post_2024,ubuntu-latest py3.14,fixed_aggregate,12,35.75757575757576,success,36890317874,1,110464462627,d401cdb5b,2026-10-01T16:32:22Z
post_2024,ubuntu-latest py3.14,fixed_per_conn,12,39.4375,success,36890317874,1,110464462627,d401cdb5b,2026-10-01T16:32:22Z
post_2024,windows-2022 py3.14,fixed_aggregate,12,23.441176470588236,success,36890317874,1,110464462693,d401cdb5b,2026-10-01T16:33:37Z
post_2024,windows-2022 py3.14,fixed_per_conn,12,37.588235294117645,success,36890317874,1,110464462693,d401cdb5b,2026-10-01T16:33:37Z
post_2024,windows-2025 py3.14,fixed_aggregate,12,29.88,success,36890317874,1,110464462518,d401cdb5b,2026-10-01T16:36:04Z
post_2024,windows-2025 py3.14,fixed_per_conn,12,38.88235294117647,success,36890317874,1,110464462518,d401cdb5b,2026-10-01T16:36:04Z
post_2024,ubuntu-latest py3.14,fixed_aggregate,12,36.612903225806456,success,36889661722,1,110461934855,67b12875e,2026-10-01T16:23:31Z
post_2024,ubuntu-latest py3.14,fixed_per_conn,12,40.266666666666666,success,36889661722,1,110461934855,67b12875e,2026-10-01T16:23:31Z
post_2024,windows-2022 py3.14,fixed_aggregate,12,17.535714285714285,success,36889661722,1,110461934987,67b12875e,2026-10-01T16:29:02Z
post_2024,windows-2022 py3.14,fixed_per_conn,12,38.1764705882353,success,36889661722,1,110461934987,67b12875e,2026-10-01T16:29:02Z
post_2024,windows-2025 py3.14,fixed_aggregate,12,29.851851851851855,success,36889661722,1,110461934990,67b12875e,2026-10-01T16:30:24Z
post_2024,windows-2025 py3.14,fixed_per_conn,12,39.529411764705884,success,36889661722,1,110461934990,67b12875e,2026-10-01T16:30:24Z
post_2024,ubuntu-latest py3.14,fixed_aggregate,12,34.74285714285715,success,36887923841,1,110456026803,fb4d66e13,2026-10-01T16:14:00Z
post_2024,ubuntu-latest py3.14,fixed_per_conn,12,39.1875,success,36887923841,1,110456026803,fb4d66e13,2026-10-01T16:14:00Z
post_2024,windows-2022 py3.14,fixed_aggregate,12,25.371428571428574,success,36887923841,1,110456026720,fb4d66e13,2026-10-01T16:14:52Z
post_2024,windows-2022 py3.14,fixed_per_conn,12,40.800000000000004,success,36887923841,1,110456026720,fb4d66e13,2026-10-01T16:14:52Z
post_2024,windows-2025 py3.14,fixed_aggregate,12,32.65384615384615,success,36887923841,1,110456026607,fb4d66e13,2026-10-01T16:17:36Z
post_2024,windows-2025 py3.14,fixed_per_conn,12,32.24999999999999,success,36887923841,1,110456026607,fb4d66e13,2026-10-01T16:17:36Z
post_2024,ubuntu-latest py3.14,fixed_aggregate,12,34.74285714285715,success,36887731457,1,110455354102,d078b6ef7,2026-10-01T16:10:58Z
post_2024,ubuntu-latest py3.14,fixed_per_conn,12,39.5625,success,36887731457,1,110455354102,d078b6ef7,2026-10-01T16:10:58Z
post_2024,windows-2022 py3.14,fixed_aggregate,12,28.58823529411765,success,36887731457,1,110455353983,d078b6ef7,2026-10-01T16:13:09Z
post_2024,windows-2022 py3.14,fixed_per_conn,12,38.70588235294118,success,36887731457,1,110455353983,d078b6ef7,2026-10-01T16:13:09Z
post_2024,windows-2025 py3.14,fixed_aggregate,12,31.214285714285715,success,36887731457,1,110455353929,d078b6ef7,2026-10-01T16:15:18Z
post_2024,windows-2025 py3.14,fixed_per_conn,12,36.0,success,36887731457,1,110455353929,d078b6ef7,2026-10-01T16:15:18Z
post_2024,ubuntu-latest py3.14,fixed_aggregate,12,36.53125,success,36887728952,1,110455357568,5da8cb985,2026-10-01T16:11:12Z
post_2024,ubuntu-latest py3.14,fixed_per_conn,12,37.70588235294118,success,36887728952,1,110455357568,5da8cb985,2026-10-01T16:11:12Z
post_2024,windows-2022 py3.14,fixed_aggregate,12,25.088235294117645,success,36887728952,1,110455357510,5da8cb985,2026-10-01T16:13:19Z
post_2024,windows-2022 py3.14,fixed_per_conn,12,39.35294117647059,success,36887728952,1,110455357510,5da8cb985,2026-10-01T16:13:19Z
post_2024,windows-2025 py3.14,fixed_aggregate,12,28.481481481481485,success,36887728952,1,110455357422,5da8cb985,2026-10-01T16:15:56Z
post_2024,windows-2025 py3.14,fixed_per_conn,12,38.06666666666666,success,36887728952,1,110455357422,5da8cb985,2026-10-01T16:15:56Z
post_2024,ubuntu-latest py3.14,fixed_aggregate,12,35.470588235294116,success,36887009119,1,110452903373,addb8aee2,2026-10-01T16:09:10Z
post_2024,ubuntu-latest py3.14,fixed_per_conn,12,39.625,success,36887009119,1,110452903373,addb8aee2,2026-10-01T16:09:10Z
post_2024,windows-2022 py3.14,fixed_aggregate,12,20.34782608695652,success,36887009119,1,110452903553,addb8aee2,2026-10-01T16:05:10Z
post_2024,windows-2022 py3.14,fixed_per_conn,12,38.63636363636363,success,36887009119,1,110452903553,addb8aee2,2026-10-01T16:05:10Z
post_2024,windows-2025 py3.14,fixed_aggregate,12,25.16,success,36887009119,1,110452903372,addb8aee2,2026-10-01T16:09:33Z
post_2024,windows-2025 py3.14,fixed_per_conn,12,39.05882352941176,success,36887009119,1,110452903372,addb8aee2,2026-10-01T16:09:33Z
post_2024,ubuntu-latest py3.14,fixed_aggregate,12,37.0,success,36887003341,1,110452945197,772ec488f,2026-10-01T15:59:15Z
post_2024,ubuntu-latest py3.14,fixed_per_conn,12,36.8235294117647,success,36887003341,1,110452945197,772ec488f,2026-10-01T15:59:15Z
post_2024,windows-2022 py3.14,fixed_aggregate,12,19.46153846153846,success,36887003341,1,110452945436,772ec488f,2026-10-01T16:11:17Z
post_2024,windows-2022 py3.14,fixed_per_conn,12,39.18181818181818,success,36887003341,1,110452945436,772ec488f,2026-10-01T16:11:17Z
post_2024,windows-2025 py3.14,fixed_aggregate,12,30.69230769230769,success,36887003341,1,110452945543,772ec488f,2026-10-01T16:08:51Z
post_2024,windows-2025 py3.14,fixed_per_conn,12,36.86666666666667,success,36887003341,1,110452945543,772ec488f,2026-10-01T16:08:51Z
post_2024,ubuntu-latest py3.14,fixed_aggregate,12,36.38709677419355,success,36886958679,1,110452749233,ac4aee3c8,2026-10-01T16:01:15Z
post_2024,ubuntu-latest py3.14,fixed_per_conn,12,36.05882352941176,success,36886958679,1,110452749233,ac4aee3c8,2026-10-01T16:01:15Z
post_2024,windows-2022 py3.14,fixed_aggregate,12,25.92,success,36886958679,1,110452749325,ac4aee3c8,2026-10-01T16:07:48Z
post_2024,windows-2022 py3.14,fixed_per_conn,12,39.529411764705884,success,36886958679,1,110452749325,ac4aee3c8,2026-10-01T16:07:48Z
post_2024,windows-2025 py3.14,fixed_aggregate,12,28.482758620689655,success,36886958679,1,110452749225,ac4aee3c8,2026-10-01T16:09:31Z
post_2024,windows-2025 py3.14,fixed_per_conn,12,35.5,success,36886958679,1,110452749225,ac4aee3c8,2026-10-01T16:09:31Z
post_2024,ubuntu-latest py3.14,fixed_aggregate,12,36.58064516129033,cancelled,36886576587,1,110452055693,af9ff4300,2026-10-01T15:58:41Z
post_2024,ubuntu-latest py3.14,fixed_per_conn,12,40.0,cancelled,36886576587,1,110452055693,af9ff4300,2026-10-01T15:58:41Z
post_2024,ubuntu-latest py3.14,fixed_aggregate,12,34.67647058823529,success,36886369539,1,110450810416,b556cf554,2026-10-01T16:01:24Z
post_2024,ubuntu-latest py3.14,fixed_per_conn,12,39.75,success,36886369539,1,110450810416,b556cf554,2026-10-01T16:01:24Z
post_2024,windows-2022 py3.14,fixed_aggregate,12,21.382352941176475,success,36886369539,1,110450810597,b556cf554,2026-10-01T16:04:24Z
post_2024,windows-2022 py3.14,fixed_per_conn,12,35.875,success,36886369539,1,110450810597,b556cf554,2026-10-01T16:04:24Z
post_2024,windows-2025 py3.14,fixed_aggregate,12,27.807692307692307,success,36886369539,1,110450810286,b556cf554,2026-10-01T16:05:24Z
post_2024,windows-2025 py3.14,fixed_per_conn,12,37.4,success,36886369539,1,110450810286,b556cf554,2026-10-01T16:05:24Z
post_2024,ubuntu-latest py3.14,fixed_aggregate,12,35.0,success,36885151255,1,110446594296,737e4d1df,2026-10-01T15:53:40Z
post_2024,ubuntu-latest py3.14,fixed_per_conn,12,39.5,success,36885151255,1,110446594296,737e4d1df,2026-10-01T15:53:40Z
post_2024,windows-2022 py3.14,fixed_aggregate,12,29.461538461538463,success,36885151255,1,110446594511,737e4d1df,2026-10-01T15:53:57Z
post_2024,windows-2022 py3.14,fixed_per_conn,12,36.0625,success,36885151255,1,110446594511,737e4d1df,2026-10-01T15:53:57Z
post_2024,windows-2025 py3.14,fixed_aggregate,12,30.925925925925927,success,36885151255,1,110446594218,737e4d1df,2026-10-01T15:56:00Z
post_2024,windows-2025 py3.14,fixed_per_conn,12,37.46666666666666,success,36885151255,1,110446594218,737e4d1df,2026-10-01T15:56:00Z
post_2024,ubuntu-latest py3.14,fixed_aggregate,12,36.21875,success,36884232324,1,110443485750,368830add,2026-10-01T15:39:58Z
post_2024,ubuntu-latest py3.14,fixed_per_conn,12,40.06666666666667,success,36884232324,1,110443485750,368830add,2026-10-01T15:39:58Z
post_2024,windows-2022 py3.14,fixed_aggregate,12,26.47826086956522,success,36884232324,1,110443485637,368830add,2026-10-01T15:46:39Z
post_2024,windows-2022 py3.14,fixed_per_conn,12,39.1764705882353,success,36884232324,1,110443485637,368830add,2026-10-01T15:46:39Z
post_2024,windows-2025 py3.14,fixed_aggregate,12,31.685714285714287,success,36884232324,1,110443485566,368830add,2026-10-01T15:47:36Z
post_2024,windows-2025 py3.14,fixed_per_conn,12,39.470588235294116,success,36884232324,1,110443485566,368830add,2026-10-01T15:47:36Z
post_2024,ubuntu-latest py3.14,fixed_aggregate,12,36.42424242424242,success,36884053777,1,110442873099,ac4aee3c8,2026-10-01T15:41:30Z
post_2024,ubuntu-latest py3.14,fixed_per_conn,12,37.375,success,36884053777,1,110442873099,ac4aee3c8,2026-10-01T15:41:30Z
post_2024,windows-2022 py3.14,fixed_aggregate,12,29.307692307692314,success,36884053777,1,110442872773,ac4aee3c8,2026-10-01T15:45:30Z
post_2024,windows-2022 py3.14,fixed_per_conn,12,39.357142857142854,success,36884053777,1,110442872773,ac4aee3c8,2026-10-01T15:45:30Z
post_2024,windows-2025 py3.14,fixed_aggregate,12,27.46153846153846,success,36884053777,1,110442872917,ac4aee3c8,2026-10-01T15:46:32Z
post_2024,windows-2025 py3.14,fixed_per_conn,12,37.42857142857143,success,36884053777,1,110442872917,ac4aee3c8,2026-10-01T15:46:32Z
post_2024,ubuntu-latest py3.14,fixed_aggregate,12,35.45454545454545,success,36883753874,1,110441892305,eea4e95a6,2026-10-01T15:38:59Z
post_2024,ubuntu-latest py3.14,fixed_per_conn,12,37.1764705882353,success,36883753874,1,110441892305,eea4e95a6,2026-10-01T15:38:59Z
post_2024,windows-2022 py3.14,fixed_aggregate,12,28.11111111111111,success,36883753874,1,110441892558,eea4e95a6,2026-10-01T15:43:01Z
post_2024,windows-2022 py3.14,fixed_per_conn,12,31.78571428571429,success,36883753874,1,110441892558,eea4e95a6,2026-10-01T15:43:01Z
post_2024,windows-2025 py3.14,fixed_aggregate,12,32.0,success,36883753874,1,110441892540,eea4e95a6,2026-10-01T15:46:47Z
post_2024,windows-2025 py3.14,fixed_per_conn,12,34.599999999999994,success,36883753874,1,110441892540,eea4e95a6,2026-10-01T15:46:47Z
post_2024,ubuntu-latest py3.14,fixed_aggregate,12,35.79310344827586,success,36883127655,1,110439821668,924a84aa1,2026-10-01T15:36:38Z
post_2024,ubuntu-latest py3.14,fixed_per_conn,12,39.12499999999999,success,36883127655,1,110439821668,924a84aa1,2026-10-01T15:36:38Z
post_2024,windows-2022 py3.14,fixed_aggregate,12,32.0,success,36883127655,1,110439821895,924a84aa1,2026-10-01T15:36:11Z
post_2024,windows-2022 py3.14,fixed_per_conn,12,33.529411764705884,success,36883127655,1,110439821895,924a84aa1,2026-10-01T15:36:11Z
post_2024,windows-2025 py3.14,fixed_aggregate,12,25.36,success,36883127655,1,110439821713,924a84aa1,2026-10-01T15:39:52Z
post_2024,windows-2025 py3.14,fixed_per_conn,12,37.0,success,36883127655,1,110439821713,924a84aa1,2026-10-01T15:39:52Z
post_2024,ubuntu-latest py3.14,fixed_aggregate,12,27.161290322580644,success,36882929359,1,110439167120,30dd0bf52,2026-10-01T15:30:56Z
post_2024,ubuntu-latest py3.14,fixed_per_conn,12,39.12500000000001,success,36882929359,1,110439167120,30dd0bf52,2026-10-01T15:30:56Z
post_2024,windows-2022 py3.14,fixed_aggregate,12,27.60714285714286,success,36882929359,1,110439166975,30dd0bf52,2026-10-01T15:36:45Z
post_2024,windows-2022 py3.14,fixed_per_conn,12,39.1764705882353,success,36882929359,1,110439166975,30dd0bf52,2026-10-01T15:36:45Z
post_2024,windows-2025 py3.14,fixed_aggregate,12,31.448275862068964,success,36882929359,1,110439167019,30dd0bf52,2026-10-01T15:38:56Z
post_2024,windows-2025 py3.14,fixed_per_conn,12,39.5,success,36882929359,1,110439167019,30dd0bf52,2026-10-01T15:38:56Z
post_2024,ubuntu-latest py3.14,fixed_aggregate,12,35.75757575757576,success,36882874932,1,110438898993,484364cbf,2026-10-01T15:33:09Z
post_2024,ubuntu-latest py3.14,fixed_per_conn,12,37.1764705882353,success,36882874932,1,110438898993,484364cbf,2026-10-01T15:33:09Z
post_2024,windows-2022 py3.14,fixed_aggregate,12,31.230769230769226,success,36882874932,1,110438899036,484364cbf,2026-10-01T15:35:20Z
post_2024,windows-2022 py3.14,fixed_per_conn,12,35.83333333333333,success,36882874932,1,110438899036,484364cbf,2026-10-01T15:35:20Z
post_2024,windows-2025 py3.14,fixed_aggregate,12,26.965517241379313,success,36882874932,1,110438898905,484364cbf,2026-10-01T15:36:53Z
post_2024,windows-2025 py3.14,fixed_per_conn,12,41.07142857142857,success,36882874932,1,110438898905,484364cbf,2026-10-01T15:36:53Z
post_2024,ubuntu-latest py3.14,fixed_aggregate,12,33.8,failure,36882403557,1,110437360753,cf50c665b,2026-10-01T15:32:09Z
post_2024,ubuntu-latest py3.14,fixed_per_conn,12,39.75,failure,36882403557,1,110437360753,cf50c665b,2026-10-01T15:32:09Z
post_2024,windows-2022 py3.14,fixed_aggregate,12,27.92,failure,36882403557,1,110437360763,cf50c665b,2026-10-01T15:28:05Z
post_2024,windows-2022 py3.14,fixed_per_conn,12,38.0625,failure,36882403557,1,110437360763,cf50c665b,2026-10-01T15:28:05Z
post_2024,windows-2025 py3.14,fixed_aggregate,12,25.969696969696972,failure,36882403557,1,110437360712,cf50c665b,2026-10-01T15:34:29Z
post_2024,windows-2025 py3.14,fixed_per_conn,12,40.07142857142858,failure,36882403557,1,110437360712,cf50c665b,2026-10-01T15:34:29Z
post_2024,ubuntu-latest py3.14,fixed_aggregate,12,35.65714285714286,success,36882249800,1,110436820392,71486aece,2026-10-01T15:29:38Z
post_2024,ubuntu-latest py3.14,fixed_per_conn,12,38.5625,success,36882249800,1,110436820392,71486aece,2026-10-01T15:29:38Z
post_2024,windows-2022 py3.14,fixed_aggregate,12,28.230769230769234,success,36882249800,1,110436820644,71486aece,2026-10-01T15:32:08Z
post_2024,windows-2022 py3.14,fixed_per_conn,12,39.5,success,36882249800,1,110436820644,71486aece,2026-10-01T15:32:08Z
post_2024,windows-2025 py3.14,fixed_aggregate,12,31.535714285714285,success,36882249800,1,110436820502,71486aece,2026-10-01T15:32:39Z
post_2024,windows-2025 py3.14,fixed_per_conn,12,39.35294117647059,success,36882249800,1,110436820502,71486aece,2026-10-01T15:32:39Z
post_2024,ubuntu-latest py3.14,fixed_aggregate,12,35.142857142857146,success,36881818100,1,110435330011,703a6a1d5,2026-10-01T15:24:59Z
post_2024,ubuntu-latest py3.14,fixed_per_conn,12,39.625,success,36881818100,1,110435330011,703a6a1d5,2026-10-01T15:24:59Z
post_2024,windows-2022 py3.14,fixed_aggregate,12,31.807692307692307,success,36881818100,1,110435330167,703a6a1d5,2026-10-01T15:27:44Z
post_2024,windows-2022 py3.14,fixed_per_conn,12,39.3125,success,36881818100,1,110435330167,703a6a1d5,2026-10-01T15:27:44Z
post_2024,windows-2025 py3.14,fixed_aggregate,12,29.269230769230774,success,36881818100,1,110435330121,703a6a1d5,2026-10-01T15:30:47Z
post_2024,windows-2025 py3.14,fixed_per_conn,12,39.11764705882353,success,36881818100,1,110435330121,703a6a1d5,2026-10-01T15:30:47Z
post_2024,ubuntu-latest py3.14,fixed_aggregate,12,36.5625,success,36881603320,1,110434611597,3e3822b42,2026-10-01T15:19:07Z
post_2024,ubuntu-latest py3.14,fixed_per_conn,12,37.411764705882355,success,36881603320,1,110434611597,3e3822b42,2026-10-01T15:19:07Z
post_2024,windows-2022 py3.14,fixed_aggregate,12,21.586206896551726,success,36881603320,1,110434611816,3e3822b42,2026-10-01T15:26:55Z
post_2024,windows-2022 py3.14,fixed_per_conn,12,39.82352941176471,success,36881603320,1,110434611816,3e3822b42,2026-10-01T15:26:55Z
post_2024,windows-2025 py3.14,fixed_aggregate,12,25.230769230769234,success,36881603320,1,110434611406,3e3822b42,2026-10-01T15:29:12Z
post_2024,windows-2025 py3.14,fixed_per_conn,12,37.111111111111114,success,36881603320,1,110434611406,3e3822b42,2026-10-01T15:29:12Z
post_2024,ubuntu-latest py3.14,fixed_aggregate,12,35.71875,success,36880220506,1,110429910877,585f067f5,2026-10-01T15:07:44Z
post_2024,ubuntu-latest py3.14,fixed_per_conn,12,39.3125,success,36880220506,1,110429910877,585f067f5,2026-10-01T15:07:44Z
post_2024,windows-2022 py3.14,fixed_aggregate,12,28.171428571428567,success,36880220506,1,110429910748,585f067f5,2026-10-01T15:13:06Z
post_2024,windows-2022 py3.14,fixed_per_conn,12,38.0625,success,36880220506,1,110429910748,585f067f5,2026-10-01T15:13:06Z
post_2024,windows-2025 py3.14,fixed_aggregate,12,28.96153846153846,success,36880220506,1,110429910744,585f067f5,2026-10-01T15:17:04Z
post_2024,windows-2025 py3.14,fixed_per_conn,12,39.125,success,36880220506,1,110429910744,585f067f5,2026-10-01T15:17:04Z
post_2024,ubuntu-latest py3.14,fixed_aggregate,12,35.58064516129033,success,36879367904,1,110427079140,56d02bd64,2026-10-01T15:04:06Z
post_2024,ubuntu-latest py3.14,fixed_per_conn,12,39.46666666666667,success,36879367904,1,110427079140,56d02bd64,2026-10-01T15:04:06Z
post_2024,windows-2022 py3.14,fixed_aggregate,12,24.542857142857144,success,36879367904,1,110427079232,56d02bd64,2026-10-01T15:08:48Z
post_2024,windows-2022 py3.14,fixed_per_conn,12,39.35294117647059,success,36879367904,1,110427079232,56d02bd64,2026-10-01T15:08:48Z
post_2024,windows-2025 py3.14,fixed_aggregate,12,28.30769230769231,success,36879367904,1,110427079257,56d02bd64,2026-10-01T15:07:45Z
post_2024,windows-2025 py3.14,fixed_per_conn,12,39.25,success,36879367904,1,110427079257,56d02bd64,2026-10-01T15:07:45Z
post_2024,ubuntu-latest py3.14,fixed_aggregate,12,35.457142857142856,success,36879289073,1,110426788494,71486aece,2026-10-01T15:06:20Z
post_2024,ubuntu-latest py3.14,fixed_per_conn,12,38.1875,success,36879289073,1,110426788494,71486aece,2026-10-01T15:06:20Z
post_2024,windows-2022 py3.14,fixed_aggregate,12,24.314285714285713,success,36879289073,1,110426788149,71486aece,2026-10-01T15:08:21Z
post_2024,windows-2022 py3.14,fixed_per_conn,12,37.21428571428571,success,36879289073,1,110426788149,71486aece,2026-10-01T15:08:21Z
post_2024,windows-2025 py3.14,fixed_aggregate,12,29.153846153846153,success,36879289073,1,110426788447,71486aece,2026-10-01T15:10:25Z
post_2024,windows-2025 py3.14,fixed_per_conn,12,36.75,success,36879289073,1,110426788447,71486aece,2026-10-01T15:10:25Z
post_2024,ubuntu-latest py3.14,fixed_aggregate,12,35.72727272727273,success,36878821707,1,110425213357,703a6a1d5,2026-10-01T15:03:53Z
post_2024,ubuntu-latest py3.14,fixed_per_conn,12,39.3125,success,36878821707,1,110425213357,703a6a1d5,2026-10-01T15:03:53Z
post_2024,windows-2022 py3.14,fixed_aggregate,12,29.19230769230769,success,36878821707,1,110425213358,703a6a1d5,2026-10-01T15:05:01Z
post_2024,windows-2022 py3.14,fixed_per_conn,12,35.82352941176471,success,36878821707,1,110425213358,703a6a1d5,2026-10-01T15:05:01Z
post_2024,windows-2025 py3.14,fixed_aggregate,12,23.250000000000004,success,36878821707,1,110425213484,703a6a1d5,2026-10-01T15:03:28Z
post_2024,windows-2025 py3.14,fixed_per_conn,12,40.5625,success,36878821707,1,110425213484,703a6a1d5,2026-10-01T15:03:28Z
post_2024,ubuntu-latest py3.14,fixed_aggregate,12,35.705882352941174,success,36878816842,1,110425195899,35557ccfc,2026-10-01T15:02:26Z
post_2024,ubuntu-latest py3.14,fixed_per_conn,12,39.625,success,36878816842,1,110425195899,35557ccfc,2026-10-01T15:02:26Z
post_2024,windows-2022 py3.14,fixed_aggregate,12,16.913043478260867,success,36878816842,1,110425195670,35557ccfc,2026-10-01T15:06:17Z
post_2024,windows-2022 py3.14,fixed_per_conn,12,37.1764705882353,success,36878816842,1,110425195670,35557ccfc,2026-10-01T15:06:17Z
post_2024,windows-2025 py3.14,fixed_aggregate,12,30.257142857142856,success,36878816842,1,110425195788,35557ccfc,2026-10-01T15:07:08Z
post_2024,windows-2025 py3.14,fixed_per_conn,12,39.94117647058824,success,36878816842,1,110425195788,35557ccfc,2026-10-01T15:07:08Z
post_2024,ubuntu-latest py3.14,fixed_aggregate,12,35.484848484848484,success,36878442312,1,110423926224,7f682efe6,2026-10-01T14:59:29Z
post_2024,ubuntu-latest py3.14,fixed_per_conn,12,39.625,success,36878442312,1,110423926224,7f682efe6,2026-10-01T14:59:29Z
post_2024,windows-2022 py3.14,fixed_aggregate,12,23.114285714285717,success,36878442312,1,110423926326,7f682efe6,2026-10-01T15:03:44Z
post_2024,windows-2022 py3.14,fixed_per_conn,12,37.235294117647065,success,36878442312,1,110423926326,7f682efe6,2026-10-01T15:03:44Z
post_2024,windows-2025 py3.14,fixed_aggregate,12,29.03846153846154,success,36878442312,1,110423926381,7f682efe6,2026-10-01T15:03:55Z
post_2024,windows-2025 py3.14,fixed_per_conn,12,26.76470588235294,success,36878442312,1,110423926381,7f682efe6,2026-10-01T15:03:55Z
post_2024,ubuntu-latest py3.14,fixed_aggregate,12,35.483870967741936,success,36875409195,1,110413567252,46ca4024c,2026-10-01T14:34:04Z
post_2024,ubuntu-latest py3.14,fixed_per_conn,12,31.6875,success,36875409195,1,110413567252,46ca4024c,2026-10-01T14:34:04Z
post_2024,windows-2022 py3.14,fixed_aggregate,12,30.96153846153846,success,36875409195,1,110413567300,46ca4024c,2026-10-01T14:39:54Z
post_2024,windows-2022 py3.14,fixed_per_conn,12,34.294117647058826,success,36875409195,1,110413567300,46ca4024c,2026-10-01T14:39:54Z
post_2024,windows-2025 py3.14,fixed_aggregate,12,31.485714285714284,success,36875409195,1,110413567292,46ca4024c,2026-10-01T14:41:26Z
post_2024,windows-2025 py3.14,fixed_per_conn,12,39.125,success,36875409195,1,110413567292,46ca4024c,2026-10-01T14:41:26Z
post_2024,ubuntu-latest py3.14,fixed_aggregate,12,35.65384615384615,success,36867581150,1,110386989202,62daa6b55,2026-10-01T13:32:09Z
post_2024,ubuntu-latest py3.14,fixed_per_conn,12,39.375,success,36867581150,1,110386989202,62daa6b55,2026-10-01T13:32:09Z
post_2024,windows-2022 py3.14,fixed_aggregate,12,29.653846153846153,success,36867581150,1,110386989166,62daa6b55,2026-10-01T13:33:24Z
post_2024,windows-2022 py3.14,fixed_per_conn,12,35.764705882352935,success,36867581150,1,110386989166,62daa6b55,2026-10-01T13:33:24Z
post_2024,windows-2025 py3.14,fixed_aggregate,12,30.384615384615387,success,36867581150,1,110386989153,62daa6b55,2026-10-01T13:42:21Z
post_2024,windows-2025 py3.14,fixed_per_conn,12,35.235294117647065,success,36867581150,1,110386989153,62daa6b55,2026-10-01T13:42:21Z
post_2024,ubuntu-latest py3.14,fixed_aggregate,12,35.14705882352941,success,36867385889,1,110386290326,c31f0c37f,2026-10-01T13:32:18Z
post_2024,ubuntu-latest py3.14,fixed_per_conn,12,39.470588235294116,success,36867385889,1,110386290326,c31f0c37f,2026-10-01T13:32:18Z
post_2024,windows-2022 py3.14,fixed_aggregate,12,31.57692307692308,success,36867385889,1,110386290344,c31f0c37f,2026-10-01T13:35:16Z
post_2024,windows-2022 py3.14,fixed_per_conn,12,38.72727272727273,success,36867385889,1,110386290344,c31f0c37f,2026-10-01T13:35:16Z
post_2024,windows-2025 py3.14,fixed_aggregate,12,20.53846153846154,success,36867385889,1,110386290460,c31f0c37f,2026-10-01T13:32:44Z
post_2024,windows-2025 py3.14,fixed_per_conn,12,37.35294117647059,success,36867385889,1,110386290460,c31f0c37f,2026-10-01T13:32:44Z
post_2024,ubuntu-latest py3.14,fixed_aggregate,12,35.275862068965516,success,36867379650,1,110386292432,f7b2f02f0,2026-10-01T13:32:47Z
post_2024,ubuntu-latest py3.14,fixed_per_conn,12,37.125,success,36867379650,1,110386292432,f7b2f02f0,2026-10-01T13:32:47Z
post_2024,windows-2022 py3.14,fixed_aggregate,12,26.26923076923077,success,36867379650,1,110386292124,f7b2f02f0,2026-10-01T13:36:28Z
post_2024,windows-2022 py3.14,fixed_per_conn,12,38.9375,success,36867379650,1,110386292124,f7b2f02f0,2026-10-01T13:36:28Z
post_2024,windows-2025 py3.14,fixed_aggregate,12,26.160000000000004,success,36867379650,1,110386292155,f7b2f02f0,2026-10-01T13:38:14Z
post_2024,windows-2025 py3.14,fixed_per_conn,12,39.588235294117645,success,36867379650,1,110386292155,f7b2f02f0,2026-10-01T13:38:14Z
post_2024,ubuntu-latest py3.14,fixed_aggregate,12,30.55882352941176,success,36864787713,1,110377628688,c31f0c37f,2026-10-01T13:07:57Z
post_2024,ubuntu-latest py3.14,fixed_per_conn,12,37.125,success,36864787713,1,110377628688,c31f0c37f,2026-10-01T13:07:57Z
post_2024,windows-2022 py3.14,fixed_aggregate,12,21.692307692307693,success,36864787713,1,110377628812,c31f0c37f,2026-10-01T13:13:01Z
post_2024,windows-2022 py3.14,fixed_per_conn,12,37.5625,success,36864787713,1,110377628812,c31f0c37f,2026-10-01T13:13:01Z
post_2024,windows-2025 py3.14,fixed_aggregate,12,26.961538461538463,success,36864787713,1,110377628776,c31f0c37f,2026-10-01T13:15:00Z
post_2024,windows-2025 py3.14,fixed_per_conn,12,39.64705882352941,success,36864787713,1,110377628776,c31f0c37f,2026-10-01T13:15:00Z
post_2024,ubuntu-latest py3.14,fixed_aggregate,12,36.13793103448276,success,36864409291,1,110376345643,3afda1421,2026-10-01T13:07:26Z
post_2024,ubuntu-latest py3.14,fixed_per_conn,12,39.5,success,36864409291,1,110376345643,3afda1421,2026-10-01T13:07:26Z
post_2024,windows-2022 py3.14,fixed_aggregate,12,29.928571428571427,success,36864409291,1,110376345450,3afda1421,2026-10-01T13:07:34Z
post_2024,windows-2022 py3.14,fixed_per_conn,12,36.81818181818182,success,36864409291,1,110376345450,3afda1421,2026-10-01T13:07:34Z
post_2024,windows-2025 py3.14,fixed_aggregate,12,26.923076923076927,success,36864409291,1,110376345526,3afda1421,2026-10-01T13:11:43Z
post_2024,windows-2025 py3.14,fixed_per_conn,12,38.06666666666667,success,36864409291,1,110376345526,3afda1421,2026-10-01T13:11:43Z
post_2024,ubuntu-latest py3.14,fixed_aggregate,12,34.94285714285715,success,36864047603,1,110375156046,68392b5dd,2026-10-01T13:03:51Z
post_2024,ubuntu-latest py3.14,fixed_per_conn,12,36.94117647058824,success,36864047603,1,110375156046,68392b5dd,2026-10-01T13:03:51Z
post_2024,windows-2022 py3.14,fixed_aggregate,12,31.346153846153847,success,36864047603,1,110375156057,68392b5dd,2026-10-01T13:08:12Z
post_2024,windows-2022 py3.14,fixed_per_conn,12,39.99999999999999,success,36864047603,1,110375156057,68392b5dd,2026-10-01T13:08:12Z
post_2024,windows-2025 py3.14,fixed_aggregate,12,27.82857142857143,success,36864047603,1,110375155950,68392b5dd,2026-10-01T13:08:03Z
post_2024,windows-2025 py3.14,fixed_per_conn,12,39.599999999999994,success,36864047603,1,110375155950,68392b5dd,2026-10-01T13:08:03Z
post_2024,ubuntu-latest py3.14,fixed_aggregate,12,33.48387096774194,success,36863942511,1,110374772550,5e83761ad,2026-10-01T12:58:27Z
post_2024,ubuntu-latest py3.14,fixed_per_conn,12,36.625,success,36863942511,1,110374772550,5e83761ad,2026-10-01T12:58:27Z
post_2024,windows-2022 py3.14,fixed_aggregate,12,22.458333333333336,success,36863942511,1,110374772593,5e83761ad,2026-10-01T13:05:58Z
post_2024,windows-2022 py3.14,fixed_per_conn,12,38.333333333333336,success,36863942511,1,110374772593,5e83761ad,2026-10-01T13:05:58Z
post_2024,windows-2025 py3.14,fixed_aggregate,12,24.52,success,36863942511,1,110374772596,5e83761ad,2026-10-01T13:06:05Z
post_2024,windows-2025 py3.14,fixed_per_conn,12,37.888888888888886,success,36863942511,1,110374772596,5e83761ad,2026-10-01T13:06:05Z
post_2024,ubuntu-latest py3.14,fixed_aggregate,12,35.26470588235294,success,36861845279,1,110367820508,3afda1421,2026-10-01T12:44:34Z
post_2024,ubuntu-latest py3.14,fixed_per_conn,12,39.125,success,36861845279,1,110367820508,3afda1421,2026-10-01T12:44:34Z
post_2024,windows-2022 py3.14,fixed_aggregate,12,31.692307692307693,success,36861845279,1,110367820561,3afda1421,2026-10-01T12:45:07Z
post_2024,windows-2022 py3.14,fixed_per_conn,12,37.411764705882355,success,36861845279,1,110367820561,3afda1421,2026-10-01T12:45:07Z
post_2024,windows-2025 py3.14,fixed_aggregate,12,29.344827586206897,success,36861845279,1,110367820484,3afda1421,2026-10-01T12:49:13Z
post_2024,windows-2025 py3.14,fixed_per_conn,12,38.8125,success,36861845279,1,110367820484,3afda1421,2026-10-01T12:49:13Z
post_2024,ubuntu-latest py3.14,fixed_aggregate,12,35.515151515151516,success,36861527457,1,110366742597,5e83761ad,2026-10-01T12:41:30Z
post_2024,ubuntu-latest py3.14,fixed_per_conn,12,38.17647058823529,success,36861527457,1,110366742597,5e83761ad,2026-10-01T12:41:30Z
post_2024,windows-2022 py3.14,fixed_aggregate,12,27.72222222222222,success,36861527457,1,110366742706,5e83761ad,2026-10-01T12:45:35Z
post_2024,windows-2022 py3.14,fixed_per_conn,12,39.0,success,36861527457,1,110366742706,5e83761ad,2026-10-01T12:45:35Z
post_2024,windows-2025 py3.14,fixed_aggregate,12,31.200000000000003,success,36861527457,1,110366742581,5e83761ad,2026-10-01T12:45:32Z
post_2024,windows-2025 py3.14,fixed_per_conn,12,39.56250000000001,success,36861527457,1,110366742581,5e83761ad,2026-10-01T12:45:32Z
post_2024,ubuntu-latest py3.14,fixed_aggregate,12,36.5625,success,36861362734,1,110366205187,68392b5dd,2026-10-01T12:40:20Z
post_2024,ubuntu-latest py3.14,fixed_per_conn,12,40.25,success,36861362734,1,110366205187,68392b5dd,2026-10-01T12:40:20Z
post_2024,windows-2022 py3.14,fixed_aggregate,12,25.26923076923077,success,36861362734,1,110366205179,68392b5dd,2026-10-01T12:44:00Z
post_2024,windows-2022 py3.14,fixed_per_conn,12,34.70588235294118,success,36861362734,1,110366205179,68392b5dd,2026-10-01T12:44:00Z
post_2024,windows-2025 py3.14,fixed_aggregate,12,25.939393939393938,success,36861362734,1,110366205171,68392b5dd,2026-10-01T12:41:21Z
post_2024,windows-2025 py3.14,fixed_per_conn,12,39.0625,success,36861362734,1,110366205171,68392b5dd,2026-10-01T12:41:21Z
post_2024,ubuntu-latest py3.14,fixed_aggregate,12,35.71875,success,36860834673,1,110364437435,841bf3293,2026-10-01T12:31:54Z
post_2024,ubuntu-latest py3.14,fixed_per_conn,12,39.66666666666667,success,36860834673,1,110364437435,841bf3293,2026-10-01T12:31:54Z
post_2024,windows-2022 py3.14,fixed_aggregate,12,26.347826086956523,success,36860834673,1,110364437289,841bf3293,2026-10-01T12:38:01Z
post_2024,windows-2022 py3.14,fixed_per_conn,12,37.23529411764706,success,36860834673,1,110364437289,841bf3293,2026-10-01T12:38:01Z
post_2024,windows-2025 py3.14,fixed_aggregate,12,30.68181818181818,success,36860834673,1,110364437419,841bf3293,2026-10-01T12:39:59Z
post_2024,windows-2025 py3.14,fixed_per_conn,12,35.07142857142857,success,36860834673,1,110364437419,841bf3293,2026-10-01T12:39:59Z
post_2024,ubuntu-latest py3.14,fixed_aggregate,12,34.65625,success,36857846430,1,110354620314,d2b742d2d,2026-10-01T12:02:29Z
post_2024,ubuntu-latest py3.14,fixed_per_conn,12,37.3125,success,36857846430,1,110354620314,d2b742d2d,2026-10-01T12:02:29Z
post_2024,windows-2022 py3.14,fixed_aggregate,12,28.0,success,36857846430,1,110354620382,d2b742d2d,2026-10-01T12:10:30Z
post_2024,windows-2022 py3.14,fixed_per_conn,12,37.8235294117647,success,36857846430,1,110354620382,d2b742d2d,2026-10-01T12:10:30Z
post_2024,windows-2025 py3.14,fixed_aggregate,12,30.115384615384617,success,36857846430,1,110354620312,d2b742d2d,2026-10-01T12:15:17Z
post_2024,windows-2025 py3.14,fixed_per_conn,12,28.5625,success,36857846430,1,110354620312,d2b742d2d,2026-10-01T12:15:17Z
post_2024,ubuntu-latest py3.14,fixed_aggregate,12,35.08571428571428,success,36857666744,1,110354050162,d8218f4f6,2026-10-01T12:05:18Z
post_2024,ubuntu-latest py3.14,fixed_per_conn,12,38.125,success,36857666744,1,110354050162,d8218f4f6,2026-10-01T12:05:18Z
post_2024,windows-2022 py3.14,fixed_aggregate,12,25.869565217391305,success,36857666744,1,110354050176,d8218f4f6,2026-10-01T12:10:03Z
post_2024,windows-2022 py3.14,fixed_per_conn,12,39.3125,success,36857666744,1,110354050176,d8218f4f6,2026-10-01T12:10:03Z
post_2024,windows-2025 py3.14,fixed_aggregate,12,27.439999999999998,success,36857666744,1,110354050194,d8218f4f6,2026-10-01T12:10:56Z
post_2024,windows-2025 py3.14,fixed_per_conn,12,35.64705882352941,success,36857666744,1,110354050194,d8218f4f6,2026-10-01T12:10:56Z
post_2024,ubuntu-latest py3.14,fixed_aggregate,12,36.5,failure,36849828229,1,110328740220,8a7270243,2026-10-01T10:49:52Z
post_2024,ubuntu-latest py3.14,fixed_per_conn,12,39.125,failure,36849828229,1,110328740220,8a7270243,2026-10-01T10:49:52Z
post_2024,windows-2022 py3.14,fixed_aggregate,12,29.192307692307693,success,36849828229,1,110328740330,8a7270243,2026-10-01T10:49:39Z
post_2024,windows-2022 py3.14,fixed_per_conn,12,39.31249999999999,success,36849828229,1,110328740330,8a7270243,2026-10-01T10:49:39Z
post_2024,windows-2025 py3.14,fixed_aggregate,12,25.352941176470587,success,36849828229,1,110328740243,8a7270243,2026-10-01T10:53:47Z
post_2024,windows-2025 py3.14,fixed_per_conn,12,40.0,success,36849828229,1,110328740243,8a7270243,2026-10-01T10:53:47Z
post_2024,ubuntu-latest py3.14,fixed_aggregate,12,35.3939393939394,success,36849064771,1,110326230599,27d6dcb4e,2026-10-01T10:42:23Z
post_2024,ubuntu-latest py3.14,fixed_per_conn,12,39.125,success,36849064771,1,110326230599,27d6dcb4e,2026-10-01T10:42:23Z
post_2024,windows-2022 py3.14,fixed_aggregate,12,27.000000000000004,success,36849064771,1,110326230651,27d6dcb4e,2026-10-01T10:45:52Z
post_2024,windows-2022 py3.14,fixed_per_conn,12,37.82352941176471,success,36849064771,1,110326230651,27d6dcb4e,2026-10-01T10:45:52Z
post_2024,windows-2025 py3.14,fixed_aggregate,12,26.560000000000002,success,36849064771,1,110326230460,27d6dcb4e,2026-10-01T10:47:35Z
post_2024,windows-2025 py3.14,fixed_per_conn,12,39.75,success,36849064771,1,110326230460,27d6dcb4e,2026-10-01T10:47:35Z
post_2024,ubuntu-latest py3.14,fixed_aggregate,12,35.542857142857144,success,36847464810,1,110321027361,8a7270243,2026-10-01T10:27:46Z
post_2024,ubuntu-latest py3.14,fixed_per_conn,12,39.625,success,36847464810,1,110321027361,8a7270243,2026-10-01T10:27:46Z
post_2024,windows-2022 py3.14,fixed_aggregate,12,23.166666666666668,success,36847464810,1,110321027310,8a7270243,2026-10-01T10:31:02Z
post_2024,windows-2022 py3.14,fixed_per_conn,12,38.64705882352941,success,36847464810,1,110321027310,8a7270243,2026-10-01T10:31:02Z
post_2024,windows-2025 py3.14,fixed_aggregate,12,13.652173913043477,success,36847464810,1,110321027371,8a7270243,2026-10-01T10:32:16Z
post_2024,windows-2025 py3.14,fixed_per_conn,12,39.35294117647059,success,36847464810,1,110321027371,8a7270243,2026-10-01T10:32:16Z
post_2024,ubuntu-latest py3.14,fixed_aggregate,12,36.677419354838705,success,36846674694,1,110318449578,27d6dcb4e,2026-10-01T10:17:38Z
post_2024,ubuntu-latest py3.14,fixed_per_conn,12,37.1764705882353,success,36846674694,1,110318449578,27d6dcb4e,2026-10-01T10:17:38Z
post_2024,windows-2022 py3.14,fixed_aggregate,12,20.814814814814813,success,36846674694,1,110318449558,27d6dcb4e,2026-10-01T10:23:32Z
post_2024,windows-2022 py3.14,fixed_per_conn,12,39.82352941176471,success,36846674694,1,110318449558,27d6dcb4e,2026-10-01T10:23:32Z
post_2024,windows-2025 py3.14,fixed_aggregate,12,27.606060606060606,success,36846674694,1,110318449492,27d6dcb4e,2026-10-01T10:25:04Z
post_2024,windows-2025 py3.14,fixed_per_conn,12,37.86666666666667,success,36846674694,1,110318449492,27d6dcb4e,2026-10-01T10:25:04Z
post_2024,ubuntu-latest py3.14,fixed_aggregate,12,36.40625,success,36844122569,1,110310401538,4b200b8c2,2026-10-01T09:57:09Z
post_2024,ubuntu-latest py3.14,fixed_per_conn,12,39.8125,success,36844122569,1,110310401538,4b200b8c2,2026-10-01T09:57:09Z
post_2024,windows-2022 py3.14,fixed_aggregate,12,31.0,success,36844122569,1,110310401373,4b200b8c2,2026-10-01T10:01:08Z
post_2024,windows-2022 py3.14,fixed_per_conn,12,37.13333333333333,success,36844122569,1,110310401373,4b200b8c2,2026-10-01T10:01:08Z
post_2024,windows-2025 py3.14,fixed_aggregate,12,23.09090909090909,success,36844122569,1,110310401310,4b200b8c2,2026-10-01T10:02:01Z
post_2024,windows-2025 py3.14,fixed_per_conn,12,39.57142857142857,success,36844122569,1,110310401310,4b200b8c2,2026-10-01T10:02:01Z
post_2024,ubuntu-latest py3.14,fixed_aggregate,12,35.5,success,36842234390,1,110303939098,57c4063ce,2026-10-01T09:38:35Z
post_2024,ubuntu-latest py3.14,fixed_per_conn,12,39.25,success,36842234390,1,110303939098,57c4063ce,2026-10-01T09:38:35Z
post_2024,windows-2022 py3.14,fixed_aggregate,12,26.479999999999997,success,36842234390,1,110303939128,57c4063ce,2026-10-01T09:39:35Z
post_2024,windows-2022 py3.14,fixed_per_conn,12,38.90909090909091,success,36842234390,1,110303939128,57c4063ce,2026-10-01T09:39:35Z
post_2024,windows-2025 py3.14,fixed_aggregate,12,27.185185185185183,success,36842234390,1,110303939215,57c4063ce,2026-10-01T09:43:28Z
post_2024,windows-2025 py3.14,fixed_per_conn,12,39.07142857142857,success,36842234390,1,110303939215,57c4063ce,2026-10-01T09:43:28Z
post_2024,ubuntu-latest py3.14,fixed_aggregate,12,36.67741935483871,success,36840601638,1,110298625188,4864bf5f1,2026-10-01T09:18:48Z
post_2024,ubuntu-latest py3.14,fixed_per_conn,12,36.8235294117647,success,36840601638,1,110298625188,4864bf5f1,2026-10-01T09:18:48Z
post_2024,windows-2022 py3.14,fixed_aggregate,12,28.999999999999996,failure,36840601638,1,110298625167,4864bf5f1,2026-10-01T09:22:23Z
post_2024,windows-2022 py3.14,fixed_per_conn,12,34.9375,failure,36840601638,1,110298625167,4864bf5f1,2026-10-01T09:22:23Z
post_2024,windows-2025 py3.14,fixed_aggregate,12,25.434782608695652,success,36840601638,1,110298625284,4864bf5f1,2026-10-01T09:28:30Z
post_2024,windows-2025 py3.14,fixed_per_conn,12,38.88235294117647,success,36840601638,1,110298625284,4864bf5f1,2026-10-01T09:28:30Z
post_2024,ubuntu-latest py3.14,fixed_aggregate,12,36.05882352941176,success,36840329310,1,110297775961,ef95882ec,2026-10-01T09:21:31Z
post_2024,ubuntu-latest py3.14,fixed_per_conn,12,39.75,success,36840329310,1,110297775961,ef95882ec,2026-10-01T09:21:31Z
post_2024,windows-2022 py3.14,fixed_aggregate,12,28.037037037037035,failure,36840329310,1,110297776031,ef95882ec,2026-10-01T09:19:21Z
post_2024,windows-2022 py3.14,fixed_per_conn,12,35.875,failure,36840329310,1,110297776031,ef95882ec,2026-10-01T09:19:21Z
post_2024,windows-2025 py3.14,fixed_aggregate,12,25.4,success,36840329310,1,110297775970,ef95882ec,2026-10-01T09:23:51Z
post_2024,windows-2025 py3.14,fixed_per_conn,12,35.52941176470588,success,36840329310,1,110297775970,ef95882ec,2026-10-01T09:23:51Z
post_2024,ubuntu-latest py3.14,fixed_aggregate,12,35.2,success,36839695993,1,110295671584,57c4063ce,2026-10-01T09:15:09Z
post_2024,ubuntu-latest py3.14,fixed_per_conn,12,39.75,success,36839695993,1,110295671584,57c4063ce,2026-10-01T09:15:09Z
post_2024,windows-2022 py3.14,fixed_aggregate,12,25.695652173913043,success,36839695993,1,110295671660,57c4063ce,2026-10-01T09:18:43Z
post_2024,windows-2022 py3.14,fixed_per_conn,12,36.58823529411765,success,36839695993,1,110295671660,57c4063ce,2026-10-01T09:18:43Z
post_2024,windows-2025 py3.14,fixed_aggregate,12,25.384615384615383,success,36839695993,1,110295671684,57c4063ce,2026-10-01T09:21:10Z
post_2024,windows-2025 py3.14,fixed_per_conn,12,35.529411764705884,success,36839695993,1,110295671684,57c4063ce,2026-10-01T09:21:10Z
post_2024,ubuntu-latest py3.14,fixed_aggregate,12,35.83870967741935,success,36838950791,1,110293190188,490ee0c9d,2026-10-01T09:05:13Z
post_2024,ubuntu-latest py3.14,fixed_per_conn,12,39.93333333333333,success,36838950791,1,110293190188,490ee0c9d,2026-10-01T09:05:13Z
post_2024,windows-2022 py3.14,fixed_aggregate,12,29.26923076923077,success,36838950791,1,110293190127,490ee0c9d,2026-10-01T09:12:06Z
post_2024,windows-2022 py3.14,fixed_per_conn,12,36.58823529411765,success,36838950791,1,110293190127,490ee0c9d,2026-10-01T09:12:06Z
post_2024,windows-2025 py3.14,fixed_aggregate,12,25.57692307692308,success,36838950791,1,110293190219,490ee0c9d,2026-10-01T09:12:54Z
post_2024,windows-2025 py3.14,fixed_per_conn,12,36.05882352941177,success,36838950791,1,110293190219,490ee0c9d,2026-10-01T09:12:54Z
post_2024,ubuntu-latest py3.14,fixed_aggregate,12,36.59375,success,36838341493,1,110291207247,4864bf5f1,2026-10-01T08:58:34Z
post_2024,ubuntu-latest py3.14,fixed_per_conn,12,39.800000000000004,success,36838341493,1,110291207247,4864bf5f1,2026-10-01T08:58:34Z
post_2024,windows-2022 py3.14,fixed_aggregate,12,24.176470588235293,success,36838341493,1,110291207242,4864bf5f1,2026-10-01T09:06:04Z
post_2024,windows-2022 py3.14,fixed_per_conn,12,37.76470588235294,success,36838341493,1,110291207242,4864bf5f1,2026-10-01T09:06:04Z
post_2024,windows-2025 py3.14,fixed_aggregate,12,26.807692307692307,success,36838341493,1,110291207156,4864bf5f1,2026-10-01T09:06:29Z
post_2024,windows-2025 py3.14,fixed_per_conn,12,38.76470588235294,success,36838341493,1,110291207156,4864bf5f1,2026-10-01T09:06:29Z
post_2024,ubuntu-latest py3.14,fixed_aggregate,12,35.696969696969695,success,36838339589,1,110291190641,552cab7c0,2026-10-01T09:02:25Z
post_2024,ubuntu-latest py3.14,fixed_per_conn,12,39.8125,success,36838339589,1,110291190641,552cab7c0,2026-10-01T09:02:25Z
post_2024,windows-2022 py3.14,fixed_aggregate,12,18.636363636363637,success,36838339589,1,110291190623,552cab7c0,2026-10-01T09:05:42Z
post_2024,windows-2022 py3.14,fixed_per_conn,12,33.529411764705884,success,36838339589,1,110291190623,552cab7c0,2026-10-01T09:05:42Z
post_2024,windows-2025 py3.14,fixed_aggregate,12,23.555555555555554,success,36838339589,1,110291190549,552cab7c0,2026-10-01T09:07:34Z
post_2024,windows-2025 py3.14,fixed_per_conn,12,36.46666666666667,success,36838339589,1,110291190549,552cab7c0,2026-10-01T09:07:34Z
post_2024,ubuntu-latest py3.14,fixed_aggregate,12,34.41176470588235,success,36836558533,1,110285354558,d9e053b9a,2026-10-01T08:45:30Z
post_2024,ubuntu-latest py3.14,fixed_per_conn,12,39.0,success,36836558533,1,110285354558,d9e053b9a,2026-10-01T08:45:30Z
post_2024,windows-2022 py3.14,fixed_aggregate,12,14.363636363636363,success,36836558533,1,110285354697,d9e053b9a,2026-10-01T08:48:52Z
post_2024,windows-2022 py3.14,fixed_per_conn,12,39.4375,success,36836558533,1,110285354697,d9e053b9a,2026-10-01T08:48:52Z
post_2024,windows-2025 py3.14,fixed_aggregate,12,27.148148148148145,success,36836558533,1,110285354530,d9e053b9a,2026-10-01T08:50:30Z
post_2024,windows-2025 py3.14,fixed_per_conn,12,38.64705882352941,success,36836558533,1,110285354530,d9e053b9a,2026-10-01T08:50:30Z
post_2024,ubuntu-latest py3.14,fixed_aggregate,12,26.727272727272727,success,36836473333,1,110285086698,490ee0c9d,2026-10-01T08:42:24Z
post_2024,ubuntu-latest py3.14,fixed_per_conn,12,36.06666666666667,success,36836473333,1,110285086698,490ee0c9d,2026-10-01T08:42:24Z
post_2024,windows-2022 py3.14,fixed_aggregate,12,22.823529411764707,success,36836473333,1,110285086585,490ee0c9d,2026-10-01T08:48:11Z
post_2024,windows-2022 py3.14,fixed_per_conn,12,33.47058823529412,success,36836473333,1,110285086585,490ee0c9d,2026-10-01T08:48:11Z
post_2024,windows-2025 py3.14,fixed_aggregate,12,29.884615384615383,success,36836473333,1,110285086654,490ee0c9d,2026-10-01T08:50:56Z
post_2024,windows-2025 py3.14,fixed_per_conn,12,37.6875,success,36836473333,1,110285086654,490ee0c9d,2026-10-01T08:50:56Z
post_2024,ubuntu-latest py3.14,fixed_aggregate,12,36.903225806451616,success,36836383479,1,110284790417,552cab7c0,2026-10-01T08:39:05Z
post_2024,ubuntu-latest py3.14,fixed_per_conn,12,39.75,success,36836383479,1,110284790417,552cab7c0,2026-10-01T08:39:05Z
post_2024,windows-2022 py3.14,fixed_aggregate,12,32.96153846153847,success,36836383479,1,110284790325,552cab7c0,2026-10-01T08:43:54Z
post_2024,windows-2022 py3.14,fixed_per_conn,12,39.6875,success,36836383479,1,110284790325,552cab7c0,2026-10-01T08:43:54Z
post_2024,windows-2025 py3.14,fixed_aggregate,12,27.307692307692307,success,36836383479,1,110284790338,552cab7c0,2026-10-01T08:45:17Z
post_2024,windows-2025 py3.14,fixed_per_conn,12,37.78571428571429,success,36836383479,1,110284790338,552cab7c0,2026-10-01T08:45:17Z
post_2024,ubuntu-latest py3.14,fixed_aggregate,12,36.34375,success,36836024249,1,110283937974,2dbe7a601,2026-10-01T08:41:34Z
post_2024,ubuntu-latest py3.14,fixed_per_conn,12,39.1875,success,36836024249,1,110283937974,2dbe7a601,2026-10-01T08:41:34Z
post_2024,windows-2022 py3.14,fixed_aggregate,12,26.846153846153847,success,36836024249,1,110283937668,2dbe7a601,2026-10-01T08:41:52Z
post_2024,windows-2022 py3.14,fixed_per_conn,12,39.24999999999999,success,36836024249,1,110283937668,2dbe7a601,2026-10-01T08:41:52Z
post_2024,windows-2025 py3.14,fixed_aggregate,12,27.757575757575754,success,36836024249,1,110283937624,2dbe7a601,2026-10-01T08:46:27Z
post_2024,windows-2025 py3.14,fixed_per_conn,12,38.94117647058823,success,36836024249,1,110283937624,2dbe7a601,2026-10-01T08:46:27Z
post_2024,windows-2022 py3.14,fixed_aggregate,12,24.18518518518518,success,36835249856,1,110281597390,b8fba8c33,2026-10-01T08:37:43Z
post_2024,windows-2022 py3.14,fixed_per_conn,12,40.05882352941176,success,36835249856,1,110281597390,b8fba8c33,2026-10-01T08:37:43Z
post_2024,windows-2025 py3.14,fixed_aggregate,12,22.970588235294116,success,36835249856,1,110281597393,b8fba8c33,2026-10-01T08:39:35Z
post_2024,windows-2025 py3.14,fixed_per_conn,12,39.35294117647059,success,36835249856,1,110281597393,b8fba8c33,2026-10-01T08:39:35Z
post_2024,ubuntu-latest py3.14,fixed_aggregate,12,36.5,failure,36834038971,1,110277129373,67d8b2db3,2026-10-01T08:20:52Z
post_2024,ubuntu-latest py3.14,fixed_per_conn,12,39.375,failure,36834038971,1,110277129373,67d8b2db3,2026-10-01T08:20:52Z
post_2024,windows-2022 py3.14,fixed_aggregate,12,29.17391304347826,cancelled,36834038971,1,110277129504,67d8b2db3,2026-10-01T08:24:06Z
post_2024,windows-2022 py3.14,fixed_per_conn,12,40.214285714285715,cancelled,36834038971,1,110277129504,67d8b2db3,2026-10-01T08:24:06Z
post_2024,windows-2025 py3.14,fixed_aggregate,12,20.615384615384617,cancelled,36834038971,1,110277129536,67d8b2db3,2026-10-01T08:24:34Z
post_2024,windows-2025 py3.14,fixed_per_conn,12,33.8125,cancelled,36834038971,1,110277129536,67d8b2db3,2026-10-01T08:24:34Z
post_2024,ubuntu-latest py3.14,fixed_aggregate,12,35.5,success,36833097110,1,110274106799,80bd731cc,2026-10-01T08:10:43Z
post_2024,ubuntu-latest py3.14,fixed_per_conn,12,39.9375,success,36833097110,1,110274106799,80bd731cc,2026-10-01T08:10:43Z
post_2024,windows-2022 py3.14,fixed_aggregate,12,31.520000000000003,success,36833097110,1,110274106894,80bd731cc,2026-10-01T08:14:52Z
post_2024,windows-2022 py3.14,fixed_per_conn,12,38.23529411764706,success,36833097110,1,110274106894,80bd731cc,2026-10-01T08:14:52Z
post_2024,windows-2025 py3.14,fixed_aggregate,12,21.720000000000002,success,36833097110,1,110274106809,80bd731cc,2026-10-01T08:20:21Z
post_2024,windows-2025 py3.14,fixed_per_conn,12,38.45454545454545,success,36833097110,1,110274106809,80bd731cc,2026-10-01T08:20:21Z
post_2024,ubuntu-latest py3.14,fixed_aggregate,12,34.74285714285714,success,36832963841,1,110273655368,21c948df7,2026-10-01T08:09:45Z
post_2024,ubuntu-latest py3.14,fixed_per_conn,12,39.47058823529412,success,36832963841,1,110273655368,21c948df7,2026-10-01T08:09:45Z
post_2024,windows-2022 py3.14,fixed_aggregate,12,32.61538461538461,success,36832963841,1,110273655282,21c948df7,2026-10-01T08:09:55Z
post_2024,windows-2022 py3.14,fixed_per_conn,12,39.5,success,36832963841,1,110273655282,21c948df7,2026-10-01T08:09:55Z
post_2024,windows-2025 py3.14,fixed_aggregate,12,23.823529411764707,success,36832963841,1,110273655386,21c948df7,2026-10-01T08:11:04Z
post_2024,windows-2025 py3.14,fixed_per_conn,12,36.64705882352941,success,36832963841,1,110273655386,21c948df7,2026-10-01T08:11:04Z
post_2024,ubuntu-latest py3.14,fixed_aggregate,12,34.714285714285715,success,36832842671,1,110273458220,1d428d186,2026-10-01T08:08:45Z
post_2024,ubuntu-latest py3.14,fixed_per_conn,12,38.0,success,36832842671,1,110273458220,1d428d186,2026-10-01T08:08:45Z
post_2024,windows-2022 py3.14,fixed_aggregate,12,29.42857142857143,success,36832842671,1,110273458184,1d428d186,2026-10-01T08:12:45Z
post_2024,windows-2022 py3.14,fixed_per_conn,12,39.0625,success,36832842671,1,110273458184,1d428d186,2026-10-01T08:12:45Z
post_2024,windows-2025 py3.14,fixed_aggregate,12,18.44,failure,36832842671,1,110273458141,1d428d186,2026-10-01T08:19:04Z
post_2024,windows-2025 py3.14,fixed_per_conn,12,37.99999999999999,failure,36832842671,1,110273458141,1d428d186,2026-10-01T08:19:04Z
post_2024,windows-2025 py3.14,fixed_aggregate,12,28.21739130434782,success,36832842671,2,110283289362,1d428d186,2026-10-01T08:44:24Z
post_2024,windows-2025 py3.14,fixed_per_conn,12,40.199999999999996,success,36832842671,2,110283289362,1d428d186,2026-10-01T08:44:24Z
post_2024,windows-2022 py3.14,fixed_aggregate,12,32.33333333333333,success,36832387947,1,110271835223,365074bb8,2026-10-01T08:04:06Z
post_2024,windows-2022 py3.14,fixed_per_conn,12,39.125,success,36832387947,1,110271835223,365074bb8,2026-10-01T08:04:06Z
post_2024,windows-2022 py3.14,fixed_aggregate,12,28.769230769230774,success,36826480887,1,110253268510,cfd31484e,2026-10-01T07:05:38Z
post_2024,windows-2022 py3.14,fixed_per_conn,12,37.1764705882353,success,36826480887,1,110253268510,cfd31484e,2026-10-01T07:05:38Z
post_2024,windows-2025 py3.14,fixed_aggregate,12,27.5,success,36826480887,1,110253268483,cfd31484e,2026-10-01T07:03:33Z
post_2024,windows-2025 py3.14,fixed_per_conn,12,39.117647058823536,success,36826480887,1,110253268483,cfd31484e,2026-10-01T07:03:33Z
post_2024,ubuntu-latest py3.14,fixed_aggregate,12,34.529411764705884,success,36825914591,1,110251534216,e47a87947,2026-10-01T06:55:51Z
post_2024,ubuntu-latest py3.14,fixed_per_conn,12,36.94117647058823,success,36825914591,1,110251534216,e47a87947,2026-10-01T06:55:51Z
post_2024,windows-2022 py3.14,fixed_aggregate,12,23.86666666666667,success,36825914591,1,110251534263,e47a87947,2026-10-01T06:59:40Z
post_2024,windows-2022 py3.14,fixed_per_conn,12,37.94117647058824,success,36825914591,1,110251534263,e47a87947,2026-10-01T06:59:40Z
post_2024,windows-2025 py3.14,fixed_aggregate,12,26.791666666666668,success,36825914591,1,110251534433,e47a87947,2026-10-01T07:00:16Z
post_2024,windows-2025 py3.14,fixed_per_conn,12,37.13333333333333,success,36825914591,1,110251534433,e47a87947,2026-10-01T07:00:16Z
post_2024,ubuntu-latest py3.14,fixed_aggregate,12,35.45454545454546,success,36823910323,1,110245303108,e47a87947,2026-10-01T06:33:11Z
post_2024,ubuntu-latest py3.14,fixed_per_conn,12,39.75,success,36823910323,1,110245303108,e47a87947,2026-10-01T06:33:11Z
post_2024,windows-2022 py3.14,fixed_aggregate,12,27.764705882352942,success,36823910323,1,110245303081,e47a87947,2026-10-01T06:31:33Z
post_2024,windows-2022 py3.14,fixed_per_conn,12,39.23529411764706,success,36823910323,1,110245303081,e47a87947,2026-10-01T06:31:33Z
post_2024,windows-2025 py3.14,fixed_aggregate,12,26.166666666666668,success,36823910323,1,110245303215,e47a87947,2026-10-01T06:38:32Z
post_2024,windows-2025 py3.14,fixed_per_conn,12,37.64705882352941,success,36823910323,1,110245303215,e47a87947,2026-10-01T06:38:32Z
post_2024,ubuntu-latest py3.14,fixed_aggregate,12,36.114285714285714,success,36823908900,1,110245290829,1be165f80,2026-10-01T06:32:51Z
post_2024,ubuntu-latest py3.14,fixed_per_conn,12,39.81249999999999,success,36823908900,1,110245290829,1be165f80,2026-10-01T06:32:51Z
post_2024,windows-2022 py3.14,fixed_aggregate,12,24.51724137931035,success,36823908900,1,110245290946,1be165f80,2026-10-01T06:36:29Z
post_2024,windows-2022 py3.14,fixed_per_conn,12,37.82352941176471,success,36823908900,1,110245290946,1be165f80,2026-10-01T06:36:29Z
post_2024,windows-2025 py3.14,fixed_aggregate,12,22.642857142857142,success,36823908900,1,110245290820,1be165f80,2026-10-01T06:34:16Z
post_2024,windows-2025 py3.14,fixed_per_conn,12,39.94117647058824,success,36823908900,1,110245290820,1be165f80,2026-10-01T06:34:16Z
post_2024,ubuntu-latest py3.14,fixed_aggregate,12,36.375,success,36823837872,1,110245082248,e1e9c9f42,2026-10-01T06:33:07Z
post_2024,ubuntu-latest py3.14,fixed_per_conn,12,37.23529411764706,success,36823837872,1,110245082248,e1e9c9f42,2026-10-01T06:33:07Z
post_2024,windows-2022 py3.14,fixed_aggregate,12,29.038461538461537,success,36823837872,1,110245082237,e1e9c9f42,2026-10-01T06:35:50Z
post_2024,windows-2022 py3.14,fixed_per_conn,12,39.470588235294116,success,36823837872,1,110245082237,e1e9c9f42,2026-10-01T06:35:50Z
post_2024,windows-2025 py3.14,fixed_aggregate,12,30.423076923076923,success,36823837872,1,110245082130,e1e9c9f42,2026-10-01T06:36:13Z
post_2024,windows-2025 py3.14,fixed_per_conn,12,37.45454545454546,success,36823837872,1,110245082130,e1e9c9f42,2026-10-01T06:36:13Z
post_2024,windows-2022 py3.14,fixed_aggregate,12,24.48,success,36823270696,1,110243336383,d335881b2,2026-10-01T06:27:37Z
post_2024,windows-2022 py3.14,fixed_per_conn,12,39.75,success,36823270696,1,110243336383,d335881b2,2026-10-01T06:27:37Z
post_2024,windows-2025 py3.14,fixed_aggregate,12,30.703703703703706,success,36823270696,1,110243336386,d335881b2,2026-10-01T06:27:58Z
post_2024,windows-2025 py3.14,fixed_per_conn,12,39.375,success,36823270696,1,110243336386,d335881b2,2026-10-01T06:27:58Z
post_2024,windows-2022 py3.14,fixed_aggregate,12,29.53846153846154,success,36822096585,1,110239741952,de851910a,2026-10-01T06:10:25Z
post_2024,windows-2022 py3.14,fixed_per_conn,12,35.35294117647059,success,36822096585,1,110239741952,de851910a,2026-10-01T06:10:25Z
post_2024,windows-2025 py3.14,fixed_aggregate,12,31.821428571428573,success,36822096585,1,110239741964,de851910a,2026-10-01T06:13:20Z
post_2024,windows-2025 py3.14,fixed_per_conn,12,37.88235294117647,success,36822096585,1,110239741964,de851910a,2026-10-01T06:13:20Z
post_2024,ubuntu-latest py3.14,fixed_aggregate,12,35.677419354838705,success,36822095137,1,110239756369,1be165f80,2026-10-01T06:08:55Z
post_2024,ubuntu-latest py3.14,fixed_per_conn,12,38.1875,success,36822095137,1,110239756369,1be165f80,2026-10-01T06:08:55Z
post_2024,windows-2022 py3.14,fixed_aggregate,12,28.85185185185185,success,36822095137,1,110239756480,1be165f80,2026-10-01T06:15:54Z
post_2024,windows-2022 py3.14,fixed_per_conn,12,35.66666666666667,success,36822095137,1,110239756480,1be165f80,2026-10-01T06:15:54Z
post_2024,windows-2025 py3.14,fixed_aggregate,12,25.839999999999996,success,36822095137,1,110239756479,1be165f80,2026-10-01T06:16:16Z
post_2024,windows-2025 py3.14,fixed_per_conn,12,37.43750000000001,success,36822095137,1,110239756479,1be165f80,2026-10-01T06:16:16Z
post_2024,ubuntu-latest py3.14,fixed_aggregate,12,36.935483870967744,success,36821896480,1,110239134022,e1e9c9f42,2026-10-01T06:06:59Z
post_2024,ubuntu-latest py3.14,fixed_per_conn,12,40.0,success,36821896480,1,110239134022,e1e9c9f42,2026-10-01T06:06:59Z
post_2024,windows-2022 py3.14,fixed_aggregate,12,24.846153846153847,success,36821896480,1,110239133959,e1e9c9f42,2026-10-01T06:15:13Z
post_2024,windows-2022 py3.14,fixed_per_conn,12,38.857142857142854,success,36821896480,1,110239133959,e1e9c9f42,2026-10-01T06:15:13Z
post_2024,windows-2025 py3.14,fixed_aggregate,12,29.307692307692307,success,36821896480,1,110239133883,e1e9c9f42,2026-10-01T06:14:36Z
post_2024,windows-2025 py3.14,fixed_per_conn,12,39.375,success,36821896480,1,110239133883,e1e9c9f42,2026-10-01T06:14:36Z
post_2024,ubuntu-latest py3.14,fixed_aggregate,12,36.87096774193549,success,36821085590,1,110236671374,9c62051fe,2026-10-01T05:54:47Z
post_2024,ubuntu-latest py3.14,fixed_per_conn,12,39.3125,success,36821085590,1,110236671374,9c62051fe,2026-10-01T05:54:47Z
post_2024,windows-2022 py3.14,fixed_aggregate,12,21.774193548387096,success,36821085590,1,110236671458,9c62051fe,2026-10-01T06:02:42Z
post_2024,windows-2022 py3.14,fixed_per_conn,12,39.529411764705884,success,36821085590,1,110236671458,9c62051fe,2026-10-01T06:02:42Z
post_2024,windows-2025 py3.14,fixed_aggregate,12,29.227272727272727,success,36821085590,1,110236671400,9c62051fe,2026-10-01T06:04:24Z
post_2024,windows-2025 py3.14,fixed_per_conn,12,35.25,success,36821085590,1,110236671400,9c62051fe,2026-10-01T06:04:24Z
post_2024,ubuntu-latest py3.14,fixed_aggregate,12,36.53125,failure,36821053335,1,110236563995,a3d777bda,2026-10-01T05:58:32Z
post_2024,ubuntu-latest py3.14,fixed_per_conn,12,39.125,failure,36821053335,1,110236563995,a3d777bda,2026-10-01T05:58:32Z
post_2024,windows-2022 py3.14,fixed_aggregate,12,31.2,success,36821053335,1,110236563957,a3d777bda,2026-10-01T06:01:36Z
post_2024,windows-2022 py3.14,fixed_per_conn,12,27.647058823529413,success,36821053335,1,110236563957,a3d777bda,2026-10-01T06:01:36Z
post_2024,windows-2025 py3.14,fixed_aggregate,12,29.62962962962963,success,36821053335,1,110236563943,a3d777bda,2026-10-01T06:02:57Z
post_2024,windows-2025 py3.14,fixed_per_conn,12,36.800000000000004,success,36821053335,1,110236563943,a3d777bda,2026-10-01T06:02:57Z
post_2024,ubuntu-latest py3.14,fixed_aggregate,12,35.71875,success,36820783889,1,110235755230,97281aa6b,2026-10-01T05:55:07Z
post_2024,ubuntu-latest py3.14,fixed_per_conn,12,37.43750000000001,success,36820783889,1,110235755230,97281aa6b,2026-10-01T05:55:07Z
post_2024,windows-2022 py3.14,fixed_aggregate,12,23.458333333333332,success,36820783889,1,110235755090,97281aa6b,2026-10-01T05:59:23Z
post_2024,windows-2022 py3.14,fixed_per_conn,12,39.82352941176471,success,36820783889,1,110235755090,97281aa6b,2026-10-01T05:59:23Z
post_2024,windows-2025 py3.14,fixed_aggregate,12,29.566666666666663,success,36820783889,1,110235755198,97281aa6b,2026-10-01T05:59:47Z
post_2024,windows-2025 py3.14,fixed_per_conn,12,39.88235294117647,success,36820783889,1,110235755198,97281aa6b,2026-10-01T05:59:47Z
post_2024,ubuntu-latest py3.14,fixed_aggregate,12,34.42857142857142,success,36820355273,1,110234466408,dd14645e7,2026-10-01T05:50:19Z
post_2024,ubuntu-latest py3.14,fixed_per_conn,12,38.625,success,36820355273,1,110234466408,dd14645e7,2026-10-01T05:50:19Z
post_2024,windows-2022 py3.14,fixed_aggregate,12,26.739130434782606,success,36820355273,1,110234466480,dd14645e7,2026-10-01T05:53:45Z
post_2024,windows-2022 py3.14,fixed_per_conn,12,39.64705882352941,success,36820355273,1,110234466480,dd14645e7,2026-10-01T05:53:45Z
post_2024,windows-2025 py3.14,fixed_aggregate,12,26.22222222222222,success,36820355273,1,110234466440,dd14645e7,2026-10-01T05:55:02Z
post_2024,windows-2025 py3.14,fixed_per_conn,12,39.266666666666666,success,36820355273,1,110234466440,dd14645e7,2026-10-01T05:55:02Z
post_2024,ubuntu-latest py3.14,fixed_aggregate,12,34.970588235294116,success,36819755343,1,110232632679,61730fa77,2026-10-01T05:43:16Z
post_2024,ubuntu-latest py3.14,fixed_per_conn,12,39.6875,success,36819755343,1,110232632679,61730fa77,2026-10-01T05:43:16Z
post_2024,windows-2022 py3.14,fixed_aggregate,12,32.76923076923077,success,36819755343,1,110232632724,61730fa77,2026-10-01T05:46:12Z
post_2024,windows-2022 py3.14,fixed_per_conn,12,39.5,success,36819755343,1,110232632724,61730fa77,2026-10-01T05:46:12Z
post_2024,windows-2025 py3.14,fixed_aggregate,12,24.32,success,36819755343,1,110232632630,61730fa77,2026-10-01T05:45:38Z
post_2024,windows-2025 py3.14,fixed_per_conn,12,33.38461538461538,success,36819755343,1,110232632630,61730fa77,2026-10-01T05:45:38Z
post_2024,ubuntu-latest py3.14,fixed_aggregate,12,36.625,success,36819754350,1,110232636891,4f11404ea,2026-10-01T05:42:16Z
post_2024,ubuntu-latest py3.14,fixed_per_conn,12,39.1875,success,36819754350,1,110232636891,4f11404ea,2026-10-01T05:42:16Z
post_2024,windows-2022 py3.14,fixed_aggregate,12,21.558823529411764,success,36819754350,1,110232636919,4f11404ea,2026-10-01T05:46:16Z
post_2024,windows-2022 py3.14,fixed_per_conn,12,39.5625,success,36819754350,1,110232636919,4f11404ea,2026-10-01T05:46:16Z
post_2024,windows-2025 py3.14,fixed_aggregate,12,21.03846153846154,success,36819754350,1,110232636900,4f11404ea,2026-10-01T05:44:37Z
post_2024,windows-2025 py3.14,fixed_per_conn,12,38.90909090909091,success,36819754350,1,110232636900,4f11404ea,2026-10-01T05:44:37Z
post_2024,windows-2022 py3.14,fixed_aggregate,12,26.26923076923077,success,36819696089,1,110232449089,8e70ca5b0,2026-10-01T05:45:16Z
post_2024,windows-2022 py3.14,fixed_per_conn,12,37.53333333333333,success,36819696089,1,110232449089,8e70ca5b0,2026-10-01T05:45:16Z
post_2024,windows-2025 py3.14,fixed_aggregate,12,22.705882352941178,success,36819696089,1,110232449055,8e70ca5b0,2026-10-01T05:46:46Z
post_2024,windows-2025 py3.14,fixed_per_conn,12,38.705882352941174,success,36819696089,1,110232449055,8e70ca5b0,2026-10-01T05:46:46Z
post_2024,windows-2022 py3.14,fixed_aggregate,12,24.91666666666667,success,36819562275,1,110232041030,88d0a6537,2026-10-01T05:44:33Z
post_2024,windows-2022 py3.14,fixed_per_conn,12,36.0,success,36819562275,1,110232041030,88d0a6537,2026-10-01T05:44:33Z
post_2024,windows-2025 py3.14,fixed_aggregate,12,30.97142857142857,success,36819562275,1,110232041016,88d0a6537,2026-10-01T05:45:14Z
post_2024,windows-2025 py3.14,fixed_per_conn,12,39.05882352941177,success,36819562275,1,110232041016,88d0a6537,2026-10-01T05:45:14Z
post_2024,ubuntu-latest py3.14,fixed_aggregate,12,34.705882352941174,success,36819526009,1,110231931462,9c38ccdeb,2026-10-01T05:39:54Z
post_2024,ubuntu-latest py3.14,fixed_per_conn,12,39.1875,success,36819526009,1,110231931462,9c38ccdeb,2026-10-01T05:39:54Z
post_2024,windows-2022 py3.14,fixed_aggregate,12,26.0,success,36819526009,1,110231931595,9c38ccdeb,2026-10-01T05:43:25Z
post_2024,windows-2022 py3.14,fixed_per_conn,12,39.0,success,36819526009,1,110231931595,9c38ccdeb,2026-10-01T05:43:25Z
post_2024,windows-2025 py3.14,fixed_aggregate,12,30.846153846153843,success,36819526009,1,110231931510,9c38ccdeb,2026-10-01T05:43:24Z
post_2024,windows-2025 py3.14,fixed_per_conn,12,40.3125,success,36819526009,1,110231931510,9c38ccdeb,2026-10-01T05:43:24Z
post_2024,ubuntu-latest py3.14,fixed_aggregate,12,35.5,success,36819513004,1,110231896339,663dc36f2,2026-10-01T05:38:49Z
post_2024,ubuntu-latest py3.14,fixed_per_conn,12,39.1875,success,36819513004,1,110231896339,663dc36f2,2026-10-01T05:38:49Z
post_2024,windows-2022 py3.14,fixed_aggregate,12,25.130434782608695,success,36819513004,1,110231896390,663dc36f2,2026-10-01T05:43:31Z
post_2024,windows-2022 py3.14,fixed_per_conn,12,38.70588235294118,success,36819513004,1,110231896390,663dc36f2,2026-10-01T05:43:31Z
post_2024,windows-2025 py3.14,fixed_aggregate,12,20.826086956521742,success,36819513004,1,110231896343,663dc36f2,2026-10-01T05:44:33Z
post_2024,windows-2025 py3.14,fixed_per_conn,12,36.266666666666666,success,36819513004,1,110231896343,663dc36f2,2026-10-01T05:44:33Z
post_2024,ubuntu-latest py3.14,fixed_aggregate,12,35.24242424242424,success,36819196663,1,110230930716,e4e7625d7,2026-10-01T05:36:27Z
post_2024,ubuntu-latest py3.14,fixed_per_conn,12,39.125,success,36819196663,1,110230930716,e4e7625d7,2026-10-01T05:36:27Z
post_2024,windows-2022 py3.14,fixed_aggregate,12,27.846153846153847,success,36819196663,1,110230930707,e4e7625d7,2026-10-01T05:40:44Z
post_2024,windows-2022 py3.14,fixed_per_conn,12,39.43749999999999,success,36819196663,1,110230930707,e4e7625d7,2026-10-01T05:40:44Z
post_2024,windows-2025 py3.14,fixed_aggregate,12,28.615384615384617,success,36819196663,1,110230930775,e4e7625d7,2026-10-01T05:40:24Z
post_2024,windows-2025 py3.14,fixed_per_conn,12,38.70588235294118,success,36819196663,1,110230930775,e4e7625d7,2026-10-01T05:40:24Z
post_2024,ubuntu-latest py3.14,fixed_aggregate,12,31.656249999999996,success,36819190439,1,110230910274,5fa55dd8b,2026-10-01T05:32:57Z
post_2024,ubuntu-latest py3.14,fixed_per_conn,12,39.5625,success,36819190439,1,110230910274,5fa55dd8b,2026-10-01T05:32:57Z
post_2024,windows-2022 py3.14,fixed_aggregate,12,26.73076923076923,success,36819190439,1,110230910184,5fa55dd8b,2026-10-01T05:38:58Z
post_2024,windows-2022 py3.14,fixed_per_conn,12,40.5625,success,36819190439,1,110230910184,5fa55dd8b,2026-10-01T05:38:58Z
post_2024,windows-2025 py3.14,fixed_aggregate,12,21.653846153846157,success,36819190439,1,110230910251,5fa55dd8b,2026-10-01T05:38:53Z
post_2024,windows-2025 py3.14,fixed_per_conn,12,32.33333333333333,success,36819190439,1,110230910251,5fa55dd8b,2026-10-01T05:38:53Z
post_2024,ubuntu-latest py3.14,fixed_aggregate,12,36.61290322580645,failure,36818131952,1,110227760491,f3f86401d,2026-10-01T05:19:21Z
post_2024,ubuntu-latest py3.14,fixed_per_conn,12,39.333333333333336,failure,36818131952,1,110227760491,f3f86401d,2026-10-01T05:19:21Z
post_2024,windows-2022 py3.14,fixed_aggregate,12,31.925925925925927,failure,36818131952,1,110227760554,f3f86401d,2026-10-01T05:22:19Z
post_2024,windows-2022 py3.14,fixed_per_conn,12,39.5625,failure,36818131952,1,110227760554,f3f86401d,2026-10-01T05:22:19Z
post_2024,windows-2025 py3.14,fixed_aggregate,12,22.214285714285715,failure,36818131952,1,110227760560,f3f86401d,2026-10-01T05:27:26Z
post_2024,windows-2025 py3.14,fixed_per_conn,12,37.5625,failure,36818131952,1,110227760560,f3f86401d,2026-10-01T05:27:26Z
post_2024,ubuntu-latest py3.14,fixed_aggregate,12,34.17142857142857,success,36818025726,1,110227318643,4f11404ea,2026-10-01T05:19:54Z
post_2024,ubuntu-latest py3.14,fixed_per_conn,12,39.125,success,36818025726,1,110227318643,4f11404ea,2026-10-01T05:19:54Z
post_2024,windows-2022 py3.14,fixed_aggregate,12,29.923076923076927,success,36818025726,1,110227318405,4f11404ea,2026-10-01T05:23:44Z
post_2024,windows-2022 py3.14,fixed_per_conn,12,43.333333333333336,success,36818025726,1,110227318405,4f11404ea,2026-10-01T05:23:44Z
post_2024,windows-2025 py3.14,fixed_aggregate,12,32.0,success,36818025726,1,110227318687,4f11404ea,2026-10-01T05:25:48Z
post_2024,windows-2025 py3.14,fixed_per_conn,12,40.285714285714285,success,36818025726,1,110227318687,4f11404ea,2026-10-01T05:25:48Z
post_2024,ubuntu-latest py3.14,fixed_aggregate,12,35.371428571428574,success,36817758769,1,110226501568,663dc36f2,2026-10-01T05:16:34Z
post_2024,ubuntu-latest py3.14,fixed_per_conn,12,39.25,success,36817758769,1,110226501568,663dc36f2,2026-10-01T05:16:34Z
post_2024,windows-2022 py3.14,fixed_aggregate,12,26.34615384615385,success,36817758769,1,110226501675,663dc36f2,2026-10-01T05:20:56Z
post_2024,windows-2022 py3.14,fixed_per_conn,12,39.5625,success,36817758769,1,110226501675,663dc36f2,2026-10-01T05:20:56Z
post_2024,windows-2025 py3.14,fixed_aggregate,12,25.73913043478261,success,36817758769,1,110226501576,663dc36f2,2026-10-01T05:22:28Z
post_2024,windows-2025 py3.14,fixed_per_conn,12,36.53333333333333,success,36817758769,1,110226501576,663dc36f2,2026-10-01T05:22:28Z
post_2024,ubuntu-latest py3.14,fixed_aggregate,12,36.15625,success,36817173442,1,110224822191,40db5fc4c,2026-10-01T05:10:08Z
post_2024,ubuntu-latest py3.14,fixed_per_conn,12,38.0,success,36817173442,1,110224822191,40db5fc4c,2026-10-01T05:10:08Z
post_2024,windows-2022 py3.14,fixed_aggregate,12,26.73076923076923,success,36817173442,1,110224822277,40db5fc4c,2026-10-01T05:13:14Z
post_2024,windows-2022 py3.14,fixed_per_conn,12,35.99999999999999,success,36817173442,1,110224822277,40db5fc4c,2026-10-01T05:13:14Z
post_2024,windows-2025 py3.14,fixed_aggregate,12,24.615384615384617,success,36817173442,1,110224822268,40db5fc4c,2026-10-01T05:13:56Z
post_2024,windows-2025 py3.14,fixed_per_conn,12,30.374999999999996,success,36817173442,1,110224822268,40db5fc4c,2026-10-01T05:13:56Z
post_2024,ubuntu-latest py3.14,fixed_aggregate,12,33.78125,success,36817054006,1,110224364505,4f26ddcea,2026-10-01T05:05:54Z
post_2024,ubuntu-latest py3.14,fixed_per_conn,12,39.1875,success,36817054006,1,110224364505,4f26ddcea,2026-10-01T05:05:54Z
post_2024,windows-2022 py3.14,fixed_aggregate,12,30.4,success,36817054006,1,110224364514,4f26ddcea,2026-10-01T05:11:10Z
post_2024,windows-2022 py3.14,fixed_per_conn,12,39.352941176470594,success,36817054006,1,110224364514,4f26ddcea,2026-10-01T05:11:10Z
post_2024,windows-2025 py3.14,fixed_aggregate,12,30.434782608695656,success,36817054006,1,110224364463,4f26ddcea,2026-10-01T05:13:03Z
post_2024,windows-2025 py3.14,fixed_per_conn,12,39.35294117647059,success,36817054006,1,110224364463,4f26ddcea,2026-10-01T05:13:03Z
post_2024,ubuntu-latest py3.14,fixed_aggregate,12,27.0,failure,36816724625,1,110223436618,a02b0e64f,2026-10-01T05:01:58Z
post_2024,ubuntu-latest py3.14,fixed_per_conn,12,37.0625,failure,36816724625,1,110223436618,a02b0e64f,2026-10-01T05:01:58Z
post_2024,windows-2022 py3.14,fixed_aggregate,12,31.482758620689655,cancelled,36816724625,1,110223436704,a02b0e64f,2026-10-01T05:05:39Z
post_2024,windows-2022 py3.14,fixed_per_conn,12,38.11764705882353,cancelled,36816724625,1,110223436704,a02b0e64f,2026-10-01T05:05:39Z
post_2024,ubuntu-latest py3.14,fixed_aggregate,12,37.0,failure,36816195331,1,110221725708,67550380a,2026-10-01T04:56:46Z
post_2024,ubuntu-latest py3.14,fixed_per_conn,12,39.56249999999999,failure,36816195331,1,110221725708,67550380a,2026-10-01T04:56:46Z
post_2024,windows-2022 py3.14,fixed_aggregate,12,30.814814814814813,failure,36816195331,1,110221725754,67550380a,2026-10-01T05:00:21Z
post_2024,windows-2022 py3.14,fixed_per_conn,12,39.5,failure,36816195331,1,110221725754,67550380a,2026-10-01T05:00:21Z
post_2024,windows-2025 py3.14,fixed_aggregate,12,33.42857142857143,failure,36816195331,1,110221725835,67550380a,2026-10-01T05:01:00Z
post_2024,windows-2025 py3.14,fixed_per_conn,12,39.25,failure,36816195331,1,110221725835,67550380a,2026-10-01T05:01:00Z
post_2024,ubuntu-latest py3.14,fixed_aggregate,12,35.333333333333336,success,36815625721,1,110219978851,282622249,2026-10-01T04:49:29Z
post_2024,ubuntu-latest py3.14,fixed_per_conn,12,39.375,success,36815625721,1,110219978851,282622249,2026-10-01T04:49:29Z
post_2024,windows-2022 py3.14,fixed_aggregate,12,28.115384615384613,success,36815625721,1,110219978924,282622249,2026-10-01T04:52:39Z
post_2024,windows-2022 py3.14,fixed_per_conn,12,37.88235294117647,success,36815625721,1,110219978924,282622249,2026-10-01T04:52:39Z
post_2024,windows-2025 py3.14,fixed_aggregate,12,28.461538461538467,success,36815625721,1,110219979024,282622249,2026-10-01T04:54:45Z
post_2024,windows-2025 py3.14,fixed_per_conn,12,38.14285714285714,success,36815625721,1,110219979024,282622249,2026-10-01T04:54:45Z
post_2024,ubuntu-latest py3.14,fixed_aggregate,12,29.115384615384617,success,36815209665,1,110218731383,6077b672f,2026-10-01T04:41:08Z
post_2024,ubuntu-latest py3.14,fixed_per_conn,12,40.0,success,36815209665,1,110218731383,6077b672f,2026-10-01T04:41:08Z
post_2024,windows-2022 py3.14,fixed_aggregate,12,25.48148148148148,success,36815209665,1,110218731342,6077b672f,2026-10-01T04:48:08Z
post_2024,windows-2022 py3.14,fixed_per_conn,12,37.411764705882355,success,36815209665,1,110218731342,6077b672f,2026-10-01T04:48:08Z
post_2024,windows-2025 py3.14,fixed_aggregate,12,20.166666666666668,success,36815209665,1,110218731325,6077b672f,2026-10-01T04:49:18Z
post_2024,windows-2025 py3.14,fixed_per_conn,12,38.666666666666664,success,36815209665,1,110218731325,6077b672f,2026-10-01T04:49:18Z
post_2024,ubuntu-latest py3.14,fixed_aggregate,12,35.39393939393939,success,36814427335,1,110216350354,83dba9e2e,2026-10-01T04:34:02Z
post_2024,ubuntu-latest py3.14,fixed_per_conn,12,39.8125,success,36814427335,1,110216350354,83dba9e2e,2026-10-01T04:34:02Z
post_2024,windows-2022 py3.14,fixed_aggregate,12,23.212121212121215,success,36814427335,1,110216350270,83dba9e2e,2026-10-01T04:36:35Z
post_2024,windows-2022 py3.14,fixed_per_conn,12,39.75,success,36814427335,1,110216350270,83dba9e2e,2026-10-01T04:36:35Z
post_2024,windows-2025 py3.14,fixed_aggregate,12,29.923076923076923,success,36814427335,1,110216350272,83dba9e2e,2026-10-01T04:39:03Z
post_2024,windows-2025 py3.14,fixed_per_conn,12,37.05882352941176,success,36814427335,1,110216350272,83dba9e2e,2026-10-01T04:39:03Z
post_2024,ubuntu-latest py3.14,fixed_aggregate,12,36.6875,success,36814410956,1,110216312308,103be366a,2026-10-01T04:33:47Z
post_2024,ubuntu-latest py3.14,fixed_per_conn,12,38.875,success,36814410956,1,110216312308,103be366a,2026-10-01T04:33:47Z
post_2024,windows-2022 py3.14,fixed_aggregate,12,26.846153846153843,failure,36814410956,1,110216312322,103be366a,2026-10-01T04:37:24Z
post_2024,windows-2022 py3.14,fixed_per_conn,12,38.8235294117647,failure,36814410956,1,110216312322,103be366a,2026-10-01T04:37:24Z
post_2024,windows-2025 py3.14,fixed_aggregate,12,26.521739130434785,success,36814410956,1,110216312339,103be366a,2026-10-01T04:39:00Z
post_2024,windows-2025 py3.14,fixed_per_conn,12,36.82352941176471,success,36814410956,1,110216312339,103be366a,2026-10-01T04:39:00Z
post_2024,ubuntu-latest py3.14,fixed_aggregate,12,36.53125,success,36814056104,1,110215214439,ab8029f02,2026-10-01T04:29:08Z
post_2024,ubuntu-latest py3.14,fixed_per_conn,12,39.125,success,36814056104,1,110215214439,ab8029f02,2026-10-01T04:29:08Z
post_2024,windows-2022 py3.14,fixed_aggregate,12,30.384615384615383,success,36814056104,1,110215214407,ab8029f02,2026-10-01T04:32:14Z
post_2024,windows-2022 py3.14,fixed_per_conn,12,39.35294117647059,success,36814056104,1,110215214407,ab8029f02,2026-10-01T04:32:14Z
post_2024,windows-2025 py3.14,fixed_aggregate,12,25.16,success,36814056104,1,110215214399,ab8029f02,2026-10-01T04:30:13Z
post_2024,windows-2025 py3.14,fixed_per_conn,12,35.25,success,36814056104,1,110215214399,ab8029f02,2026-10-01T04:30:13Z
post_2024,ubuntu-latest py3.14,fixed_aggregate,12,36.54545454545455,success,36812276745,1,110209789379,ab8029f02,2026-10-01T04:05:20Z
post_2024,ubuntu-latest py3.14,fixed_per_conn,12,39.1875,success,36812276745,1,110209789379,ab8029f02,2026-10-01T04:05:20Z
post_2024,windows-2022 py3.14,fixed_aggregate,12,28.514285714285716,success,36812276745,1,110209789319,ab8029f02,2026-10-01T04:04:52Z
post_2024,windows-2022 py3.14,fixed_per_conn,12,40.6875,success,36812276745,1,110209789319,ab8029f02,2026-10-01T04:04:52Z
post_2024,windows-2025 py3.14,fixed_aggregate,12,22.818181818181817,success,36812276745,1,110209789287,ab8029f02,2026-10-01T04:12:13Z
post_2024,windows-2025 py3.14,fixed_per_conn,12,32.35294117647059,success,36812276745,1,110209789287,ab8029f02,2026-10-01T04:12:13Z
post_2024,ubuntu-latest py3.14,fixed_aggregate,12,36.5,success,36812205154,1,110209559441,ad6ff5c34,2026-10-01T04:05:34Z
post_2024,ubuntu-latest py3.14,fixed_per_conn,12,39.75,success,36812205154,1,110209559441,ad6ff5c34,2026-10-01T04:05:34Z
post_2024,windows-2022 py3.14,fixed_aggregate,12,26.576923076923077,success,36812205154,1,110209559507,ad6ff5c34,2026-10-01T04:07:57Z
post_2024,windows-2022 py3.14,fixed_per_conn,12,34.142857142857146,success,36812205154,1,110209559507,ad6ff5c34,2026-10-01T04:07:57Z
post_2024,windows-2025 py3.14,fixed_aggregate,12,27.096774193548388,success,36812205154,1,110209559449,ad6ff5c34,2026-10-01T04:08:06Z
post_2024,windows-2025 py3.14,fixed_per_conn,12,39.35294117647059,success,36812205154,1,110209559449,ad6ff5c34,2026-10-01T04:08:06Z
post_2024,ubuntu-latest py3.14,fixed_aggregate,12,36.40625,success,36812185137,1,110209512505,b1ad2bf7e,2026-10-01T04:03:50Z
post_2024,ubuntu-latest py3.14,fixed_per_conn,12,38.99999999999999,success,36812185137,1,110209512505,b1ad2bf7e,2026-10-01T04:03:50Z
post_2024,windows-2022 py3.14,fixed_aggregate,12,27.823529411764707,success,36812185137,1,110209512561,b1ad2bf7e,2026-10-01T04:06:35Z
post_2024,windows-2022 py3.14,fixed_per_conn,12,36.875,success,36812185137,1,110209512561,b1ad2bf7e,2026-10-01T04:06:35Z
post_2024,windows-2025 py3.14,fixed_aggregate,12,26.73529411764706,success,36812185137,1,110209512535,b1ad2bf7e,2026-10-01T04:08:14Z
post_2024,windows-2025 py3.14,fixed_per_conn,12,39.733333333333334,success,36812185137,1,110209512535,b1ad2bf7e,2026-10-01T04:08:14Z
post_2024,ubuntu-latest py3.14,fixed_aggregate,12,34.09677419354839,success,36811996798,1,110208920212,0aa674a19,2026-10-01T04:00:08Z
post_2024,ubuntu-latest py3.14,fixed_per_conn,12,37.5625,success,36811996798,1,110208920212,0aa674a19,2026-10-01T04:00:08Z
post_2024,windows-2022 py3.14,fixed_aggregate,12,25.730769230769234,success,36811996798,1,110208920185,0aa674a19,2026-10-01T04:05:13Z
post_2024,windows-2022 py3.14,fixed_per_conn,12,39.75,success,36811996798,1,110208920185,0aa674a19,2026-10-01T04:05:13Z
post_2024,windows-2025 py3.14,fixed_aggregate,12,27.24,success,36811996798,1,110208920133,0aa674a19,2026-10-01T04:07:32Z
post_2024,windows-2025 py3.14,fixed_per_conn,12,39.11764705882353,success,36811996798,1,110208920133,0aa674a19,2026-10-01T04:07:32Z
post_2024,ubuntu-latest py3.14,fixed_aggregate,12,34.714285714285715,success,36811503450,1,110207406450,1a430365f,2026-10-01T03:54:44Z
post_2024,ubuntu-latest py3.14,fixed_per_conn,12,38.0,success,36811503450,1,110207406450,1a430365f,2026-10-01T03:54:44Z
post_2024,windows-2022 py3.14,fixed_aggregate,12,25.043478260869563,success,36811503450,1,110207406513,1a430365f,2026-10-01T03:59:14Z
post_2024,windows-2022 py3.14,fixed_per_conn,12,39.4375,success,36811503450,1,110207406513,1a430365f,2026-10-01T03:59:14Z
post_2024,windows-2025 py3.14,fixed_aggregate,12,27.848484848484844,success,36811503450,1,110207406484,1a430365f,2026-10-01T04:00:43Z
post_2024,windows-2025 py3.14,fixed_per_conn,12,39.11764705882353,success,36811503450,1,110207406484,1a430365f,2026-10-01T04:00:43Z
post_2024,ubuntu-latest py3.14,fixed_aggregate,12,36.774193548387096,success,36810965954,1,110205759215,a4889ba2d,2026-10-01T03:43:24Z
post_2024,ubuntu-latest py3.14,fixed_per_conn,12,39.125,success,36810965954,1,110205759215,a4889ba2d,2026-10-01T03:43:24Z
post_2024,windows-2022 py3.14,fixed_aggregate,12,29.799999999999997,success,36810965954,1,110205759225,a4889ba2d,2026-10-01T03:51:51Z
post_2024,windows-2022 py3.14,fixed_per_conn,12,38.9375,success,36810965954,1,110205759225,a4889ba2d,2026-10-01T03:51:51Z
post_2024,windows-2025 py3.14,fixed_aggregate,12,33.96666666666667,success,36810965954,1,110205759204,a4889ba2d,2026-10-01T03:52:30Z
post_2024,windows-2025 py3.14,fixed_per_conn,12,39.75,success,36810965954,1,110205759204,a4889ba2d,2026-10-01T03:52:30Z
post_2024,ubuntu-latest py3.14,fixed_aggregate,12,32.3939393939394,success,36810673599,1,110204876803,ad6ff5c34,2026-10-01T03:42:34Z
post_2024,ubuntu-latest py3.14,fixed_per_conn,12,40.0,success,36810673599,1,110204876803,ad6ff5c34,2026-10-01T03:42:34Z
post_2024,windows-2022 py3.14,fixed_aggregate,12,27.653846153846157,success,36810673599,1,110204876778,ad6ff5c34,2026-10-01T03:48:12Z
post_2024,windows-2022 py3.14,fixed_per_conn,12,39.8125,success,36810673599,1,110204876778,ad6ff5c34,2026-10-01T03:48:12Z
post_2024,windows-2025 py3.14,fixed_aggregate,12,22.923076923076923,success,36810673599,1,110204876799,ad6ff5c34,2026-10-01T03:48:18Z
post_2024,windows-2025 py3.14,fixed_per_conn,12,39.52941176470588,success,36810673599,1,110204876799,ad6ff5c34,2026-10-01T03:48:18Z
post_2024,ubuntu-latest py3.14,fixed_aggregate,12,36.264705882352935,success,36810400528,1,110204052704,b1ad2bf7e,2026-10-01T03:41:15Z
post_2024,ubuntu-latest py3.14,fixed_per_conn,12,39.333333333333336,success,36810400528,1,110204052704,b1ad2bf7e,2026-10-01T03:41:15Z
post_2024,windows-2022 py3.14,fixed_aggregate,12,26.4,success,36810400528,1,110204052591,b1ad2bf7e,2026-10-01T03:44:00Z
post_2024,windows-2022 py3.14,fixed_per_conn,12,37.666666666666664,success,36810400528,1,110204052591,b1ad2bf7e,2026-10-01T03:44:00Z
post_2024,windows-2025 py3.14,fixed_aggregate,12,36.25,success,36810400528,1,110204052599,b1ad2bf7e,2026-10-01T03:47:33Z
post_2024,windows-2025 py3.14,fixed_per_conn,12,38.54545454545455,success,36810400528,1,110204052599,b1ad2bf7e,2026-10-01T03:47:33Z
post_2024,ubuntu-latest py3.14,fixed_aggregate,12,35.31249999999999,success,36810368506,1,110203953639,0aa674a19,2026-10-01T03:40:59Z
post_2024,ubuntu-latest py3.14,fixed_per_conn,12,39.125,success,36810368506,1,110203953639,0aa674a19,2026-10-01T03:40:59Z
post_2024,windows-2022 py3.14,fixed_aggregate,12,25.962962962962962,success,36810368506,1,110203953619,0aa674a19,2026-10-01T03:44:09Z
post_2024,windows-2022 py3.14,fixed_per_conn,12,37.16666666666667,success,36810368506,1,110203953619,0aa674a19,2026-10-01T03:44:09Z
post_2024,windows-2025 py3.14,fixed_aggregate,12,28.5,success,36810368506,1,110203953551,0aa674a19,2026-10-01T03:45:04Z
post_2024,windows-2025 py3.14,fixed_per_conn,12,37.400000000000006,success,36810368506,1,110203953551,0aa674a19,2026-10-01T03:45:04Z
post_2024,ubuntu-latest py3.14,fixed_aggregate,12,35.45454545454545,success,36809888657,1,110202426649,1a430365f,2026-10-01T03:34:53Z
post_2024,ubuntu-latest py3.14,fixed_per_conn,12,37.5,success,36809888657,1,110202426649,1a430365f,2026-10-01T03:34:53Z
post_2024,windows-2022 py3.14,fixed_aggregate,12,32.77777777777778,success,36809888657,1,110202426752,1a430365f,2026-10-01T03:36:44Z
post_2024,windows-2022 py3.14,fixed_per_conn,12,37.625,success,36809888657,1,110202426752,1a430365f,2026-10-01T03:36:44Z
post_2024,windows-2025 py3.14,fixed_aggregate,12,22.633333333333333,success,36809888657,1,110202426682,1a430365f,2026-10-01T03:38:38Z
post_2024,windows-2025 py3.14,fixed_per_conn,12,38.294117647058826,success,36809888657,1,110202426682,1a430365f,2026-10-01T03:38:38Z
post_2024,ubuntu-latest py3.14,fixed_aggregate,12,35.333333333333336,success,36809745481,1,110201987154,dea2c49e9,2026-10-01T03:33:05Z
post_2024,ubuntu-latest py3.14,fixed_per_conn,12,38.294117647058826,success,36809745481,1,110201987154,dea2c49e9,2026-10-01T03:33:05Z
post_2024,windows-2022 py3.14,fixed_aggregate,12,25.794117647058822,success,36809745481,1,110201987155,dea2c49e9,2026-10-01T03:33:34Z
post_2024,windows-2022 py3.14,fixed_per_conn,12,39.52941176470588,success,36809745481,1,110201987155,dea2c49e9,2026-10-01T03:33:34Z
post_2024,windows-2025 py3.14,fixed_aggregate,12,30.038461538461533,success,36809745481,1,110201987173,dea2c49e9,2026-10-01T03:36:27Z
post_2024,windows-2025 py3.14,fixed_per_conn,12,39.1875,success,36809745481,1,110201987173,dea2c49e9,2026-10-01T03:36:27Z
post_2024,ubuntu-latest py3.14,fixed_aggregate,12,35.27272727272727,success,36809622585,1,110201725232,8200c598b,2026-10-01T03:31:43Z
post_2024,ubuntu-latest py3.14,fixed_per_conn,12,39.75,success,36809622585,1,110201725232,8200c598b,2026-10-01T03:31:43Z
post_2024,windows-2022 py3.14,fixed_aggregate,12,24.694444444444446,success,36809622585,1,110201725184,8200c598b,2026-10-01T03:35:08Z
post_2024,windows-2022 py3.14,fixed_per_conn,12,39.8,success,36809622585,1,110201725184,8200c598b,2026-10-01T03:35:08Z
post_2024,windows-2025 py3.14,fixed_aggregate,12,25.07142857142857,success,36809622585,1,110201725213,8200c598b,2026-10-01T03:37:02Z
post_2024,windows-2025 py3.14,fixed_per_conn,12,38.333333333333336,success,36809622585,1,110201725213,8200c598b,2026-10-01T03:37:02Z
post_2024,ubuntu-latest py3.14,fixed_aggregate,12,36.83870967741935,success,36809295521,1,110200599306,a4889ba2d,2026-10-01T03:22:51Z
post_2024,ubuntu-latest py3.14,fixed_per_conn,12,37.375,success,36809295521,1,110200599306,a4889ba2d,2026-10-01T03:22:51Z
post_2024,windows-2022 py3.14,fixed_aggregate,12,24.82608695652174,success,36809295521,1,110200599227,a4889ba2d,2026-10-01T03:30:47Z
post_2024,windows-2022 py3.14,fixed_per_conn,12,39.8235294117647,success,36809295521,1,110200599227,a4889ba2d,2026-10-01T03:30:47Z
post_2024,windows-2025 py3.14,fixed_aggregate,12,22.03125,success,36809295521,1,110200599240,a4889ba2d,2026-10-01T03:31:36Z
post_2024,windows-2025 py3.14,fixed_per_conn,12,39.733333333333334,success,36809295521,1,110200599240,a4889ba2d,2026-10-01T03:31:36Z
post_2024,ubuntu-latest py3.14,fixed_aggregate,12,35.73529411764706,failure,36808645494,1,110198595752,dcdb9ca78,2026-10-01T03:18:53Z
post_2024,ubuntu-latest py3.14,fixed_per_conn,12,38.11764705882353,failure,36808645494,1,110198595752,dcdb9ca78,2026-10-01T03:18:53Z
post_2024,windows-2022 py3.14,fixed_aggregate,12,31.423076923076923,success,36808645494,1,110198595740,dcdb9ca78,2026-10-01T03:22:56Z
post_2024,windows-2022 py3.14,fixed_per_conn,12,36.35294117647059,success,36808645494,1,110198595740,dcdb9ca78,2026-10-01T03:22:56Z
post_2024,windows-2025 py3.14,fixed_aggregate,12,24.875,success,36808645494,1,110198595697,dcdb9ca78,2026-10-01T03:21:08Z
post_2024,windows-2025 py3.14,fixed_per_conn,12,35.52941176470588,success,36808645494,1,110198595697,dcdb9ca78,2026-10-01T03:21:08Z
post_2024,ubuntu-latest py3.14,fixed_aggregate,12,36.6969696969697,success,36808067916,1,110196839447,64747bac9,2026-10-01T03:11:17Z
post_2024,ubuntu-latest py3.14,fixed_per_conn,12,39.6875,success,36808067916,1,110196839447,64747bac9,2026-10-01T03:11:17Z
post_2024,windows-2022 py3.14,fixed_aggregate,12,28.846153846153847,success,36808067916,1,110196839387,64747bac9,2026-10-01T03:14:19Z
post_2024,windows-2022 py3.14,fixed_per_conn,12,39.5,success,36808067916,1,110196839387,64747bac9,2026-10-01T03:14:19Z
post_2024,windows-2025 py3.14,fixed_aggregate,12,27.441176470588236,success,36808067916,1,110196839400,64747bac9,2026-10-01T03:16:52Z
post_2024,windows-2025 py3.14,fixed_per_conn,12,35.625,success,36808067916,1,110196839400,64747bac9,2026-10-01T03:16:52Z
post_2024,ubuntu-latest py3.14,fixed_aggregate,12,35.1764705882353,success,36807839571,1,110196123622,67d2e7833,2026-10-01T03:08:25Z
post_2024,ubuntu-latest py3.14,fixed_per_conn,12,39.1875,success,36807839571,1,110196123622,67d2e7833,2026-10-01T03:08:25Z
post_2024,windows-2022 py3.14,fixed_aggregate,12,29.69230769230769,success,36807839571,1,110196123758,67d2e7833,2026-10-01T03:12:07Z
post_2024,windows-2022 py3.14,fixed_per_conn,12,35.70588235294118,success,36807839571,1,110196123758,67d2e7833,2026-10-01T03:12:07Z
post_2024,windows-2025 py3.14,fixed_aggregate,12,19.52173913043478,success,36807839571,1,110196123729,67d2e7833,2026-10-01T03:13:44Z
post_2024,windows-2025 py3.14,fixed_per_conn,12,38.764705882352935,success,36807839571,1,110196123729,67d2e7833,2026-10-01T03:13:44Z
post_2024,ubuntu-latest py3.14,fixed_aggregate,12,36.125,success,36807653681,1,110195559035,4e1aec21a,2026-10-01T03:06:05Z
post_2024,ubuntu-latest py3.14,fixed_per_conn,12,39.375,success,36807653681,1,110195559035,4e1aec21a,2026-10-01T03:06:05Z
post_2024,windows-2022 py3.14,fixed_aggregate,12,29.92857142857143,success,36807653681,1,110195559155,4e1aec21a,2026-10-01T03:05:58Z
post_2024,windows-2022 py3.14,fixed_per_conn,12,33.35294117647059,success,36807653681,1,110195559155,4e1aec21a,2026-10-01T03:05:58Z
post_2024,windows-2025 py3.14,fixed_aggregate,12,28.257142857142856,success,36807653681,1,110195559170,4e1aec21a,2026-10-01T03:10:16Z
post_2024,windows-2025 py3.14,fixed_per_conn,12,36.93333333333334,success,36807653681,1,110195559170,4e1aec21a,2026-10-01T03:10:16Z
post_2024,ubuntu-latest py3.14,fixed_aggregate,12,36.46874999999999,success,36807305019,1,110194479400,e5348206f,2026-10-01T03:01:40Z
post_2024,ubuntu-latest py3.14,fixed_per_conn,12,39.5,success,36807305019,1,110194479400,e5348206f,2026-10-01T03:01:40Z
post_2024,windows-2022 py3.14,fixed_aggregate,12,26.23076923076923,success,36807305019,1,110194479396,e5348206f,2026-10-01T03:04:32Z
post_2024,windows-2022 py3.14,fixed_per_conn,12,39.06249999999999,success,36807305019,1,110194479396,e5348206f,2026-10-01T03:04:32Z
post_2024,windows-2025 py3.14,fixed_aggregate,12,24.321428571428577,success,36807305019,1,110194479307,e5348206f,2026-10-01T03:06:28Z
post_2024,windows-2025 py3.14,fixed_per_conn,12,37.411764705882355,success,36807305019,1,110194479307,e5348206f,2026-10-01T03:06:28Z
post_2024,ubuntu-latest py3.14,fixed_aggregate,12,36.70967741935484,failure,36807301832,1,110194456162,5f1141b69,2026-10-01T02:57:39Z
post_2024,ubuntu-latest py3.14,fixed_per_conn,12,39.53333333333333,failure,36807301832,1,110194456162,5f1141b69,2026-10-01T02:57:39Z
post_2024,windows-2022 py3.14,fixed_aggregate,12,31.961538461538463,failure,36807301832,1,110194456143,5f1141b69,2026-10-01T03:05:02Z
post_2024,windows-2022 py3.14,fixed_per_conn,12,29.777777777777775,failure,36807301832,1,110194456143,5f1141b69,2026-10-01T03:05:02Z
post_2024,windows-2025 py3.14,fixed_aggregate,12,18.653846153846153,failure,36807301832,1,110194456185,5f1141b69,2026-10-01T03:07:23Z
post_2024,windows-2025 py3.14,fixed_per_conn,12,36.0,failure,36807301832,1,110194456185,5f1141b69,2026-10-01T03:07:23Z
post_2024,ubuntu-latest py3.14,fixed_aggregate,12,36.5625,failure,36807277775,1,110194388529,66d123622,2026-10-01T03:01:04Z
post_2024,ubuntu-latest py3.14,fixed_per_conn,12,39.75,failure,36807277775,1,110194388529,66d123622,2026-10-01T03:01:04Z
post_2024,windows-2022 py3.14,fixed_aggregate,12,23.92,failure,36807277775,1,110194388606,66d123622,2026-10-01T03:04:51Z
post_2024,windows-2022 py3.14,fixed_per_conn,12,37.36363636363636,failure,36807277775,1,110194388606,66d123622,2026-10-01T03:04:51Z
post_2024,windows-2025 py3.14,fixed_aggregate,12,27.26923076923077,failure,36807277775,1,110194388567,66d123622,2026-10-01T03:00:45Z
post_2024,windows-2025 py3.14,fixed_per_conn,12,37.647058823529406,failure,36807277775,1,110194388567,66d123622,2026-10-01T03:00:45Z
post_2024,ubuntu-latest py3.14,fixed_aggregate,12,36.84375,success,36803760692,1,110183610780,bca583f2a,2026-10-01T02:16:17Z
post_2024,ubuntu-latest py3.14,fixed_per_conn,12,38.3125,success,36803760692,1,110183610780,bca583f2a,2026-10-01T02:16:17Z
post_2024,windows-2022 py3.14,fixed_aggregate,12,26.444444444444446,success,36803760692,1,110183610772,bca583f2a,2026-10-01T02:19:35Z
post_2024,windows-2022 py3.14,fixed_per_conn,12,39.352941176470594,success,36803760692,1,110183610772,bca583f2a,2026-10-01T02:19:35Z
post_2024,windows-2025 py3.14,fixed_aggregate,12,27.956521739130437,success,36803760692,1,110183610809,bca583f2a,2026-10-01T02:20:50Z
post_2024,windows-2025 py3.14,fixed_per_conn,12,39.35294117647059,success,36803760692,1,110183610809,bca583f2a,2026-10-01T02:20:50Z
post_2024,ubuntu-latest py3.14,fixed_aggregate,12,35.71875,success,36802065235,1,110178423183,bca583f2a,2026-10-01T01:54:25Z
post_2024,ubuntu-latest py3.14,fixed_per_conn,12,40.75,success,36802065235,1,110178423183,bca583f2a,2026-10-01T01:54:25Z
post_2024,windows-2022 py3.14,fixed_aggregate,12,23.0,success,36802065235,1,110178423303,bca583f2a,2026-10-01T01:57:45Z
post_2024,windows-2022 py3.14,fixed_per_conn,12,36.875,success,36802065235,1,110178423303,bca583f2a,2026-10-01T01:57:45Z
post_2024,windows-2025 py3.14,fixed_aggregate,12,30.0,success,36802065235,1,110178423359,bca583f2a,2026-10-01T01:59:35Z
post_2024,windows-2025 py3.14,fixed_per_conn,12,39.35294117647059,success,36802065235,1,110178423359,bca583f2a,2026-10-01T01:59:35Z
post_2024,ubuntu-latest py3.14,fixed_aggregate,12,33.67647058823529,success,36799475493,1,110170409501,8993e8fa7,2026-10-01T01:22:49Z
post_2024,ubuntu-latest py3.14,fixed_per_conn,12,39.625,success,36799475493,1,110170409501,8993e8fa7,2026-10-01T01:22:49Z
post_2024,windows-2022 py3.14,fixed_aggregate,12,30.307692307692307,success,36799475493,1,110170409552,8993e8fa7,2026-10-01T01:23:28Z
post_2024,windows-2022 py3.14,fixed_per_conn,12,37.25,success,36799475493,1,110170409552,8993e8fa7,2026-10-01T01:23:28Z
post_2024,windows-2025 py3.14,fixed_aggregate,12,29.000000000000004,success,36799475493,1,110170409564,8993e8fa7,2026-10-01T01:28:21Z
post_2024,windows-2025 py3.14,fixed_per_conn,12,39.78571428571429,success,36799475493,1,110170409564,8993e8fa7,2026-10-01T01:28:21Z
post_2024,ubuntu-latest py3.14,fixed_aggregate,12,34.00000000000001,success,36799160872,1,110169461031,e1c525967,2026-10-01T01:19:12Z
post_2024,ubuntu-latest py3.14,fixed_per_conn,12,39.75,success,36799160872,1,110169461031,e1c525967,2026-10-01T01:19:12Z
post_2024,windows-2022 py3.14,fixed_aggregate,12,16.375,success,36799160872,1,110169461008,e1c525967,2026-10-01T01:22:51Z
post_2024,windows-2022 py3.14,fixed_per_conn,12,39.0625,success,36799160872,1,110169461008,e1c525967,2026-10-01T01:22:51Z
post_2024,windows-2025 py3.14,fixed_aggregate,12,22.514285714285712,success,36799160872,1,110169461130,e1c525967,2026-10-01T01:23:26Z
post_2024,windows-2025 py3.14,fixed_per_conn,12,37.5,success,36799160872,1,110169461130,e1c525967,2026-10-01T01:23:26Z
post_2024,ubuntu-latest py3.14,fixed_aggregate,12,36.87096774193548,failure,36798723482,1,110168077610,2ec60a2ca,2026-10-01T01:09:26Z
post_2024,ubuntu-latest py3.14,fixed_per_conn,12,40.25,failure,36798723482,1,110168077610,2ec60a2ca,2026-10-01T01:09:26Z
post_2024,windows-2022 py3.14,fixed_aggregate,12,30.076923076923077,failure,36798723482,1,110168077500,2ec60a2ca,2026-10-01T01:15:47Z
post_2024,windows-2022 py3.14,fixed_per_conn,12,39.375,failure,36798723482,1,110168077500,2ec60a2ca,2026-10-01T01:15:47Z
post_2024,windows-2025 py3.14,fixed_aggregate,12,26.48148148148148,failure,36798723482,1,110168077439,2ec60a2ca,2026-10-01T01:19:54Z
post_2024,windows-2025 py3.14,fixed_per_conn,12,39.76470588235294,failure,36798723482,1,110168077439,2ec60a2ca,2026-10-01T01:19:54Z
post_2024,ubuntu-latest py3.14,fixed_aggregate,12,36.40625,success,36797968804,1,110165755038,3738b7516,2026-10-01T01:04:12Z
post_2024,ubuntu-latest py3.14,fixed_per_conn,12,39.1875,success,36797968804,1,110165755038,3738b7516,2026-10-01T01:04:12Z
post_2024,windows-2022 py3.14,fixed_aggregate,12,32.53846153846153,success,36797968804,1,110165755055,3738b7516,2026-10-01T01:06:56Z
post_2024,windows-2022 py3.14,fixed_per_conn,12,35.81818181818182,success,36797968804,1,110165755055,3738b7516,2026-10-01T01:06:56Z
post_2024,windows-2025 py3.14,fixed_aggregate,12,28.153846153846153,success,36797968804,1,110165755057,3738b7516,2026-10-01T01:09:54Z
post_2024,windows-2025 py3.14,fixed_per_conn,12,38.92857142857143,success,36797968804,1,110165755057,3738b7516,2026-10-01T01:09:54Z
post_2024,ubuntu-latest py3.14,fixed_aggregate,12,37.25806451612904,success,36797811247,1,110165237215,8993e8fa7,2026-10-01T00:57:54Z
post_2024,ubuntu-latest py3.14,fixed_per_conn,12,40.5,success,36797811247,1,110165237215,8993e8fa7,2026-10-01T00:57:54Z
post_2024,windows-2022 py3.14,fixed_aggregate,12,27.958333333333332,success,36797811247,1,110165237261,8993e8fa7,2026-10-01T01:05:55Z
post_2024,windows-2022 py3.14,fixed_per_conn,12,34.88888888888889,success,36797811247,1,110165237261,8993e8fa7,2026-10-01T01:05:55Z
post_2024,windows-2025 py3.14,fixed_aggregate,12,27.73076923076923,success,36797811247,1,110165237229,8993e8fa7,2026-10-01T01:05:38Z
post_2024,windows-2025 py3.14,fixed_per_conn,12,35.05555555555556,success,36797811247,1,110165237229,8993e8fa7,2026-10-01T01:05:38Z
post_2024,ubuntu-latest py3.14,fixed_aggregate,12,36.333333333333336,success,36797223259,1,110163384738,31c8d8508,2026-10-01T00:55:06Z
post_2024,ubuntu-latest py3.14,fixed_per_conn,12,39.125,success,36797223259,1,110163384738,31c8d8508,2026-10-01T00:55:06Z
post_2024,windows-2022 py3.14,fixed_aggregate,12,22.36,success,36797223259,1,110163384729,31c8d8508,2026-10-01T00:57:49Z
post_2024,windows-2022 py3.14,fixed_per_conn,12,27.583333333333336,success,36797223259,1,110163384729,31c8d8508,2026-10-01T00:57:49Z
post_2024,windows-2025 py3.14,fixed_aggregate,12,27.114285714285714,success,36797223259,1,110163384687,31c8d8508,2026-10-01T00:59:19Z
post_2024,windows-2025 py3.14,fixed_per_conn,12,38.94117647058823,success,36797223259,1,110163384687,31c8d8508,2026-10-01T00:59:19Z
post_2024,ubuntu-latest py3.14,fixed_aggregate,12,34.42857142857143,success,36797198863,1,110163308197,2679a8d54,2026-10-01T00:54:38Z
post_2024,ubuntu-latest py3.14,fixed_per_conn,12,37.94117647058824,success,36797198863,1,110163308197,2679a8d54,2026-10-01T00:54:38Z
post_2024,windows-2022 py3.14,fixed_aggregate,12,27.96153846153846,success,36797198863,1,110163308251,2679a8d54,2026-10-01T00:58:43Z
post_2024,windows-2022 py3.14,fixed_per_conn,12,39.3125,success,36797198863,1,110163308251,2679a8d54,2026-10-01T00:58:43Z
post_2024,windows-2025 py3.14,fixed_aggregate,12,22.266666666666666,success,36797198863,1,110163308259,2679a8d54,2026-10-01T00:59:07Z
post_2024,windows-2025 py3.14,fixed_per_conn,12,37.94117647058823,success,36797198863,1,110163308259,2679a8d54,2026-10-01T00:59:07Z
post_2024,ubuntu-latest py3.14,fixed_aggregate,12,34.42857142857143,success,36797174915,1,110163233679,b49c31f97,2026-10-01T00:54:25Z
post_2024,ubuntu-latest py3.14,fixed_per_conn,12,39.1875,success,36797174915,1,110163233679,b49c31f97,2026-10-01T00:54:25Z
post_2024,windows-2022 py3.14,fixed_aggregate,12,24.47058823529412,success,36797174915,1,110163233664,b49c31f97,2026-10-01T00:58:01Z
post_2024,windows-2022 py3.14,fixed_per_conn,12,38.88235294117647,success,36797174915,1,110163233664,b49c31f97,2026-10-01T00:58:01Z
post_2024,windows-2025 py3.14,fixed_aggregate,12,25.925925925925927,success,36797174915,1,110163233626,b49c31f97,2026-10-01T00:59:57Z
post_2024,windows-2025 py3.14,fixed_per_conn,12,37.29411764705882,success,36797174915,1,110163233626,b49c31f97,2026-10-01T00:59:57Z
post_1420,ubuntu-latest py3.14,fixed_aggregate,12,34.285714285714285,success,36797092863,1,110162964004,52bbc59ab,2026-10-01T00:53:20Z
post_1420,ubuntu-latest py3.14,fixed_per_conn,12,39.4375,success,36797092863,1,110162964004,52bbc59ab,2026-10-01T00:53:20Z
post_1420,windows-2022 py3.14,fixed_aggregate,12,24.720000000000002,success,36797092863,1,110162964040,52bbc59ab,2026-10-01T00:54:11Z
post_1420,windows-2022 py3.14,fixed_per_conn,12,35.35294117647059,success,36797092863,1,110162964040,52bbc59ab,2026-10-01T00:54:11Z
post_1420,windows-2025 py3.14,fixed_aggregate,12,22.90625,success,36797092863,1,110162964119,52bbc59ab,2026-10-01T00:53:32Z
post_1420,windows-2025 py3.14,fixed_per_conn,12,39.12499999999999,success,36797092863,1,110162964119,52bbc59ab,2026-10-01T00:53:32Z
post_1420,ubuntu-latest py3.14,fixed_aggregate,12,35.73529411764706,success,36796386077,1,110160737270,b29f44f8b,2026-10-01T00:47:12Z
post_1420,ubuntu-latest py3.14,fixed_per_conn,12,39.6875,success,36796386077,1,110160737270,b29f44f8b,2026-10-01T00:47:12Z
post_1420,windows-2022 py3.14,fixed_aggregate,12,25.12,success,36796386077,1,110160737255,b29f44f8b,2026-10-01T00:44:52Z
post_1420,windows-2022 py3.14,fixed_per_conn,12,37.88235294117647,success,36796386077,1,110160737255,b29f44f8b,2026-10-01T00:44:52Z
post_1420,windows-2025 py3.14,fixed_aggregate,12,25.468749999999996,success,36796386077,1,110160737276,b29f44f8b,2026-10-01T00:49:36Z
post_1420,windows-2025 py3.14,fixed_per_conn,12,38.05882352941177,success,36796386077,1,110160737276,b29f44f8b,2026-10-01T00:49:36Z
post_2024,ubuntu-latest py3.14,fixed_aggregate,12,35.75,success,36796207742,1,110160200657,3738b7516,2026-10-01T00:42:55Z
post_2024,ubuntu-latest py3.14,fixed_per_conn,12,39.25,success,36796207742,1,110160200657,3738b7516,2026-10-01T00:42:55Z
post_2024,windows-2022 py3.14,fixed_aggregate,12,22.666666666666664,success,36796207742,1,110160200652,3738b7516,2026-10-01T00:46:17Z
post_2024,windows-2022 py3.14,fixed_per_conn,12,39.17647058823529,success,36796207742,1,110160200652,3738b7516,2026-10-01T00:46:17Z
post_2024,windows-2025 py3.14,fixed_aggregate,12,32.27272727272727,success,36796207742,1,110160200595,3738b7516,2026-10-01T00:47:20Z
post_2024,windows-2025 py3.14,fixed_per_conn,12,36.705882352941174,success,36796207742,1,110160200595,3738b7516,2026-10-01T00:47:20Z
post_1420,ubuntu-latest py3.14,fixed_aggregate,12,35.26470588235294,failure,36796198714,1,110160155204,3e3e68e71,2026-10-01T00:42:43Z
post_1420,ubuntu-latest py3.14,fixed_per_conn,12,39.0,failure,36796198714,1,110160155204,3e3e68e71,2026-10-01T00:42:43Z
post_1420,windows-2022 py3.14,fixed_aggregate,12,20.846153846153847,failure,36796198714,1,110160155250,3e3e68e71,2026-10-01T00:45:31Z
post_1420,windows-2022 py3.14,fixed_per_conn,12,39.35294117647059,failure,36796198714,1,110160155250,3e3e68e71,2026-10-01T00:45:31Z
post_1420,windows-2025 py3.14,fixed_aggregate,12,27.653846153846153,failure,36796198714,1,110160155211,3e3e68e71,2026-10-01T00:48:01Z
post_1420,windows-2025 py3.14,fixed_per_conn,12,37.5,failure,36796198714,1,110160155211,3e3e68e71,2026-10-01T00:48:01Z
post_2024,ubuntu-latest py3.14,fixed_aggregate,12,36.14285714285714,success,36796138546,1,110159983939,459170eea,2026-10-01T00:42:02Z
post_2024,ubuntu-latest py3.14,fixed_per_conn,12,36.8235294117647,success,36796138546,1,110159983939,459170eea,2026-10-01T00:42:02Z
post_2024,windows-2022 py3.14,fixed_aggregate,12,31.42307692307692,success,36796138546,1,110159984026,459170eea,2026-10-01T00:45:01Z
post_2024,windows-2022 py3.14,fixed_per_conn,12,38.23529411764706,success,36796138546,1,110159984026,459170eea,2026-10-01T00:45:01Z
post_2024,windows-2025 py3.14,fixed_aggregate,12,26.92307692307692,success,36796138546,1,110159983945,459170eea,2026-10-01T00:47:46Z
post_2024,windows-2025 py3.14,fixed_per_conn,12,36.785714285714285,success,36796138546,1,110159983945,459170eea,2026-10-01T00:47:46Z
post_2024,ubuntu-latest py3.14,fixed_aggregate,12,35.84375,success,36795406643,1,110157701967,31c8d8508,2026-10-01T00:33:37Z
post_2024,ubuntu-latest py3.14,fixed_per_conn,12,34.70588235294118,success,36795406643,1,110157701967,31c8d8508,2026-10-01T00:33:37Z
post_2024,windows-2022 py3.14,fixed_aggregate,12,33.38461538461539,success,36795406643,1,110157701982,31c8d8508,2026-10-01T00:34:04Z
post_2024,windows-2022 py3.14,fixed_per_conn,12,35.375,success,36795406643,1,110157701982,31c8d8508,2026-10-01T00:34:04Z
post_2024,windows-2025 py3.14,fixed_aggregate,12,25.458333333333336,success,36795406643,1,110157702089,31c8d8508,2026-10-01T00:38:37Z
post_2024,windows-2025 py3.14,fixed_per_conn,12,39.57142857142857,success,36795406643,1,110157702089,31c8d8508,2026-10-01T00:38:37Z
post_2024,ubuntu-latest py3.14,fixed_aggregate,12,36.42424242424242,success,36795404710,1,110157652517,2167bf025,2026-10-01T00:33:46Z
post_2024,ubuntu-latest py3.14,fixed_per_conn,12,39.75,success,36795404710,1,110157652517,2167bf025,2026-10-01T00:33:46Z
post_2024,windows-2022 py3.14,fixed_aggregate,12,28.346153846153847,success,36795404710,1,110157652514,2167bf025,2026-10-01T00:37:00Z
post_2024,windows-2022 py3.14,fixed_per_conn,12,40.0,success,36795404710,1,110157652514,2167bf025,2026-10-01T00:37:00Z
post_2024,windows-2025 py3.14,fixed_aggregate,12,31.74074074074074,success,36795404710,1,110157652589,2167bf025,2026-10-01T00:36:43Z
post_2024,windows-2025 py3.14,fixed_per_conn,12,39.529411764705884,success,36795404710,1,110157652589,2167bf025,2026-10-01T00:36:43Z
post_2024,ubuntu-latest py3.14,fixed_aggregate,12,36.09375,success,36795405323,1,110157652377,2679a8d54,2026-10-01T00:29:47Z
post_2024,ubuntu-latest py3.14,fixed_per_conn,12,39.93333333333334,success,36795405323,1,110157652377,2679a8d54,2026-10-01T00:29:47Z
post_2024,windows-2022 py3.14,fixed_aggregate,12,30.074074074074076,success,36795405323,1,110157652398,2679a8d54,2026-10-01T00:37:44Z
post_2024,windows-2022 py3.14,fixed_per_conn,12,37.9375,success,36795405323,1,110157652398,2679a8d54,2026-10-01T00:37:44Z
post_2024,windows-2025 py3.14,fixed_aggregate,12,29.269230769230774,success,36795405323,1,110157652355,2679a8d54,2026-10-01T00:38:04Z
post_2024,windows-2025 py3.14,fixed_per_conn,12,39.5625,success,36795405323,1,110157652355,2679a8d54,2026-10-01T00:38:04Z
post_2024,ubuntu-latest py3.14,fixed_aggregate,12,34.677419354838705,success,36795402875,1,110157635987,fe48b79c0,2026-10-01T00:30:45Z
post_2024,ubuntu-latest py3.14,fixed_per_conn,12,40.0,success,36795402875,1,110157635987,fe48b79c0,2026-10-01T00:30:45Z
post_2024,windows-2022 py3.14,fixed_aggregate,12,38.090909090909086,success,36795402875,1,110157636056,fe48b79c0,2026-10-01T00:37:03Z
post_2024,windows-2022 py3.14,fixed_per_conn,12,37.1875,success,36795402875,1,110157636056,fe48b79c0,2026-10-01T00:37:03Z
post_2024,windows-2025 py3.14,fixed_aggregate,12,27.76,success,36795402875,1,110157635974,fe48b79c0,2026-10-01T00:38:15Z
post_2024,windows-2025 py3.14,fixed_per_conn,12,39.25000000000001,success,36795402875,1,110157635974,fe48b79c0,2026-10-01T00:38:15Z
post_2024,ubuntu-latest py3.14,fixed_aggregate,12,28.941176470588236,success,36795401527,1,110157623005,b49c31f97,2026-10-01T00:29:48Z
post_2024,ubuntu-latest py3.14,fixed_per_conn,12,39.93333333333333,success,36795401527,1,110157623005,b49c31f97,2026-10-01T00:29:48Z
post_2024,windows-2022 py3.14,fixed_aggregate,12,25.115384615384617,success,36795401527,1,110157623114,b49c31f97,2026-10-01T00:37:25Z
post_2024,windows-2022 py3.14,fixed_per_conn,12,37.1764705882353,success,36795401527,1,110157623114,b49c31f97,2026-10-01T00:37:25Z
post_2024,windows-2025 py3.14,fixed_aggregate,12,29.846153846153843,success,36795401527,1,110157623052,b49c31f97,2026-10-01T00:37:58Z
post_2024,windows-2025 py3.14,fixed_per_conn,12,40.285714285714285,success,36795401527,1,110157623052,b49c31f97,2026-10-01T00:37:58Z
post_1420,ubuntu-latest py3.14,fixed_aggregate,12,35.75757575757576,success,36795399844,1,110157635562,52bbc59ab,2026-10-01T00:34:15Z
post_1420,ubuntu-latest py3.14,fixed_per_conn,12,39.5625,success,36795399844,1,110157635562,52bbc59ab,2026-10-01T00:34:15Z
post_1420,windows-2022 py3.14,fixed_aggregate,12,29.346153846153847,success,36795399844,1,110157635576,52bbc59ab,2026-10-01T00:37:02Z
post_1420,windows-2022 py3.14,fixed_per_conn,12,39.470588235294116,success,36795399844,1,110157635576,52bbc59ab,2026-10-01T00:37:02Z
post_1420,windows-2025 py3.14,fixed_aggregate,12,23.84375,success,36795399844,1,110157635492,52bbc59ab,2026-10-01T00:35:56Z
post_1420,windows-2025 py3.14,fixed_per_conn,12,39.0,success,36795399844,1,110157635492,52bbc59ab,2026-10-01T00:35:56Z
post_2024,ubuntu-latest py3.14,fixed_aggregate,12,35.689655172413794,failure,36795359875,1,110157506832,da63e03e8,2026-10-01T00:33:14Z
post_2024,ubuntu-latest py3.14,fixed_per_conn,12,38.23529411764706,failure,36795359875,1,110157506832,da63e03e8,2026-10-01T00:33:14Z
post_2024,windows-2022 py3.14,fixed_aggregate,12,21.962962962962962,failure,36795359875,1,110157506845,da63e03e8,2026-10-01T00:37:02Z
post_2024,windows-2022 py3.14,fixed_per_conn,12,39.529411764705884,failure,36795359875,1,110157506845,da63e03e8,2026-10-01T00:37:02Z
post_2024,windows-2025 py3.14,fixed_aggregate,12,24.296296296296298,failure,36795359875,1,110157506749,da63e03e8,2026-10-01T00:37:17Z
post_2024,windows-2025 py3.14,fixed_per_conn,12,38.875,failure,36795359875,1,110157506749,da63e03e8,2026-10-01T00:37:17Z
post_2024,ubuntu-latest py3.14,fixed_aggregate,12,36.53125,failure,36795303203,1,110157324994,855bc7530,2026-10-01T00:29:51Z
post_2024,ubuntu-latest py3.14,fixed_per_conn,12,38.93333333333334,failure,36795303203,1,110157324994,855bc7530,2026-10-01T00:29:51Z
post_2024,windows-2022 py3.14,fixed_aggregate,12,16.36,failure,36795303203,1,110157325019,855bc7530,2026-10-01T00:35:20Z
post_2024,windows-2022 py3.14,fixed_per_conn,12,41.0,failure,36795303203,1,110157325019,855bc7530,2026-10-01T00:35:20Z
post_2024,windows-2025 py3.14,fixed_aggregate,12,26.178571428571427,failure,36795303203,1,110157324938,855bc7530,2026-10-01T00:37:37Z
post_2024,windows-2025 py3.14,fixed_per_conn,12,39.0,failure,36795303203,1,110157324938,855bc7530,2026-10-01T00:37:37Z
post_1420,ubuntu-latest py3.14,fixed_aggregate,12,35.45454545454545,success,36795180284,1,110156944133,e62de597f,2026-10-01T00:31:02Z
post_1420,ubuntu-latest py3.14,fixed_per_conn,12,39.3125,success,36795180284,1,110156944133,e62de597f,2026-10-01T00:31:02Z
post_1420,windows-2022 py3.14,fixed_aggregate,12,25.692307692307693,success,36795180284,1,110156944090,e62de597f,2026-10-01T00:34:04Z
post_1420,windows-2022 py3.14,fixed_per_conn,12,37.411764705882355,success,36795180284,1,110156944090,e62de597f,2026-10-01T00:34:04Z
post_1420,windows-2025 py3.14,fixed_aggregate,12,18.365853658536583,success,36795180284,1,110156944061,e62de597f,2026-10-01T00:36:14Z
post_1420,windows-2025 py3.14,fixed_per_conn,12,39.75,success,36795180284,1,110156944061,e62de597f,2026-10-01T00:36:14Z
post_2024,ubuntu-latest py3.14,fixed_aggregate,12,36.78125,failure,36795120085,1,110156757616,1a3ed0de9,2026-10-01T00:30:01Z
post_2024,ubuntu-latest py3.14,fixed_per_conn,12,38.6875,failure,36795120085,1,110156757616,1a3ed0de9,2026-10-01T00:30:01Z
post_2024,windows-2022 py3.14,fixed_aggregate,12,28.46153846153846,failure,36795120085,1,110156757574,1a3ed0de9,2026-10-01T00:33:16Z
post_2024,windows-2022 py3.14,fixed_per_conn,12,36.17647058823529,failure,36795120085,1,110156757574,1a3ed0de9,2026-10-01T00:33:16Z
post_2024,windows-2025 py3.14,fixed_aggregate,12,28.15384615384616,failure,36795120085,1,110156757571,1a3ed0de9,2026-10-01T00:31:48Z
post_2024,windows-2025 py3.14,fixed_per_conn,12,39.74999999999999,failure,36795120085,1,110156757571,1a3ed0de9,2026-10-01T00:31:48Z
post_2024,ubuntu-latest py3.14,fixed_aggregate,12,35.45454545454545,failure,36794649433,1,110155243683,581d4c9e6,2026-10-01T00:25:14Z
post_2024,ubuntu-latest py3.14,fixed_per_conn,12,39.0625,failure,36794649433,1,110155243683,581d4c9e6,2026-10-01T00:25:14Z
post_2024,windows-2022 py3.14,fixed_aggregate,12,24.228571428571428,failure,36794649433,1,110155243616,581d4c9e6,2026-10-01T00:28:14Z
post_2024,windows-2022 py3.14,fixed_per_conn,12,34.92857142857143,failure,36794649433,1,110155243616,581d4c9e6,2026-10-01T00:28:14Z
post_2024,windows-2025 py3.14,fixed_aggregate,12,24.545454545454547,failure,36794649433,1,110155243591,581d4c9e6,2026-10-01T00:30:21Z
post_2024,windows-2025 py3.14,fixed_per_conn,12,37.666666666666664,failure,36794649433,1,110155243591,581d4c9e6,2026-10-01T00:30:21Z
post_2024,ubuntu-latest py3.14,fixed_aggregate,12,36.0625,failure,36794535685,1,110154901213,c943973a9,2026-10-01T00:21:18Z
post_2024,ubuntu-latest py3.14,fixed_per_conn,12,39.6,failure,36794535685,1,110154901213,c943973a9,2026-10-01T00:21:18Z
post_2024,windows-2022 py3.14,fixed_aggregate,12,28.57692307692308,failure,36794535685,1,110154901223,c943973a9,2026-10-01T00:27:48Z
post_2024,windows-2022 py3.14,fixed_per_conn,12,35.3125,failure,36794535685,1,110154901223,c943973a9,2026-10-01T00:27:48Z
post_2024,windows-2025 py3.14,fixed_aggregate,12,28.96153846153846,failure,36794535685,1,110154901202,c943973a9,2026-10-01T00:26:10Z
post_2024,windows-2025 py3.14,fixed_per_conn,12,39.23529411764706,failure,36794535685,1,110154901202,c943973a9,2026-10-01T00:26:10Z
post_1420,ubuntu-latest py3.14,fixed_aggregate,12,35.588235294117645,failure,36794533825,1,110154895745,546f421a1,2026-10-01T00:23:51Z
post_1420,ubuntu-latest py3.14,fixed_per_conn,12,36.875,failure,36794533825,1,110154895745,546f421a1,2026-10-01T00:23:51Z
post_1420,windows-2022 py3.14,fixed_aggregate,12,18.464285714285715,failure,36794533825,1,110154895736,546f421a1,2026-10-01T00:27:39Z
post_1420,windows-2022 py3.14,fixed_per_conn,12,35.375,failure,36794533825,1,110154895736,546f421a1,2026-10-01T00:27:39Z
post_1420,windows-2025 py3.14,fixed_aggregate,12,17.70731707317073,failure,36794533825,1,110154895813,546f421a1,2026-10-01T00:24:43Z
post_1420,windows-2025 py3.14,fixed_per_conn,12,37.875,failure,36794533825,1,110154895813,546f421a1,2026-10-01T00:24:43Z
post_1420,ubuntu-latest py3.14,fixed_aggregate,12,34.68571428571428,failure,36794532110,1,110154882285,5f13374f4,2026-10-01T00:23:31Z
post_1420,ubuntu-latest py3.14,fixed_per_conn,12,39.125,failure,36794532110,1,110154882285,5f13374f4,2026-10-01T00:23:31Z
post_1420,windows-2022 py3.14,fixed_aggregate,12,17.65714285714286,failure,36794532110,1,110154882241,5f13374f4,2026-10-01T00:27:58Z
post_1420,windows-2022 py3.14,fixed_per_conn,12,38.588235294117645,failure,36794532110,1,110154882241,5f13374f4,2026-10-01T00:27:58Z
post_1420,windows-2025 py3.14,fixed_aggregate,12,28.46153846153846,failure,36794532110,1,110154882190,5f13374f4,2026-10-01T00:28:12Z
post_1420,windows-2025 py3.14,fixed_per_conn,12,40.214285714285715,failure,36794532110,1,110154882190,5f13374f4,2026-10-01T00:28:12Z
post_1420,ubuntu-latest py3.14,fixed_aggregate,12,36.264705882352935,success,36794530132,1,110154881320,f129c79ba,2026-10-01T00:21:00Z
post_1420,ubuntu-latest py3.14,fixed_per_conn,12,39.0625,success,36794530132,1,110154881320,f129c79ba,2026-10-01T00:21:00Z
post_1420,windows-2022 py3.14,fixed_aggregate,12,20.57142857142857,success,36794530132,1,110154881250,f129c79ba,2026-10-01T00:27:20Z
post_1420,windows-2022 py3.14,fixed_per_conn,12,36.875,success,36794530132,1,110154881250,f129c79ba,2026-10-01T00:27:20Z
post_1420,windows-2025 py3.14,fixed_aggregate,12,23.441176470588236,success,36794530132,1,110154881371,f129c79ba,2026-10-01T00:27:34Z
post_1420,windows-2025 py3.14,fixed_per_conn,12,39.625,success,36794530132,1,110154881371,f129c79ba,2026-10-01T00:27:34Z
post_2024,ubuntu-latest py3.14,fixed_aggregate,12,36.46874999999999,failure,36794459754,1,110154640625,341b86f87,2026-10-01T00:22:48Z
post_2024,ubuntu-latest py3.14,fixed_per_conn,12,39.43750000000001,failure,36794459754,1,110154640625,341b86f87,2026-10-01T00:22:48Z
post_2024,windows-2022 py3.14,fixed_aggregate,12,29.074074074074073,failure,36794459754,1,110154640793,341b86f87,2026-10-01T00:22:19Z
post_2024,windows-2022 py3.14,fixed_per_conn,12,37.588235294117645,failure,36794459754,1,110154640793,341b86f87,2026-10-01T00:22:19Z
post_2024,windows-2025 py3.14,fixed_aggregate,12,29.74074074074074,failure,36794459754,1,110154640575,341b86f87,2026-10-01T00:27:34Z
post_2024,windows-2025 py3.14,fixed_per_conn,12,35.1764705882353,failure,36794459754,1,110154640575,341b86f87,2026-10-01T00:27:34Z
post_1420,ubuntu-latest py3.14,fixed_aggregate,12,35.73529411764706,success,36794356820,1,110154327222,cac433e61,2026-10-01T00:21:25Z
post_1420,ubuntu-latest py3.14,fixed_per_conn,12,39.0625,success,36794356820,1,110154327222,cac433e61,2026-10-01T00:21:25Z
post_1420,windows-2022 py3.14,fixed_aggregate,12,23.264705882352942,success,36794356820,1,110154327097,cac433e61,2026-10-01T00:25:01Z
post_1420,windows-2022 py3.14,fixed_per_conn,12,40.875,success,36794356820,1,110154327097,cac433e61,2026-10-01T00:25:01Z
post_1420,windows-2025 py3.14,fixed_aggregate,12,28.03846153846154,success,36794356820,1,110154327123,cac433e61,2026-10-01T00:23:45Z
post_1420,windows-2025 py3.14,fixed_per_conn,12,36.294117647058826,success,36794356820,1,110154327123,cac433e61,2026-10-01T00:23:45Z
post_1420,ubuntu-latest py3.14,fixed_aggregate,12,35.75757575757576,failure,36794101622,1,110153523614,34647580a,2026-10-01T00:18:28Z
post_1420,ubuntu-latest py3.14,fixed_per_conn,12,37.8235294117647,failure,36794101622,1,110153523614,34647580a,2026-10-01T00:18:28Z
post_1420,windows-2022 py3.14,fixed_aggregate,12,18.65,failure,36794101622,1,110153523664,34647580a,2026-10-01T00:21:25Z
post_1420,windows-2022 py3.14,fixed_per_conn,12,37.81249999999999,failure,36794101622,1,110153523664,34647580a,2026-10-01T00:21:25Z
post_1420,windows-2025 py3.14,fixed_aggregate,12,28.76923076923077,failure,36794101622,1,110153523649,34647580a,2026-10-01T00:23:11Z
post_1420,windows-2025 py3.14,fixed_per_conn,12,37.57142857142857,failure,36794101622,1,110153523649,34647580a,2026-10-01T00:23:11Z
post_1420,ubuntu-latest py3.14,fixed_aggregate,12,35.51428571428572,success,36793322378,1,110151068578,09d77939f,2026-10-01T00:09:31Z
post_1420,ubuntu-latest py3.14,fixed_per_conn,12,39.3125,success,36793322378,1,110151068578,09d77939f,2026-10-01T00:09:31Z
post_1420,windows-2022 py3.14,fixed_aggregate,12,17.925925925925924,success,36793322378,1,110151068539,09d77939f,2026-10-01T00:12:29Z
post_1420,windows-2022 py3.14,fixed_per_conn,12,37.909090909090914,success,36793322378,1,110151068539,09d77939f,2026-10-01T00:12:29Z
post_1420,windows-2025 py3.14,fixed_aggregate,12,28.030303030303028,success,36793322378,1,110151068588,09d77939f,2026-10-01T00:10:42Z
post_1420,windows-2025 py3.14,fixed_per_conn,12,36.0,success,36793322378,1,110151068588,09d77939f,2026-10-01T00:10:42Z
post_1420,ubuntu-latest py3.14,fixed_aggregate,12,35.705882352941174,success,36793316958,1,110151032711,01777c053,2026-10-01T00:08:37Z
post_1420,ubuntu-latest py3.14,fixed_per_conn,12,36.705882352941174,success,36793316958,1,110151032711,01777c053,2026-10-01T00:08:37Z
post_1420,windows-2022 py3.14,fixed_aggregate,12,18.690476190476193,success,36793316958,1,110151032795,01777c053,2026-10-01T00:13:12Z
post_1420,windows-2022 py3.14,fixed_per_conn,12,38.41176470588235,success,36793316958,1,110151032795,01777c053,2026-10-01T00:13:12Z
post_1420,windows-2025 py3.14,fixed_aggregate,12,24.181818181818183,success,36793316958,1,110151032731,01777c053,2026-10-01T00:13:59Z
post_1420,windows-2025 py3.14,fixed_per_conn,12,39.117647058823536,success,36793316958,1,110151032731,01777c053,2026-10-01T00:13:59Z
post_1420,ubuntu-latest py3.14,fixed_aggregate,12,35.970588235294116,success,36793267474,1,110151199126,7e2ba13af,2026-10-01T00:08:41Z
post_1420,ubuntu-latest py3.14,fixed_per_conn,12,39.875,success,36793267474,1,110151199126,7e2ba13af,2026-10-01T00:08:41Z
post_1420,windows-2022 py3.14,fixed_aggregate,12,26.205882352941178,success,36793267474,1,110151199228,7e2ba13af,2026-10-01T00:09:34Z
post_1420,windows-2022 py3.14,fixed_per_conn,12,39.75,success,36793267474,1,110151199228,7e2ba13af,2026-10-01T00:09:34Z
post_1420,windows-2025 py3.14,fixed_aggregate,12,26.923076923076923,success,36793267474,1,110151199213,7e2ba13af,2026-10-01T00:14:15Z
post_1420,windows-2025 py3.14,fixed_per_conn,12,39.93333333333333,success,36793267474,1,110151199213,7e2ba13af,2026-10-01T00:14:15Z
post_1420,ubuntu-latest py3.14,fixed_aggregate,12,36.030303030303024,success,36793252991,1,110151158690,ef6fdfea1,2026-10-01T00:09:09Z
post_1420,ubuntu-latest py3.14,fixed_per_conn,12,36.764705882352935,success,36793252991,1,110151158690,ef6fdfea1,2026-10-01T00:09:09Z
post_1420,windows-2022 py3.14,fixed_aggregate,12,28.961538461538456,success,36793252991,1,110151158706,ef6fdfea1,2026-10-01T00:12:47Z
post_1420,windows-2022 py3.14,fixed_per_conn,12,38.88235294117647,success,36793252991,1,110151158706,ef6fdfea1,2026-10-01T00:12:47Z
post_1420,windows-2025 py3.14,fixed_aggregate,12,26.269230769230766,success,36793252991,1,110151158712,ef6fdfea1,2026-10-01T00:09:49Z
post_1420,windows-2025 py3.14,fixed_per_conn,12,33.11764705882353,success,36793252991,1,110151158712,ef6fdfea1,2026-10-01T00:09:49Z
post_1420,ubuntu-latest py3.14,fixed_aggregate,12,36.03030303030303,success,36792964537,1,110150348426,38b1a3f8c,2026-10-01T00:06:27Z
post_1420,ubuntu-latest py3.14,fixed_per_conn,12,39.3125,success,36792964537,1,110150348426,38b1a3f8c,2026-10-01T00:06:27Z
post_1420,windows-2022 py3.14,fixed_aggregate,12,12.255813953488373,success,36792964537,1,110150348417,38b1a3f8c,2026-10-01T00:10:12Z
post_1420,windows-2022 py3.14,fixed_per_conn,12,33.214285714285715,success,36792964537,1,110150348417,38b1a3f8c,2026-10-01T00:10:12Z
post_1420,windows-2025 py3.14,fixed_aggregate,12,30.846153846153847,success,36792964537,1,110150348476,38b1a3f8c,2026-10-01T00:08:37Z
post_1420,windows-2025 py3.14,fixed_per_conn,12,37.6875,success,36792964537,1,110150348476,38b1a3f8c,2026-10-01T00:08:37Z
post_1420,ubuntu-latest py3.14,fixed_aggregate,12,36.6875,failure,36792938105,1,110149873750,bb3fc4495,2026-09-30T23:59:48Z
post_1420,ubuntu-latest py3.14,fixed_per_conn,12,39.1875,failure,36792938105,1,110149873750,bb3fc4495,2026-09-30T23:59:48Z
post_1420,windows-2022 py3.14,fixed_aggregate,12,21.0,failure,36792938105,1,110149873817,bb3fc4495,2026-10-01T00:08:13Z
post_1420,windows-2022 py3.14,fixed_per_conn,12,36.1875,failure,36792938105,1,110149873817,bb3fc4495,2026-10-01T00:08:13Z
post_1420,windows-2025 py3.14,fixed_aggregate,12,28.852941176470587,failure,36792938105,1,110149873703,bb3fc4495,2026-10-01T00:09:04Z
post_1420,windows-2025 py3.14,fixed_per_conn,12,35.53333333333334,failure,36792938105,1,110149873703,bb3fc4495,2026-10-01T00:09:04Z
post_1420,ubuntu-latest py3.14,fixed_aggregate,12,35.6060606060606,success,36792890720,1,110149714363,647cf1ce0,2026-09-30T23:59:22Z
post_1420,ubuntu-latest py3.14,fixed_per_conn,12,39.8125,success,36792890720,1,110149714363,647cf1ce0,2026-09-30T23:59:22Z
post_1420,windows-2022 py3.14,fixed_aggregate,12,18.0,failure,36792890720,1,110149714386,647cf1ce0,2026-10-01T00:04:25Z
post_1420,windows-2022 py3.14,fixed_per_conn,12,19.235294117647058,failure,36792890720,1,110149714386,647cf1ce0,2026-10-01T00:04:25Z
post_1420,windows-2025 py3.14,fixed_aggregate,12,28.692307692307693,success,36792890720,1,110149714393,647cf1ce0,2026-10-01T00:08:36Z
post_1420,windows-2025 py3.14,fixed_per_conn,12,35.11764705882352,success,36792890720,1,110149714393,647cf1ce0,2026-10-01T00:08:36Z
post_1420,ubuntu-latest py3.14,fixed_aggregate,12,35.75757575757576,success,36792872850,1,110149648598,defda88c1,2026-09-30T23:58:29Z
post_1420,ubuntu-latest py3.14,fixed_per_conn,12,38.75,success,36792872850,1,110149648598,defda88c1,2026-09-30T23:58:29Z
post_1420,windows-2022 py3.14,fixed_aggregate,12,16.92105263157895,success,36792872850,1,110149648534,defda88c1,2026-10-01T00:06:46Z
post_1420,windows-2022 py3.14,fixed_per_conn,12,39.125,success,36792872850,1,110149648534,defda88c1,2026-10-01T00:06:46Z
post_1420,windows-2025 py3.14,fixed_aggregate,12,26.823529411764707,success,36792872850,1,110149648504,defda88c1,2026-10-01T00:07:39Z
post_1420,windows-2025 py3.14,fixed_per_conn,12,39.411764705882355,success,36792872850,1,110149648504,defda88c1,2026-10-01T00:07:39Z
post_1420,ubuntu-latest py3.14,fixed_aggregate,12,36.03030303030303,success,36792796249,1,110149404741,f129c79ba,2026-10-01T00:00:01Z
post_1420,ubuntu-latest py3.14,fixed_per_conn,12,38.4375,success,36792796249,1,110149404741,f129c79ba,2026-10-01T00:00:01Z
post_1420,windows-2022 py3.14,fixed_aggregate,12,20.807692307692307,success,36792796249,1,110149404748,f129c79ba,2026-10-01T00:06:32Z
post_1420,windows-2022 py3.14,fixed_per_conn,12,31.933333333333334,success,36792796249,1,110149404748,f129c79ba,2026-10-01T00:06:32Z
post_1420,windows-2025 py3.14,fixed_aggregate,12,28.000000000000004,success,36792796249,1,110149404700,f129c79ba,2026-10-01T00:06:49Z
post_1420,windows-2025 py3.14,fixed_per_conn,12,37.88888888888889,success,36792796249,1,110149404700,f129c79ba,2026-10-01T00:06:49Z
post_1420,ubuntu-latest py3.14,fixed_aggregate,12,35.58823529411765,failure,36792558774,1,110148650880,91224e408,2026-09-30T23:59:19Z
post_1420,ubuntu-latest py3.14,fixed_per_conn,12,40.0625,failure,36792558774,1,110148650880,91224e408,2026-09-30T23:59:19Z
post_1420,windows-2022 py3.14,fixed_aggregate,12,26.69230769230769,failure,36792558774,1,110148650848,91224e408,2026-10-01T00:03:02Z
post_1420,windows-2022 py3.14,fixed_per_conn,12,38.23529411764706,failure,36792558774,1,110148650848,91224e408,2026-10-01T00:03:02Z
post_1420,windows-2025 py3.14,fixed_aggregate,12,31.555555555555557,failure,36792558774,1,110148650862,91224e408,2026-10-01T00:04:24Z
post_1420,windows-2025 py3.14,fixed_per_conn,12,38.52941176470588,failure,36792558774,1,110148650862,91224e408,2026-10-01T00:04:24Z
post_1420,ubuntu-latest py3.14,fixed_aggregate,12,20.685714285714287,failure,36792524914,1,110148545616,e3069ddbc,2026-09-30T23:56:49Z
post_1420,ubuntu-latest py3.14,fixed_per_conn,12,37.470588235294116,failure,36792524914,1,110148545616,e3069ddbc,2026-09-30T23:56:49Z
post_1420,windows-2022 py3.14,fixed_aggregate,12,23.26923076923077,failure,36792524914,1,110148545648,e3069ddbc,2026-10-01T00:03:10Z
post_1420,windows-2022 py3.14,fixed_per_conn,12,39.8125,failure,36792524914,1,110148545648,e3069ddbc,2026-10-01T00:03:10Z
post_1420,windows-2025 py3.14,fixed_aggregate,12,32.14285714285714,failure,36792524914,1,110148545649,e3069ddbc,2026-10-01T00:04:23Z
post_1420,windows-2025 py3.14,fixed_per_conn,12,38.64705882352941,failure,36792524914,1,110148545649,e3069ddbc,2026-10-01T00:04:23Z
post_1420,ubuntu-latest py3.14,fixed_aggregate,12,36.50000000000001,success,36792511735,1,110148524793,cac433e61,2026-09-30T23:59:34Z
post_1420,ubuntu-latest py3.14,fixed_per_conn,12,39.8125,success,36792511735,1,110148524793,cac433e61,2026-09-30T23:59:34Z
post_1420,windows-2022 py3.14,fixed_aggregate,12,27.5,success,36792511735,1,110148524899,cac433e61,2026-09-30T23:58:24Z
post_1420,windows-2022 py3.14,fixed_per_conn,12,39.5625,success,36792511735,1,110148524899,cac433e61,2026-09-30T23:58:24Z
post_1420,windows-2025 py3.14,fixed_aggregate,12,25.481481481481477,success,36792511735,1,110148524960,cac433e61,2026-10-01T00:04:37Z
post_1420,windows-2025 py3.14,fixed_per_conn,12,39.88235294117647,success,36792511735,1,110148524960,cac433e61,2026-10-01T00:04:37Z
post_1420,ubuntu-latest py3.14,fixed_aggregate,12,34.5,success,36792510459,1,110148511046,c8cc15ce4,2026-09-30T23:59:05Z
post_1420,ubuntu-latest py3.14,fixed_per_conn,12,38.3125,success,36792510459,1,110148511046,c8cc15ce4,2026-09-30T23:59:05Z
post_1420,windows-2022 py3.14,fixed_aggregate,12,22.571428571428573,success,36792510459,1,110148511018,c8cc15ce4,2026-10-01T00:02:58Z
post_1420,windows-2022 py3.14,fixed_per_conn,12,37.5625,success,36792510459,1,110148511018,c8cc15ce4,2026-10-01T00:02:58Z
post_1420,windows-2025 py3.14,fixed_aggregate,12,25.0,success,36792510459,1,110148511044,c8cc15ce4,2026-10-01T00:05:54Z
post_1420,windows-2025 py3.14,fixed_per_conn,12,35.352941176470594,success,36792510459,1,110148511044,c8cc15ce4,2026-10-01T00:05:54Z
post_1420,ubuntu-latest py3.14,fixed_aggregate,12,34.78787878787879,success,36792508585,1,110148496315,a44d06077,2026-09-30T23:59:29Z
post_1420,ubuntu-latest py3.14,fixed_per_conn,12,39.5625,success,36792508585,1,110148496315,a44d06077,2026-09-30T23:59:29Z
post_1420,windows-2022 py3.14,fixed_aggregate,12,15.92857142857143,success,36792508585,1,110148496307,a44d06077,2026-10-01T00:00:59Z
post_1420,windows-2022 py3.14,fixed_per_conn,12,38.54545454545455,success,36792508585,1,110148496307,a44d06077,2026-10-01T00:00:59Z
post_1420,windows-2025 py3.14,fixed_aggregate,12,27.814814814814817,success,36792508585,1,110148496329,a44d06077,2026-10-01T00:04:00Z
post_1420,windows-2025 py3.14,fixed_per_conn,12,37.46666666666667,success,36792508585,1,110148496329,a44d06077,2026-10-01T00:04:00Z
post_1420,ubuntu-latest py3.14,fixed_aggregate,12,35.15151515151515,success,36792205086,1,110147560609,9c77836fd,2026-09-30T23:51:38Z
post_1420,ubuntu-latest py3.14,fixed_per_conn,12,40.5625,success,36792205086,1,110147560609,9c77836fd,2026-09-30T23:51:38Z
post_1420,windows-2022 py3.14,fixed_aggregate,12,31.423076923076923,success,36792205086,1,110147560627,9c77836fd,2026-09-30T23:59:03Z
post_1420,windows-2022 py3.14,fixed_per_conn,12,34.294117647058826,success,36792205086,1,110147560627,9c77836fd,2026-09-30T23:59:03Z
post_1420,windows-2025 py3.14,fixed_aggregate,12,30.939393939393938,success,36792205086,1,110147560659,9c77836fd,2026-10-01T00:00:27Z
post_1420,windows-2025 py3.14,fixed_per_conn,12,38.63636363636363,success,36792205086,1,110147560659,9c77836fd,2026-10-01T00:00:27Z
post_1420,ubuntu-latest py3.14,fixed_aggregate,12,36.090909090909086,cancelled,36792124946,1,110147289333,e1c67b16d,2026-09-30T23:52:17Z
post_1420,ubuntu-latest py3.14,fixed_per_conn,12,39.93333333333334,cancelled,36792124946,1,110147289333,e1c67b16d,2026-09-30T23:52:17Z
post_2024,ubuntu-latest py3.14,fixed_aggregate,12,36.59375,success,36791640416,1,110145738380,2536d7ce7,2026-09-30T23:46:25Z
post_2024,ubuntu-latest py3.14,fixed_per_conn,12,39.6,success,36791640416,1,110145738380,2536d7ce7,2026-09-30T23:46:25Z
post_2024,windows-2022 py3.14,fixed_aggregate,12,32.074074074074076,success,36791640416,1,110145738448,2536d7ce7,2026-09-30T23:49:38Z
post_2024,windows-2022 py3.14,fixed_per_conn,12,39.1875,success,36791640416,1,110145738448,2536d7ce7,2026-09-30T23:49:38Z
post_2024,windows-2025 py3.14,fixed_aggregate,12,38.18181818181818,success,36791640416,1,110145738385,2536d7ce7,2026-09-30T23:54:37Z
post_2024,windows-2025 py3.14,fixed_per_conn,12,39.25,success,36791640416,1,110145738385,2536d7ce7,2026-09-30T23:54:37Z
post_1420,ubuntu-latest py3.14,fixed_aggregate,12,35.542857142857144,success,36791258033,1,110144511037,38a4303c9,2026-09-30T23:43:32Z
post_1420,ubuntu-latest py3.14,fixed_per_conn,12,38.9375,success,36791258033,1,110144511037,38a4303c9,2026-09-30T23:43:32Z
post_1420,windows-2022 py3.14,fixed_aggregate,12,27.639999999999997,success,36791258033,1,110144511050,38a4303c9,2026-09-30T23:47:59Z
post_1420,windows-2022 py3.14,fixed_per_conn,12,39.4375,success,36791258033,1,110144511050,38a4303c9,2026-09-30T23:47:59Z
post_1420,windows-2025 py3.14,fixed_aggregate,12,33.53846153846154,success,36791258033,1,110144511154,38a4303c9,2026-09-30T23:49:21Z
post_1420,windows-2025 py3.14,fixed_per_conn,12,38.17647058823529,success,36791258033,1,110144511154,38a4303c9,2026-09-30T23:49:21Z
post_1420,ubuntu-latest py3.14,fixed_aggregate,12,27.02941176470588,success,36790722814,1,110142799171,db85d4bb2,2026-09-30T23:36:27Z
post_1420,ubuntu-latest py3.14,fixed_per_conn,12,37.733333333333334,success,36790722814,1,110142799171,db85d4bb2,2026-09-30T23:36:27Z
post_1420,windows-2022 py3.14,fixed_aggregate,12,23.692307692307693,success,36790722814,1,110142799138,db85d4bb2,2026-09-30T23:42:20Z
post_1420,windows-2022 py3.14,fixed_per_conn,12,30.5,success,36790722814,1,110142799138,db85d4bb2,2026-09-30T23:42:20Z
post_1420,windows-2025 py3.14,fixed_aggregate,12,26.961538461538463,success,36790722814,1,110142799080,db85d4bb2,2026-09-30T23:43:14Z
post_1420,windows-2025 py3.14,fixed_per_conn,12,38.94117647058823,success,36790722814,1,110142799080,db85d4bb2,2026-09-30T23:43:14Z
post_1420,ubuntu-latest py3.14,fixed_aggregate,12,34.970588235294116,success,36790649723,1,110142570721,c8cc15ce4,2026-09-30T23:37:29Z
post_1420,ubuntu-latest py3.14,fixed_per_conn,12,38.75,success,36790649723,1,110142570721,c8cc15ce4,2026-09-30T23:37:29Z
post_1420,windows-2022 py3.14,fixed_aggregate,12,24.807692307692303,success,36790649723,1,110142570742,c8cc15ce4,2026-09-30T23:41:00Z
post_1420,windows-2022 py3.14,fixed_per_conn,12,37.41176470588235,success,36790649723,1,110142570742,c8cc15ce4,2026-09-30T23:41:00Z
post_1420,windows-2025 py3.14,fixed_aggregate,12,22.77777777777778,success,36790649723,1,110142570719,c8cc15ce4,2026-09-30T23:42:27Z
post_1420,windows-2025 py3.14,fixed_per_conn,12,37.352941176470594,success,36790649723,1,110142570719,c8cc15ce4,2026-09-30T23:42:27Z
post_1420,ubuntu-latest py3.14,fixed_aggregate,12,32.88235294117647,success,36790620996,1,110142488673,41970e22a,2026-09-30T23:35:41Z
post_1420,ubuntu-latest py3.14,fixed_per_conn,12,38.64705882352941,success,36790620996,1,110142488673,41970e22a,2026-09-30T23:35:41Z
post_1420,windows-2022 py3.14,fixed_aggregate,12,15.488372093023257,success,36790620996,1,110142488719,41970e22a,2026-09-30T23:41:20Z
post_1420,windows-2022 py3.14,fixed_per_conn,12,39.5,success,36790620996,1,110142488719,41970e22a,2026-09-30T23:41:20Z
post_1420,windows-2025 py3.14,fixed_aggregate,12,24.884615384615383,success,36790620996,1,110142488738,41970e22a,2026-09-30T23:41:42Z
post_1420,windows-2025 py3.14,fixed_per_conn,12,37.76470588235294,success,36790620996,1,110142488738,41970e22a,2026-09-30T23:41:42Z
post_1420,ubuntu-latest py3.14,fixed_aggregate,12,34.32258064516129,success,36790479121,1,110142024242,e03c8c0f3,2026-09-30T23:32:33Z
post_1420,ubuntu-latest py3.14,fixed_per_conn,12,39.4375,success,36790479121,1,110142024242,e03c8c0f3,2026-09-30T23:32:33Z
post_1420,windows-2022 py3.14,fixed_aggregate,12,17.875,success,36790479121,1,110142024099,e03c8c0f3,2026-09-30T23:39:11Z
post_1420,windows-2022 py3.14,fixed_per_conn,12,36.214285714285715,success,36790479121,1,110142024099,e03c8c0f3,2026-09-30T23:39:11Z
post_1420,windows-2025 py3.14,fixed_aggregate,12,26.423076923076923,success,36790479121,1,110142024150,e03c8c0f3,2026-09-30T23:39:07Z
post_1420,windows-2025 py3.14,fixed_per_conn,12,36.94117647058823,success,36790479121,1,110142024150,e03c8c0f3,2026-09-30T23:39:07Z
post_1420,ubuntu-latest py3.14,fixed_aggregate,12,36.57575757575757,success,36790155621,1,110141429509,edb610e8f,2026-09-30T23:30:59Z
post_1420,ubuntu-latest py3.14,fixed_per_conn,12,39.333333333333336,success,36790155621,1,110141429509,edb610e8f,2026-09-30T23:30:59Z
post_1420,windows-2022 py3.14,fixed_aggregate,12,15.775000000000002,success,36790155621,1,110141429567,edb610e8f,2026-09-30T23:37:17Z
post_1420,windows-2022 py3.14,fixed_per_conn,12,39.5625,success,36790155621,1,110141429567,edb610e8f,2026-09-30T23:37:17Z
post_1420,windows-2025 py3.14,fixed_aggregate,12,27.42307692307692,success,36790155621,1,110141429596,edb610e8f,2026-09-30T23:39:08Z
post_1420,windows-2025 py3.14,fixed_per_conn,12,40.588235294117645,success,36790155621,1,110141429596,edb610e8f,2026-09-30T23:39:08Z
post_1420,ubuntu-latest py3.14,fixed_aggregate,12,36.484848484848484,success,36789311640,1,110138255765,cb3607b02,2026-09-30T23:22:05Z
post_1420,ubuntu-latest py3.14,fixed_per_conn,12,37.0,success,36789311640,1,110138255765,cb3607b02,2026-09-30T23:22:05Z
post_1420,windows-2022 py3.14,fixed_aggregate,12,29.615384615384613,success,36789311640,1,110138255768,cb3607b02,2026-09-30T23:27:41Z
post_1420,windows-2022 py3.14,fixed_per_conn,12,36.27272727272727,success,36789311640,1,110138255768,cb3607b02,2026-09-30T23:27:41Z
post_1420,windows-2025 py3.14,fixed_aggregate,12,27.470588235294116,success,36789311640,1,110138256103,cb3607b02,2026-09-30T23:26:56Z
post_1420,windows-2025 py3.14,fixed_per_conn,12,35.6,success,36789311640,1,110138256103,cb3607b02,2026-09-30T23:26:56Z
post_1420,ubuntu-latest py3.14,fixed_aggregate,12,34.68571428571428,success,36788458610,1,110135636432,e03c8c0f3,2026-09-30T23:13:38Z
post_1420,ubuntu-latest py3.14,fixed_per_conn,12,36.87499999999999,success,36788458610,1,110135636432,e03c8c0f3,2026-09-30T23:13:38Z
post_1420,windows-2022 py3.14,fixed_aggregate,12,22.42857142857143,success,36788458610,1,110135636439,e03c8c0f3,2026-09-30T23:17:13Z
post_1420,windows-2022 py3.14,fixed_per_conn,12,39.11764705882353,success,36788458610,1,110135636439,e03c8c0f3,2026-09-30T23:17:13Z
post_1420,windows-2025 py3.14,fixed_aggregate,12,28.23076923076923,success,36788458610,1,110135636383,e03c8c0f3,2026-09-30T23:18:47Z
post_1420,windows-2025 py3.14,fixed_per_conn,12,43.77777777777778,success,36788458610,1,110135636383,e03c8c0f3,2026-09-30T23:18:47Z
post_1420,ubuntu-latest py3.14,fixed_aggregate,12,35.48571428571429,success,36788380295,1,110135385798,333c55b2b,2026-09-30T23:12:35Z
post_1420,ubuntu-latest py3.14,fixed_per_conn,12,39.75,success,36788380295,1,110135385798,333c55b2b,2026-09-30T23:12:35Z
post_1420,windows-2022 py3.14,fixed_aggregate,12,21.119999999999997,success,36788380295,1,110135385722,333c55b2b,2026-09-30T23:15:30Z
post_1420,windows-2022 py3.14,fixed_per_conn,12,34.54545454545455,success,36788380295,1,110135385722,333c55b2b,2026-09-30T23:15:30Z
post_1420,windows-2025 py3.14,fixed_aggregate,12,20.027777777777775,success,36788380295,1,110135385768,333c55b2b,2026-09-30T23:13:30Z
post_1420,windows-2025 py3.14,fixed_per_conn,12,39.5625,success,36788380295,1,110135385768,333c55b2b,2026-09-30T23:13:30Z
post_1420,ubuntu-latest py3.14,fixed_aggregate,12,36.21212121212121,success,36788104669,1,110134340378,e2cb38a65,2026-09-30T23:09:04Z
post_1420,ubuntu-latest py3.14,fixed_per_conn,12,37.0625,success,36788104669,1,110134340378,e2cb38a65,2026-09-30T23:09:04Z
post_1420,windows-2022 py3.14,fixed_aggregate,12,27.740740740740744,success,36788104669,1,110134340431,e2cb38a65,2026-09-30T23:12:33Z
post_1420,windows-2022 py3.14,fixed_per_conn,12,23.31578947368421,success,36788104669,1,110134340431,e2cb38a65,2026-09-30T23:12:33Z
post_1420,windows-2025 py3.14,fixed_aggregate,12,25.848484848484848,success,36788104669,1,110134340353,e2cb38a65,2026-09-30T23:13:54Z
post_1420,windows-2025 py3.14,fixed_per_conn,12,39.75,success,36788104669,1,110134340353,e2cb38a65,2026-09-30T23:13:54Z
post_1420,ubuntu-latest py3.14,fixed_aggregate,12,34.85294117647059,success,36787891080,1,110133647643,b343f575e,2026-09-30T23:04:00Z
post_1420,ubuntu-latest py3.14,fixed_per_conn,12,39.74999999999999,success,36787891080,1,110133647643,b343f575e,2026-09-30T23:04:00Z
post_1420,windows-2022 py3.14,fixed_aggregate,12,8.357142857142858,success,36787891080,1,110133647509,b343f575e,2026-09-30T23:10:19Z
post_1420,windows-2022 py3.14,fixed_per_conn,12,31.6,success,36787891080,1,110133647509,b343f575e,2026-09-30T23:10:19Z
post_1420,windows-2025 py3.14,fixed_aggregate,12,23.529411764705884,success,36787891080,1,110133647600,b343f575e,2026-09-30T23:13:08Z
post_1420,windows-2025 py3.14,fixed_per_conn,12,36.82352941176471,success,36787891080,1,110133647600,b343f575e,2026-09-30T23:13:08Z
post_1420,ubuntu-latest py3.14,fixed_aggregate,12,35.970588235294116,failure,36787688214,1,110133010832,e17d2c6b5,2026-09-30T23:05:18Z
post_1420,ubuntu-latest py3.14,fixed_per_conn,12,40.625,failure,36787688214,1,110133010832,e17d2c6b5,2026-09-30T23:05:18Z
post_1420,windows-2022 py3.14,fixed_aggregate,12,14.906976744186046,failure,36787688214,1,110133011006,e17d2c6b5,2026-09-30T23:08:15Z
post_1420,windows-2022 py3.14,fixed_per_conn,12,39.1764705882353,failure,36787688214,1,110133011006,e17d2c6b5,2026-09-30T23:08:15Z
post_1420,windows-2025 py3.14,fixed_aggregate,12,23.333333333333332,failure,36787688214,1,110133010831,e17d2c6b5,2026-09-30T23:09:31Z
post_1420,windows-2025 py3.14,fixed_per_conn,12,39.3125,failure,36787688214,1,110133010831,e17d2c6b5,2026-09-30T23:09:31Z
post_1420,ubuntu-latest py3.14,fixed_aggregate,12,35.81818181818182,success,36787030093,1,110130865136,1dabae712,2026-09-30T22:55:17Z
post_1420,ubuntu-latest py3.14,fixed_per_conn,12,40.375,success,36787030093,1,110130865136,1dabae712,2026-09-30T22:55:17Z
post_1420,windows-2022 py3.14,fixed_aggregate,12,19.14705882352941,success,36787030093,1,110130865158,1dabae712,2026-09-30T22:59:14Z
post_1420,windows-2022 py3.14,fixed_per_conn,12,35.29411764705882,success,36787030093,1,110130865158,1dabae712,2026-09-30T22:59:14Z
post_1420,windows-2025 py3.14,fixed_aggregate,12,24.470588235294116,success,36787030093,1,110130865227,1dabae712,2026-09-30T23:03:59Z
post_1420,windows-2025 py3.14,fixed_per_conn,12,35.0,success,36787030093,1,110130865227,1dabae712,2026-09-30T23:03:59Z
post_1420,ubuntu-latest py3.14,fixed_aggregate,12,35.77142857142857,success,36786726251,1,110129898609,60fa9098d,2026-09-30T22:54:43Z
post_1420,ubuntu-latest py3.14,fixed_per_conn,12,39.125,success,36786726251,1,110129898609,60fa9098d,2026-09-30T22:54:43Z
post_1420,windows-2022 py3.14,fixed_aggregate,12,18.047619047619047,success,36786726251,1,110129898585,60fa9098d,2026-09-30T22:58:52Z
post_1420,windows-2022 py3.14,fixed_per_conn,12,40.8125,success,36786726251,1,110129898585,60fa9098d,2026-09-30T22:58:52Z
post_1420,windows-2025 py3.14,fixed_aggregate,12,27.885714285714286,success,36786726251,1,110129898693,60fa9098d,2026-09-30T22:59:42Z
post_1420,windows-2025 py3.14,fixed_per_conn,12,38.142857142857146,success,36786726251,1,110129898693,60fa9098d,2026-09-30T22:59:42Z
post_1420,ubuntu-latest py3.14,fixed_aggregate,12,35.029411764705884,success,36786518989,1,110129200722,8371830d0,2026-09-30T22:53:08Z
post_1420,ubuntu-latest py3.14,fixed_per_conn,12,39.3125,success,36786518989,1,110129200722,8371830d0,2026-09-30T22:53:08Z
post_1420,windows-2022 py3.14,fixed_aggregate,12,26.769230769230766,success,36786518989,1,110129200742,8371830d0,2026-09-30T22:56:55Z
post_1420,windows-2022 py3.14,fixed_per_conn,12,39.18181818181819,success,36786518989,1,110129200742,8371830d0,2026-09-30T22:56:55Z
post_1420,windows-2025 py3.14,fixed_aggregate,12,26.307692307692307,success,36786518989,1,110129200872,8371830d0,2026-09-30T22:57:54Z
post_1420,windows-2025 py3.14,fixed_per_conn,12,40.0,success,36786518989,1,110129200872,8371830d0,2026-09-30T22:57:54Z
post_1420,ubuntu-latest py3.14,fixed_aggregate,12,37.294117647058826,failure,36786240691,1,110128286946,555b9f2c6,2026-09-30T22:49:11Z
post_1420,ubuntu-latest py3.14,fixed_per_conn,12,39.5625,failure,36786240691,1,110128286946,555b9f2c6,2026-09-30T22:49:11Z
post_1420,windows-2022 py3.14,fixed_aggregate,12,23.77777777777778,cancelled,36786240691,1,110128286998,555b9f2c6,2026-09-30T22:52:40Z
post_1420,windows-2022 py3.14,fixed_per_conn,12,39.470588235294116,cancelled,36786240691,1,110128286998,555b9f2c6,2026-09-30T22:52:40Z
post_1420,windows-2025 py3.14,fixed_aggregate,12,28.3030303030303,failure,36786240691,1,110128286961,555b9f2c6,2026-09-30T22:49:43Z
post_1420,windows-2025 py3.14,fixed_per_conn,12,39.1875,failure,36786240691,1,110128286961,555b9f2c6,2026-09-30T22:49:43Z
post_1420,ubuntu-latest py3.14,fixed_aggregate,12,36.3235294117647,success,36786135319,1,110127949089,ce9a8ddba,2026-09-30T22:48:39Z
post_1420,ubuntu-latest py3.14,fixed_per_conn,12,39.75,success,36786135319,1,110127949089,ce9a8ddba,2026-09-30T22:48:39Z
post_1420,windows-2022 py3.14,fixed_aggregate,12,17.325581395348838,success,36786135319,1,110127949130,ce9a8ddba,2026-09-30T22:52:09Z
post_1420,windows-2022 py3.14,fixed_per_conn,12,39.294117647058826,success,36786135319,1,110127949130,ce9a8ddba,2026-09-30T22:52:09Z
post_1420,windows-2025 py3.14,fixed_aggregate,12,30.461538461538463,success,36786135319,1,110127949103,ce9a8ddba,2026-09-30T22:53:37Z
post_1420,windows-2025 py3.14,fixed_per_conn,12,39.588235294117645,success,36786135319,1,110127949103,ce9a8ddba,2026-09-30T22:53:37Z
post_1420,ubuntu-latest py3.14,fixed_aggregate,12,34.371428571428574,success,36786052960,1,110127681928,e2cb38a65,2026-09-30T22:47:39Z
post_1420,ubuntu-latest py3.14,fixed_per_conn,12,38.75,success,36786052960,1,110127681928,e2cb38a65,2026-09-30T22:47:39Z
post_1420,windows-2022 py3.14,fixed_aggregate,12,19.975609756097562,success,36786052960,1,110127681942,e2cb38a65,2026-09-30T22:50:50Z
post_1420,windows-2022 py3.14,fixed_per_conn,12,33.75,success,36786052960,1,110127681942,e2cb38a65,2026-09-30T22:50:50Z
post_1420,windows-2025 py3.14,fixed_aggregate,12,28.807692307692307,success,36786052960,1,110127681997,e2cb38a65,2026-09-30T22:52:38Z
post_1420,windows-2025 py3.14,fixed_per_conn,12,39.470588235294116,success,36786052960,1,110127681997,e2cb38a65,2026-09-30T22:52:38Z
post_1420,ubuntu-latest py3.14,fixed_aggregate,12,36.11764705882353,success,36785738367,1,110126660474,aae20a144,2026-09-30T22:44:54Z
post_1420,ubuntu-latest py3.14,fixed_per_conn,12,39.8125,success,36785738367,1,110126660474,aae20a144,2026-09-30T22:44:54Z
post_1420,windows-2022 py3.14,fixed_aggregate,12,8.423076923076923,success,36785738367,1,110126660536,aae20a144,2026-09-30T22:45:59Z
post_1420,windows-2022 py3.14,fixed_per_conn,12,39.75,success,36785738367,1,110126660536,aae20a144,2026-09-30T22:45:59Z
post_1420,windows-2025 py3.14,fixed_aggregate,12,45.55555555555556,success,36785738367,1,110126660523,aae20a144,2026-09-30T22:44:55Z
post_1420,windows-2025 py3.14,fixed_per_conn,12,39.29411764705882,success,36785738367,1,110126660523,aae20a144,2026-09-30T22:44:55Z
post_1420,ubuntu-latest py3.14,fixed_aggregate,12,35.03125,failure,36785496884,1,110125889578,f3f2bf1c1,2026-09-30T22:39:46Z
post_1420,ubuntu-latest py3.14,fixed_per_conn,12,36.87499999999999,failure,36785496884,1,110125889578,f3f2bf1c1,2026-09-30T22:39:46Z
post_1420,windows-2022 py3.14,fixed_aggregate,12,25.555555555555554,success,36785496884,1,110125889445,f3f2bf1c1,2026-09-30T22:45:09Z
post_1420,windows-2022 py3.14,fixed_per_conn,12,39.625,success,36785496884,1,110125889445,f3f2bf1c1,2026-09-30T22:45:09Z
post_1420,windows-2025 py3.14,fixed_aggregate,12,27.200000000000003,success,36785496884,1,110125889482,f3f2bf1c1,2026-09-30T22:46:36Z
post_1420,windows-2025 py3.14,fixed_per_conn,12,30.9375,success,36785496884,1,110125889482,f3f2bf1c1,2026-09-30T22:46:36Z
post_1420,ubuntu-latest py3.14,fixed_aggregate,12,36.029411764705884,success,36785314688,1,110125284457,d445af032,2026-09-30T22:39:47Z
post_1420,ubuntu-latest py3.14,fixed_per_conn,12,39.75,success,36785314688,1,110125284457,d445af032,2026-09-30T22:39:47Z
post_1420,windows-2022 py3.14,fixed_aggregate,12,26.59259259259259,success,36785314688,1,110125284557,d445af032,2026-09-30T22:43:21Z
post_1420,windows-2022 py3.14,fixed_per_conn,12,39.37500000000001,success,36785314688,1,110125284557,d445af032,2026-09-30T22:43:21Z
post_1420,windows-2025 py3.14,fixed_aggregate,12,24.749999999999996,success,36785314688,1,110125284481,d445af032,2026-09-30T22:43:31Z
post_1420,windows-2025 py3.14,fixed_per_conn,12,35.470588235294116,success,36785314688,1,110125284481,d445af032,2026-09-30T22:43:31Z
post_1420,ubuntu-latest py3.14,fixed_aggregate,12,35.307692307692314,success,36785036609,1,110124377187,715d8e240,2026-09-30T22:33:31Z
post_1420,ubuntu-latest py3.14,fixed_per_conn,12,36.0,success,36785036609,1,110124377187,715d8e240,2026-09-30T22:33:31Z
post_1420,windows-2022 py3.14,fixed_aggregate,12,18.675,success,36785036609,1,110124377312,715d8e240,2026-09-30T22:43:01Z
post_1420,windows-2022 py3.14,fixed_per_conn,12,39.294117647058826,success,36785036609,1,110124377312,715d8e240,2026-09-30T22:43:01Z
post_1420,windows-2025 py3.14,fixed_aggregate,12,30.636363636363637,success,36785036609,1,110124377407,715d8e240,2026-09-30T22:41:30Z
post_1420,windows-2025 py3.14,fixed_per_conn,12,39.23529411764706,success,36785036609,1,110124377407,715d8e240,2026-09-30T22:41:30Z
post_1420,ubuntu-latest py3.14,fixed_aggregate,12,36.63636363636364,success,36784977216,1,110124379880,1dabae712,2026-09-30T22:37:16Z
post_1420,ubuntu-latest py3.14,fixed_per_conn,12,37.411764705882355,success,36784977216,1,110124379880,1dabae712,2026-09-30T22:37:16Z
post_1420,windows-2022 py3.14,fixed_aggregate,12,25.73076923076923,success,36784977216,1,110124379983,1dabae712,2026-09-30T22:40:59Z
post_1420,windows-2022 py3.14,fixed_per_conn,12,39.12499999999999,success,36784977216,1,110124379983,1dabae712,2026-09-30T22:40:59Z
post_1420,windows-2025 py3.14,fixed_aggregate,12,26.852941176470587,success,36784977216,1,110124379868,1dabae712,2026-09-30T22:35:34Z
post_1420,windows-2025 py3.14,fixed_per_conn,12,36.6875,success,36784977216,1,110124379868,1dabae712,2026-09-30T22:35:34Z
post_1420,ubuntu-latest py3.14,fixed_aggregate,12,30.906249999999996,success,36784537207,1,110122748757,60fa9098d,2026-09-30T22:29:28Z
post_1420,ubuntu-latest py3.14,fixed_per_conn,12,39.375,success,36784537207,1,110122748757,60fa9098d,2026-09-30T22:29:28Z
post_1420,windows-2022 py3.14,fixed_aggregate,12,19.441176470588236,success,36784537207,1,110122748875,60fa9098d,2026-09-30T22:31:49Z
post_1420,windows-2022 py3.14,fixed_per_conn,12,39.599999999999994,success,36784537207,1,110122748875,60fa9098d,2026-09-30T22:31:49Z
post_1420,windows-2025 py3.14,fixed_aggregate,12,24.96666666666667,success,36784537207,1,110122748766,60fa9098d,2026-09-30T22:38:10Z
post_1420,windows-2025 py3.14,fixed_per_conn,12,37.57142857142857,success,36784537207,1,110122748766,60fa9098d,2026-09-30T22:38:10Z
post_1420,ubuntu-latest py3.14,fixed_aggregate,12,28.548387096774196,success,36784434608,1,110122398790,8371830d0,2026-09-30T22:28:18Z
post_1420,ubuntu-latest py3.14,fixed_per_conn,12,39.4375,success,36784434608,1,110122398790,8371830d0,2026-09-30T22:28:18Z
post_1420,windows-2022 py3.14,fixed_aggregate,12,30.40740740740741,success,36784434608,1,110122398687,8371830d0,2026-09-30T22:34:38Z
post_1420,windows-2022 py3.14,fixed_per_conn,12,25.75,success,36784434608,1,110122398687,8371830d0,2026-09-30T22:34:38Z
post_1420,windows-2025 py3.14,fixed_aggregate,12,22.85185185185185,success,36784434608,1,110122398719,8371830d0,2026-09-30T22:35:41Z
post_1420,windows-2025 py3.14,fixed_per_conn,12,39.375,success,36784434608,1,110122398719,8371830d0,2026-09-30T22:35:41Z
post_1420,ubuntu-latest py3.14,fixed_aggregate,12,34.63636363636364,success,36784033351,1,110121099042,ce9a8ddba,2026-09-30T22:26:39Z
post_1420,ubuntu-latest py3.14,fixed_per_conn,12,39.1875,success,36784033351,1,110121099042,ce9a8ddba,2026-09-30T22:26:39Z
post_1420,windows-2022 py3.14,fixed_aggregate,12,28.423076923076923,success,36784033351,1,110121099055,ce9a8ddba,2026-09-30T22:30:24Z
post_1420,windows-2022 py3.14,fixed_per_conn,12,39.25,success,36784033351,1,110121099055,ce9a8ddba,2026-09-30T22:30:24Z
post_1420,windows-2025 py3.14,fixed_aggregate,12,28.666666666666668,success,36784033351,1,110121099083,ce9a8ddba,2026-09-30T22:31:50Z
post_1420,windows-2025 py3.14,fixed_per_conn,12,38.46666666666667,success,36784033351,1,110121099083,ce9a8ddba,2026-09-30T22:31:50Z
post_1420,ubuntu-latest py3.14,fixed_aggregate,12,36.96551724137931,success,36783962261,1,110121334527,90a792348,2026-09-30T22:27:48Z
post_1420,ubuntu-latest py3.14,fixed_per_conn,12,39.18749999999999,success,36783962261,1,110121334527,90a792348,2026-09-30T22:27:48Z
post_1420,windows-2022 py3.14,fixed_aggregate,12,22.46153846153846,success,36783962261,1,110121334639,90a792348,2026-09-30T22:30:56Z
post_1420,windows-2022 py3.14,fixed_per_conn,12,28.428571428571427,success,36783962261,1,110121334639,90a792348,2026-09-30T22:30:56Z
post_1420,windows-2025 py3.14,fixed_aggregate,12,27.884615384615387,success,36783962261,1,110121334588,90a792348,2026-09-30T22:33:15Z
post_1420,windows-2025 py3.14,fixed_per_conn,12,35.54545454545455,success,36783962261,1,110121334588,90a792348,2026-09-30T22:33:15Z
post_1420,ubuntu-latest py3.14,fixed_aggregate,12,34.083333333333336,success,36783724077,1,110120078264,aae20a144,2026-09-30T22:24:02Z
post_1420,ubuntu-latest py3.14,fixed_per_conn,12,39.125,success,36783724077,1,110120078264,aae20a144,2026-09-30T22:24:02Z
post_1420,windows-2022 py3.14,fixed_aggregate,12,12.45,success,36783724077,1,110120078266,aae20a144,2026-09-30T22:27:30Z
post_1420,windows-2022 py3.14,fixed_per_conn,12,36.11764705882353,success,36783724077,1,110120078266,aae20a144,2026-09-30T22:27:30Z
post_1420,windows-2025 py3.14,fixed_aggregate,12,25.636363636363637,success,36783724077,1,110120078245,aae20a144,2026-09-30T22:26:14Z
post_1420,windows-2025 py3.14,fixed_per_conn,12,39.1764705882353,success,36783724077,1,110120078245,aae20a144,2026-09-30T22:26:14Z
post_1420,ubuntu-latest py3.14,fixed_aggregate,12,32.53125,success,36782765647,1,110116926382,ffbfc5ccc,2026-09-30T22:11:53Z
post_1420,ubuntu-latest py3.14,fixed_per_conn,12,37.37499999999999,success,36782765647,1,110116926382,ffbfc5ccc,2026-09-30T22:11:53Z
post_1420,windows-2022 py3.14,fixed_aggregate,12,23.07692307692308,success,36782765647,1,110116926408,ffbfc5ccc,2026-09-30T22:17:59Z
post_1420,windows-2022 py3.14,fixed_per_conn,12,39.090909090909086,success,36782765647,1,110116926408,ffbfc5ccc,2026-09-30T22:17:59Z
post_1420,windows-2025 py3.14,fixed_aggregate,12,33.92307692307693,success,36782765647,1,110116926547,ffbfc5ccc,2026-09-30T22:19:49Z
post_1420,windows-2025 py3.14,fixed_per_conn,12,37.411764705882355,success,36782765647,1,110116926547,ffbfc5ccc,2026-09-30T22:19:49Z
post_1420,ubuntu-latest py3.14,fixed_aggregate,12,35.36363636363637,failure,36782529545,1,110116114871,185d0ac41,2026-09-30T22:11:45Z
post_1420,ubuntu-latest py3.14,fixed_per_conn,12,39.5625,failure,36782529545,1,110116114871,185d0ac41,2026-09-30T22:11:45Z
post_1420,windows-2022 py3.14,fixed_aggregate,12,26.538461538461537,failure,36782529545,1,110116114770,185d0ac41,2026-09-30T22:15:38Z
post_1420,windows-2022 py3.14,fixed_per_conn,12,39.0625,failure,36782529545,1,110116114770,185d0ac41,2026-09-30T22:15:38Z
post_1420,windows-2025 py3.14,fixed_aggregate,12,28.733333333333334,failure,36782529545,1,110116114727,185d0ac41,2026-09-30T22:15:41Z
post_1420,windows-2025 py3.14,fixed_per_conn,12,38.588235294117645,failure,36782529545,1,110116114727,185d0ac41,2026-09-30T22:15:41Z
post_1420,ubuntu-latest py3.14,fixed_aggregate,12,36.00000000000001,success,36782108090,1,110114836186,bd82f98cb,2026-09-30T22:08:46Z
post_1420,ubuntu-latest py3.14,fixed_per_conn,12,37.470588235294116,success,36782108090,1,110114836186,bd82f98cb,2026-09-30T22:08:46Z
post_1420,windows-2022 py3.14,fixed_aggregate,12,17.21428571428571,success,36782108090,1,110114836208,bd82f98cb,2026-09-30T22:10:55Z
post_1420,windows-2022 py3.14,fixed_per_conn,12,35.588235294117645,success,36782108090,1,110114836208,bd82f98cb,2026-09-30T22:10:55Z
post_1420,windows-2025 py3.14,fixed_aggregate,12,33.03846153846154,failure,36782108090,1,110114836287,bd82f98cb,2026-09-30T22:14:50Z
post_1420,windows-2025 py3.14,fixed_per_conn,12,34.64705882352941,failure,36782108090,1,110114836287,bd82f98cb,2026-09-30T22:14:50Z
post_1420,ubuntu-latest py3.14,fixed_aggregate,12,33.971428571428575,success,36781626710,1,110113138509,6250fce6a,2026-09-30T22:02:53Z
post_1420,ubuntu-latest py3.14,fixed_per_conn,12,39.5,success,36781626710,1,110113138509,6250fce6a,2026-09-30T22:02:53Z
post_1420,windows-2022 py3.14,fixed_aggregate,12,25.52941176470588,success,36781626710,1,110113138630,6250fce6a,2026-09-30T22:03:19Z
post_1420,windows-2022 py3.14,fixed_per_conn,12,35.05882352941176,success,36781626710,1,110113138630,6250fce6a,2026-09-30T22:03:19Z
post_1420,windows-2025 py3.14,fixed_aggregate,12,30.51851851851852,success,36781626710,1,110113138629,6250fce6a,2026-09-30T22:08:46Z
post_1420,windows-2025 py3.14,fixed_per_conn,12,38.294117647058826,success,36781626710,1,110113138629,6250fce6a,2026-09-30T22:08:46Z
post_1420,ubuntu-latest py3.14,fixed_aggregate,12,30.3030303030303,success,36781604531,1,110113038046,fffba8f50,2026-09-30T22:01:11Z
post_1420,ubuntu-latest py3.14,fixed_per_conn,12,36.06666666666666,success,36781604531,1,110113038046,fffba8f50,2026-09-30T22:01:11Z
post_1420,windows-2022 py3.14,fixed_aggregate,12,17.999999999999996,success,36781604531,1,110113038172,fffba8f50,2026-09-30T22:06:53Z
post_1420,windows-2022 py3.14,fixed_per_conn,12,35.1875,success,36781604531,1,110113038172,fffba8f50,2026-09-30T22:06:53Z
post_1420,windows-2025 py3.14,fixed_aggregate,12,23.066666666666666,success,36781604531,1,110113038072,fffba8f50,2026-09-30T22:08:28Z
post_1420,windows-2025 py3.14,fixed_per_conn,12,35.142857142857146,success,36781604531,1,110113038072,fffba8f50,2026-09-30T22:08:28Z
post_1420,ubuntu-latest py3.14,fixed_aggregate,12,35.470588235294116,success,36781598854,1,110113036373,4aa037367,2026-09-30T22:05:41Z
post_1420,ubuntu-latest py3.14,fixed_per_conn,12,39.3125,success,36781598854,1,110113036373,4aa037367,2026-09-30T22:05:41Z
post_1420,windows-2022 py3.14,fixed_aggregate,12,22.759999999999998,success,36781598854,1,110113036370,4aa037367,2026-09-30T22:07:39Z
post_1420,windows-2022 py3.14,fixed_per_conn,12,39.5625,success,36781598854,1,110113036370,4aa037367,2026-09-30T22:07:39Z
post_1420,windows-2025 py3.14,fixed_aggregate,12,24.499999999999996,success,36781598854,1,110113036238,4aa037367,2026-09-30T22:05:14Z
post_1420,windows-2025 py3.14,fixed_per_conn,12,36.9375,success,36781598854,1,110113036238,4aa037367,2026-09-30T22:05:14Z
post_1420,ubuntu-latest py3.14,fixed_aggregate,12,36.54545454545455,success,36781112074,1,110111395414,93d75ac9d,2026-09-30T21:55:31Z
post_1420,ubuntu-latest py3.14,fixed_per_conn,12,39.0625,success,36781112074,1,110111395414,93d75ac9d,2026-09-30T21:55:31Z
post_1420,windows-2022 py3.14,fixed_aggregate,12,18.607142857142858,success,36781112074,1,110111395421,93d75ac9d,2026-09-30T22:01:59Z
post_1420,windows-2022 py3.14,fixed_per_conn,12,39.647058823529406,success,36781112074,1,110111395421,93d75ac9d,2026-09-30T22:01:59Z
post_1420,windows-2025 py3.14,fixed_aggregate,12,20.114285714285714,success,36781112074,1,110111395376,93d75ac9d,2026-09-30T22:03:37Z
post_1420,windows-2025 py3.14,fixed_per_conn,12,39.42857142857143,success,36781112074,1,110111395376,93d75ac9d,2026-09-30T22:03:37Z
post_1420,ubuntu-latest py3.14,fixed_aggregate,12,34.94285714285714,success,36781106502,1,110111388129,821fd6598,2026-09-30T22:01:05Z
post_1420,ubuntu-latest py3.14,fixed_per_conn,12,39.6875,success,36781106502,1,110111388129,821fd6598,2026-09-30T22:01:05Z
post_1420,windows-2022 py3.14,fixed_aggregate,12,22.75,success,36781106502,1,110111388128,821fd6598,2026-09-30T22:00:25Z
post_1420,windows-2022 py3.14,fixed_per_conn,12,36.17647058823529,success,36781106502,1,110111388128,821fd6598,2026-09-30T22:00:25Z
post_1420,windows-2025 py3.14,fixed_aggregate,12,26.17857142857143,success,36781106502,1,110111388279,821fd6598,2026-09-30T22:03:28Z
post_1420,windows-2025 py3.14,fixed_per_conn,12,39.11764705882353,success,36781106502,1,110111388279,821fd6598,2026-09-30T22:03:28Z
post_1420,ubuntu-latest py3.14,fixed_aggregate,12,34.47058823529412,success,36780973983,1,110110930573,fcdfe26dd,2026-09-30T21:57:09Z
post_1420,ubuntu-latest py3.14,fixed_per_conn,12,40.1875,success,36780973983,1,110110930573,fcdfe26dd,2026-09-30T21:57:09Z
post_1420,windows-2022 py3.14,fixed_aggregate,12,25.22222222222222,success,36780973983,1,110110930594,fcdfe26dd,2026-09-30T22:00:53Z
post_1420,windows-2022 py3.14,fixed_per_conn,12,39.5625,success,36780973983,1,110110930594,fcdfe26dd,2026-09-30T22:00:53Z
post_1420,windows-2025 py3.14,fixed_aggregate,12,28.576923076923073,success,36780973983,1,110110930720,fcdfe26dd,2026-09-30T22:01:27Z
post_1420,windows-2025 py3.14,fixed_per_conn,12,39.42857142857142,success,36780973983,1,110110930720,fcdfe26dd,2026-09-30T22:01:27Z
post_1420,ubuntu-latest py3.14,fixed_aggregate,12,35.0,success,36780974058,1,110110952319,f86d6ea03,2026-09-30T21:57:11Z
post_1420,ubuntu-latest py3.14,fixed_per_conn,12,39.125,success,36780974058,1,110110952319,f86d6ea03,2026-09-30T21:57:11Z
post_1420,windows-2022 py3.14,fixed_aggregate,12,27.04,success,36780974058,1,110110952169,f86d6ea03,2026-09-30T22:00:57Z
post_1420,windows-2022 py3.14,fixed_per_conn,12,40.13333333333333,success,36780974058,1,110110952169,f86d6ea03,2026-09-30T22:00:57Z
post_1420,windows-2025 py3.14,fixed_aggregate,12,27.461538461538463,success,36780974058,1,110110952265,f86d6ea03,2026-09-30T22:00:38Z
post_1420,windows-2025 py3.14,fixed_per_conn,12,40.0,success,36780974058,1,110110952265,f86d6ea03,2026-09-30T22:00:38Z
post_1420,ubuntu-latest py3.14,fixed_aggregate,12,35.484848484848484,success,36780545594,1,110109495775,3fa73a202,2026-09-30T21:52:28Z
post_1420,ubuntu-latest py3.14,fixed_per_conn,12,39.25,success,36780545594,1,110109495775,3fa73a202,2026-09-30T21:52:28Z
post_1420,windows-2022 py3.14,fixed_aggregate,12,19.807692307692307,success,36780545594,1,110109495781,3fa73a202,2026-09-30T21:55:59Z
post_1420,windows-2022 py3.14,fixed_per_conn,12,40.125,success,36780545594,1,110109495781,3fa73a202,2026-09-30T21:55:59Z
post_1420,windows-2025 py3.14,fixed_aggregate,12,30.2,success,36780545594,1,110109495788,3fa73a202,2026-09-30T21:57:21Z
post_1420,windows-2025 py3.14,fixed_per_conn,12,39.3125,success,36780545594,1,110109495788,3fa73a202,2026-09-30T21:57:21Z
post_1420,ubuntu-latest py3.14,fixed_aggregate,12,35.74285714285715,success,36779564495,1,110106035023,217e11004,2026-09-30T21:45:38Z
post_1420,ubuntu-latest py3.14,fixed_per_conn,12,39.1875,success,36779564495,1,110106035023,217e11004,2026-09-30T21:45:38Z
post_1420,windows-2022 py3.14,fixed_aggregate,12,19.59259259259259,success,36779564495,1,110106035053,217e11004,2026-09-30T21:48:09Z
post_1420,windows-2022 py3.14,fixed_per_conn,12,39.5,success,36779564495,1,110106035053,217e11004,2026-09-30T21:48:09Z
post_1420,windows-2025 py3.14,fixed_aggregate,12,33.03846153846154,success,36779564495,1,110106035138,217e11004,2026-09-30T21:49:08Z
post_1420,windows-2025 py3.14,fixed_per_conn,12,39.625,success,36779564495,1,110106035138,217e11004,2026-09-30T21:49:08Z
post_1420,ubuntu-latest py3.14,fixed_aggregate,12,36.03030303030303,failure,36779559351,1,110106040152,baffa6043,2026-09-30T21:40:41Z
post_1420,ubuntu-latest py3.14,fixed_per_conn,12,37.411764705882355,failure,36779559351,1,110106040152,baffa6043,2026-09-30T21:40:41Z
post_1420,windows-2022 py3.14,fixed_aggregate,12,16.75,failure,36779559351,1,110106040053,baffa6043,2026-09-30T21:49:47Z
post_1420,windows-2022 py3.14,fixed_per_conn,12,36.36363636363637,failure,36779559351,1,110106040053,baffa6043,2026-09-30T21:49:47Z
post_1420,windows-2025 py3.14,fixed_aggregate,12,29.76923076923077,failure,36779559351,1,110106040242,baffa6043,2026-09-30T21:49:32Z
post_1420,windows-2025 py3.14,fixed_per_conn,12,39.3125,failure,36779559351,1,110106040242,baffa6043,2026-09-30T21:49:32Z
post_1420,ubuntu-latest py3.14,fixed_aggregate,12,35.696969696969695,success,36779196078,1,110104783662,9bafc3504,2026-09-30T21:35:54Z
post_1420,ubuntu-latest py3.14,fixed_per_conn,12,39.125,success,36779196078,1,110104783662,9bafc3504,2026-09-30T21:35:54Z
post_1420,windows-2022 py3.14,fixed_aggregate,12,28.730769230769234,success,36779196078,1,110104783743,9bafc3504,2026-09-30T21:39:59Z
post_1420,windows-2022 py3.14,fixed_per_conn,12,39.4375,success,36779196078,1,110104783743,9bafc3504,2026-09-30T21:39:59Z
post_1420,windows-2025 py3.14,fixed_aggregate,12,28.035714285714285,success,36779196078,1,110104783766,9bafc3504,2026-09-30T21:45:32Z
post_1420,windows-2025 py3.14,fixed_per_conn,12,39.42857142857142,success,36779196078,1,110104783766,9bafc3504,2026-09-30T21:45:32Z
post_1420,ubuntu-latest py3.14,fixed_aggregate,12,35.029411764705884,success,36778834765,1,110103575330,81498b197,2026-09-30T21:37:36Z
post_1420,ubuntu-latest py3.14,fixed_per_conn,12,39.0,success,36778834765,1,110103575330,81498b197,2026-09-30T21:37:36Z
post_1420,windows-2022 py3.14,fixed_aggregate,12,27.615384615384617,failure,36778834765,1,110103575323,81498b197,2026-09-30T21:35:53Z
post_1420,windows-2022 py3.14,fixed_per_conn,12,35.75,failure,36778834765,1,110103575323,81498b197,2026-09-30T21:35:53Z
post_1420,windows-2025 py3.14,fixed_aggregate,12,34.57142857142857,success,36778834765,1,110103575294,81498b197,2026-09-30T21:41:03Z
post_1420,windows-2025 py3.14,fixed_per_conn,12,35.470588235294116,success,36778834765,1,110103575294,81498b197,2026-09-30T21:41:03Z
post_1420,ubuntu-latest py3.14,fixed_aggregate,12,36.0,success,36778659669,1,110103020410,f86d6ea03,2026-09-30T21:35:32Z
post_1420,ubuntu-latest py3.14,fixed_per_conn,12,39.4375,success,36778659669,1,110103020410,f86d6ea03,2026-09-30T21:35:32Z
post_1420,windows-2022 py3.14,fixed_aggregate,12,16.7,success,36778659669,1,110103020370,f86d6ea03,2026-09-30T21:38:58Z
post_1420,windows-2022 py3.14,fixed_per_conn,12,40.07142857142857,success,36778659669,1,110103020370,f86d6ea03,2026-09-30T21:38:58Z
post_1420,windows-2025 py3.14,fixed_aggregate,12,28.384615384615387,success,36778659669,1,110103020708,f86d6ea03,2026-09-30T21:40:28Z
post_1420,windows-2025 py3.14,fixed_per_conn,12,39.199999999999996,success,36778659669,1,110103020708,f86d6ea03,2026-09-30T21:40:28Z
post_1420,ubuntu-latest py3.14,fixed_aggregate,12,31.818181818181817,success,36778009636,1,110100824075,b077ff5b9,2026-09-30T21:27:56Z
post_1420,ubuntu-latest py3.14,fixed_per_conn,12,37.23529411764706,success,36778009636,1,110100824075,b077ff5b9,2026-09-30T21:27:56Z
post_1420,windows-2022 py3.14,fixed_aggregate,12,22.37037037037037,success,36778009636,1,110100824266,b077ff5b9,2026-09-30T21:33:34Z
post_1420,windows-2022 py3.14,fixed_per_conn,12,39.705882352941174,success,36778009636,1,110100824266,b077ff5b9,2026-09-30T21:33:34Z
post_1420,windows-2025 py3.14,fixed_aggregate,12,33.0,success,36778009636,1,110100824143,b077ff5b9,2026-09-30T21:30:42Z
post_1420,windows-2025 py3.14,fixed_per_conn,12,39.125,success,36778009636,1,110100824143,b077ff5b9,2026-09-30T21:30:42Z
post_1420,ubuntu-latest py3.14,fixed_aggregate,12,36.5625,success,36777579425,1,110099361296,030beafa0,2026-09-30T21:23:14Z
post_1420,ubuntu-latest py3.14,fixed_per_conn,12,39.5,success,36777579425,1,110099361296,030beafa0,2026-09-30T21:23:14Z
post_1420,windows-2022 py3.14,fixed_aggregate,12,28.153846153846157,success,36777579425,1,110099361187,030beafa0,2026-09-30T21:28:52Z
post_1420,windows-2022 py3.14,fixed_per_conn,12,38.05882352941177,success,36777579425,1,110099361187,030beafa0,2026-09-30T21:28:52Z
post_1420,windows-2025 py3.14,fixed_aggregate,12,19.785714285714285,success,36777579425,1,110099361299,030beafa0,2026-09-30T21:30:03Z
post_1420,windows-2025 py3.14,fixed_per_conn,12,37.22222222222222,success,36777579425,1,110099361299,030beafa0,2026-09-30T21:30:03Z
post_1420,ubuntu-latest py3.14,fixed_aggregate,12,35.39393939393939,success,36777516336,1,110099183194,5531cd642,2026-09-30T21:25:00Z
post_1420,ubuntu-latest py3.14,fixed_per_conn,12,40.125,success,36777516336,1,110099183194,5531cd642,2026-09-30T21:25:00Z
post_1420,windows-2022 py3.14,fixed_aggregate,12,23.285714285714285,success,36777516336,1,110099183338,5531cd642,2026-09-30T21:29:13Z
post_1420,windows-2022 py3.14,fixed_per_conn,12,29.727272727272723,success,36777516336,1,110099183338,5531cd642,2026-09-30T21:29:13Z
post_1420,windows-2025 py3.14,fixed_aggregate,12,17.82051282051282,success,36777516336,1,110099183104,5531cd642,2026-09-30T21:34:00Z
post_1420,windows-2025 py3.14,fixed_per_conn,12,40.71428571428571,success,36777516336,1,110099183104,5531cd642,2026-09-30T21:34:00Z
post_1420,ubuntu-latest py3.14,fixed_aggregate,12,35.8,success,36776703085,1,110096419583,9bafc3504,2026-09-30T21:18:21Z
post_1420,ubuntu-latest py3.14,fixed_per_conn,12,36.88235294117648,success,36776703085,1,110096419583,9bafc3504,2026-09-30T21:18:21Z
post_1420,windows-2022 py3.14,fixed_aggregate,12,29.89655172413793,success,36776703085,1,110096419542,9bafc3504,2026-09-30T21:19:00Z
post_1420,windows-2022 py3.14,fixed_per_conn,12,26.41176470588235,success,36776703085,1,110096419542,9bafc3504,2026-09-30T21:19:00Z
post_1420,windows-2025 py3.14,fixed_aggregate,12,26.14814814814815,success,36776703085,1,110096419529,9bafc3504,2026-09-30T21:23:33Z
post_1420,windows-2025 py3.14,fixed_per_conn,12,39.35714285714286,success,36776703085,1,110096419529,9bafc3504,2026-09-30T21:23:33Z
post_1420,ubuntu-latest py3.14,fixed_aggregate,12,34.64705882352941,success,36775765394,1,110093229704,99ff8415e,2026-09-30T21:09:19Z
post_1420,ubuntu-latest py3.14,fixed_per_conn,12,37.411764705882355,success,36775765394,1,110093229704,99ff8415e,2026-09-30T21:09:19Z
post_1420,windows-2022 py3.14,fixed_aggregate,12,16.833333333333332,success,36775765394,1,110093229680,99ff8415e,2026-09-30T21:13:21Z
post_1420,windows-2022 py3.14,fixed_per_conn,12,33.07692307692308,success,36775765394,1,110093229680,99ff8415e,2026-09-30T21:13:21Z
post_1420,windows-2025 py3.14,fixed_aggregate,12,20.38235294117647,success,36775765394,1,110093229815,99ff8415e,2026-09-30T21:13:08Z
post_1420,windows-2025 py3.14,fixed_per_conn,12,40.1875,success,36775765394,1,110093229815,99ff8415e,2026-09-30T21:13:08Z
post_1420,ubuntu-latest py3.14,fixed_aggregate,12,36.24242424242424,success,36775572718,1,110092600121,b077ff5b9,2026-09-30T21:08:15Z
post_1420,ubuntu-latest py3.14,fixed_per_conn,12,38.625,success,36775572718,1,110092600121,b077ff5b9,2026-09-30T21:08:15Z
post_1420,windows-2022 py3.14,fixed_aggregate,12,14.0,success,36775572718,1,110092600104,b077ff5b9,2026-09-30T21:10:26Z
post_1420,windows-2022 py3.14,fixed_per_conn,12,39.5,success,36775572718,1,110092600104,b077ff5b9,2026-09-30T21:10:26Z
post_1420,windows-2025 py3.14,fixed_aggregate,12,33.15384615384615,success,36775572718,1,110092600310,b077ff5b9,2026-09-30T21:12:45Z
post_1420,windows-2025 py3.14,fixed_per_conn,12,39.666666666666664,success,36775572718,1,110092600310,b077ff5b9,2026-09-30T21:12:45Z
post_1420,ubuntu-latest py3.14,fixed_aggregate,12,35.75,success,36775025276,1,110090767853,5531cd642,2026-09-30T21:01:12Z
post_1420,ubuntu-latest py3.14,fixed_per_conn,12,38.5,success,36775025276,1,110090767853,5531cd642,2026-09-30T21:01:12Z
post_1420,windows-2022 py3.14,fixed_aggregate,12,16.738095238095237,success,36775025276,1,110090767798,5531cd642,2026-09-30T21:06:54Z
post_1420,windows-2022 py3.14,fixed_per_conn,12,38.66666666666667,success,36775025276,1,110090767798,5531cd642,2026-09-30T21:06:54Z
post_1420,windows-2025 py3.14,fixed_aggregate,12,26.615384615384617,success,36775025276,1,110090768736,5531cd642,2026-09-30T21:06:38Z
post_1420,windows-2025 py3.14,fixed_per_conn,12,39.8125,success,36775025276,1,110090768736,5531cd642,2026-09-30T21:06:38Z
post_1420,ubuntu-latest py3.14,fixed_aggregate,12,36.54545454545455,success,36775026450,1,110090753591,030beafa0,2026-09-30T21:02:05Z
post_1420,ubuntu-latest py3.14,fixed_per_conn,12,37.25,success,36775026450,1,110090753591,030beafa0,2026-09-30T21:02:05Z
post_1420,windows-2022 py3.14,fixed_aggregate,12,19.607142857142858,success,36775026450,1,110090753284,030beafa0,2026-09-30T21:06:36Z
post_1420,windows-2022 py3.14,fixed_per_conn,12,35.0,success,36775026450,1,110090753284,030beafa0,2026-09-30T21:06:36Z
post_1420,windows-2025 py3.14,fixed_aggregate,12,27.307692307692307,success,36775026450,1,110090753212,030beafa0,2026-09-30T21:08:49Z
post_1420,windows-2025 py3.14,fixed_per_conn,12,36.333333333333336,success,36775026450,1,110090753212,030beafa0,2026-09-30T21:08:49Z
post_1420,ubuntu-latest py3.14,fixed_aggregate,12,26.093750000000004,success,36775022870,1,110090766471,fc46ed5c5,2026-09-30T21:01:08Z
post_1420,ubuntu-latest py3.14,fixed_per_conn,12,39.0625,success,36775022870,1,110090766471,fc46ed5c5,2026-09-30T21:01:08Z
post_1420,windows-2022 py3.14,fixed_aggregate,12,18.26923076923077,success,36775022870,1,110090766538,fc46ed5c5,2026-09-30T21:06:25Z
post_1420,windows-2022 py3.14,fixed_per_conn,12,38.81818181818182,success,36775022870,1,110090766538,fc46ed5c5,2026-09-30T21:06:25Z
post_1420,windows-2025 py3.14,fixed_aggregate,12,25.033333333333335,success,36775022870,1,110090766561,fc46ed5c5,2026-09-30T21:08:25Z
post_1420,windows-2025 py3.14,fixed_per_conn,12,39.0,success,36775022870,1,110090766561,fc46ed5c5,2026-09-30T21:08:25Z
post_1420,ubuntu-latest py3.14,fixed_aggregate,12,35.470588235294116,success,36775020420,1,110090720660,ce8062dc2,2026-09-30T21:02:02Z
post_1420,ubuntu-latest py3.14,fixed_per_conn,12,37.29411764705882,success,36775020420,1,110090720660,ce8062dc2,2026-09-30T21:02:02Z
post_1420,windows-2022 py3.14,fixed_aggregate,12,24.97142857142857,success,36775020420,1,110090720684,ce8062dc2,2026-09-30T21:07:16Z
post_1420,windows-2022 py3.14,fixed_per_conn,12,41.13333333333334,success,36775020420,1,110090720684,ce8062dc2,2026-09-30T21:07:16Z
post_1420,windows-2025 py3.14,fixed_aggregate,12,26.444444444444443,success,36775020420,1,110090720656,ce8062dc2,2026-09-30T21:08:20Z
post_1420,windows-2025 py3.14,fixed_per_conn,12,37.41176470588235,success,36775020420,1,110090720656,ce8062dc2,2026-09-30T21:08:20Z
post_1420,ubuntu-latest py3.14,fixed_aggregate,12,35.48571428571428,success,36775019397,1,110090736586,4a04f4aa8,2026-09-30T21:04:18Z
post_1420,ubuntu-latest py3.14,fixed_per_conn,12,39.68749999999999,success,36775019397,1,110090736586,4a04f4aa8,2026-09-30T21:04:18Z
post_1420,windows-2022 py3.14,fixed_aggregate,12,23.884615384615383,success,36775019397,1,110090736560,4a04f4aa8,2026-09-30T21:06:23Z
post_1420,windows-2022 py3.14,fixed_per_conn,12,39.68749999999999,success,36775019397,1,110090736560,4a04f4aa8,2026-09-30T21:06:23Z
post_1420,windows-2025 py3.14,fixed_aggregate,12,24.666666666666668,success,36775019397,1,110090736502,4a04f4aa8,2026-09-30T21:08:26Z
post_1420,windows-2025 py3.14,fixed_per_conn,12,37.0,success,36775019397,1,110090736502,4a04f4aa8,2026-09-30T21:08:26Z
post_1420,ubuntu-latest py3.14,fixed_aggregate,12,35.6875,success,36774520528,1,110089093439,545529d3e,2026-09-30T20:59:15Z
post_1420,ubuntu-latest py3.14,fixed_per_conn,12,39.5625,success,36774520528,1,110089093439,545529d3e,2026-09-30T20:59:15Z
post_1420,windows-2022 py3.14,fixed_aggregate,12,25.642857142857146,success,36774520528,1,110089093862,545529d3e,2026-09-30T21:01:50Z
post_1420,windows-2022 py3.14,fixed_per_conn,12,34.16666666666667,success,36774520528,1,110089093862,545529d3e,2026-09-30T21:01:50Z
post_1420,windows-2025 py3.14,fixed_aggregate,12,25.97058823529412,success,36774520528,1,110089093703,545529d3e,2026-09-30T21:03:42Z
post_1420,windows-2025 py3.14,fixed_per_conn,12,36.9375,success,36774520528,1,110089093703,545529d3e,2026-09-30T21:03:42Z
post_1420,ubuntu-latest py3.14,fixed_aggregate,12,35.31428571428571,success,36774262085,1,110088180943,80b45f539,2026-09-30T20:56:56Z
post_1420,ubuntu-latest py3.14,fixed_per_conn,12,39.75,success,36774262085,1,110088180943,80b45f539,2026-09-30T20:56:56Z
post_1420,windows-2022 py3.14,fixed_aggregate,12,25.25925925925926,success,36774262085,1,110088180970,80b45f539,2026-09-30T20:59:38Z
post_1420,windows-2022 py3.14,fixed_per_conn,12,37.833333333333336,success,36774262085,1,110088180970,80b45f539,2026-09-30T20:59:38Z
post_1420,windows-2025 py3.14,fixed_aggregate,12,24.0,success,36774262085,1,110088180962,80b45f539,2026-09-30T21:01:11Z
post_1420,windows-2025 py3.14,fixed_per_conn,12,37.61111111111111,success,36774262085,1,110088180962,80b45f539,2026-09-30T21:01:11Z
post_1420,ubuntu-latest py3.14,fixed_aggregate,12,35.57575757575758,success,36774259088,1,110088193034,ef61271bf,2026-09-30T20:54:32Z
post_1420,ubuntu-latest py3.14,fixed_per_conn,12,37.23529411764706,success,36774259088,1,110088193034,ef61271bf,2026-09-30T20:54:32Z
post_1420,windows-2022 py3.14,fixed_aggregate,12,15.6046511627907,success,36774259088,1,110088193205,ef61271bf,2026-09-30T21:00:02Z
post_1420,windows-2022 py3.14,fixed_per_conn,12,35.11764705882353,success,36774259088,1,110088193205,ef61271bf,2026-09-30T21:00:02Z
post_1420,windows-2025 py3.14,fixed_aggregate,12,30.96153846153846,success,36774259088,1,110088193129,ef61271bf,2026-09-30T20:59:04Z
post_1420,windows-2025 py3.14,fixed_per_conn,12,33.23529411764706,success,36774259088,1,110088193129,ef61271bf,2026-09-30T20:59:04Z
post_1420,ubuntu-latest py3.14,fixed_aggregate,12,34.4,success,36774257359,1,110088177251,42081c61d,2026-09-30T20:56:32Z
post_1420,ubuntu-latest py3.14,fixed_per_conn,12,39.1875,success,36774257359,1,110088177251,42081c61d,2026-09-30T20:56:32Z
post_1420,windows-2022 py3.14,fixed_aggregate,12,20.5,success,36774257359,1,110088177222,42081c61d,2026-09-30T20:59:45Z
post_1420,windows-2022 py3.14,fixed_per_conn,12,22.55,success,36774257359,1,110088177222,42081c61d,2026-09-30T20:59:45Z
post_1420,windows-2025 py3.14,fixed_aggregate,12,21.676470588235293,success,36774257359,1,110088177204,42081c61d,2026-09-30T21:01:38Z
post_1420,windows-2025 py3.14,fixed_per_conn,12,39.8235294117647,success,36774257359,1,110088177204,42081c61d,2026-09-30T21:01:38Z
post_1420,ubuntu-latest py3.14,fixed_aggregate,12,36.294117647058826,success,36774254817,1,110088153372,c8e523212,2026-09-30T20:56:22Z
post_1420,ubuntu-latest py3.14,fixed_per_conn,12,39.8125,success,36774254817,1,110088153372,c8e523212,2026-09-30T20:56:22Z
post_1420,windows-2022 py3.14,fixed_aggregate,12,26.68571428571429,success,36774254817,1,110088153487,c8e523212,2026-09-30T21:00:04Z
post_1420,windows-2022 py3.14,fixed_per_conn,12,37.2,success,36774254817,1,110088153487,c8e523212,2026-09-30T21:00:04Z
post_1420,windows-2025 py3.14,fixed_aggregate,12,15.576923076923078,success,36774254817,1,110088153616,c8e523212,2026-09-30T21:01:11Z
post_1420,windows-2025 py3.14,fixed_per_conn,12,36.666666666666664,success,36774254817,1,110088153616,c8e523212,2026-09-30T21:01:11Z
post_1420,ubuntu-latest py3.14,fixed_aggregate,12,36.6,success,36774253322,1,110088143787,58215b43f,2026-09-30T20:57:07Z
post_1420,ubuntu-latest py3.14,fixed_per_conn,12,39.125,success,36774253322,1,110088143787,58215b43f,2026-09-30T20:57:07Z
post_1420,windows-2022 py3.14,fixed_aggregate,12,27.170731707317074,success,36774253322,1,110088143741,58215b43f,2026-09-30T20:59:25Z
post_1420,windows-2022 py3.14,fixed_per_conn,12,37.666666666666664,success,36774253322,1,110088143741,58215b43f,2026-09-30T20:59:25Z
post_1420,windows-2025 py3.14,fixed_aggregate,12,25.3125,success,36774253322,1,110088143739,58215b43f,2026-09-30T21:00:49Z
post_1420,windows-2025 py3.14,fixed_per_conn,12,34.705882352941174,success,36774253322,1,110088143739,58215b43f,2026-09-30T21:00:49Z
post_1420,ubuntu-latest py3.14,fixed_aggregate,12,35.352941176470594,success,36774249632,1,110088146109,9e3efc332,2026-09-30T20:57:02Z
post_1420,ubuntu-latest py3.14,fixed_per_conn,12,39.62500000000001,success,36774249632,1,110088146109,9e3efc332,2026-09-30T20:57:02Z
post_1420,windows-2022 py3.14,fixed_aggregate,12,26.424242424242422,success,36774249632,1,110088146235,9e3efc332,2026-09-30T20:58:37Z
post_1420,windows-2022 py3.14,fixed_per_conn,12,39.375,success,36774249632,1,110088146235,9e3efc332,2026-09-30T20:58:37Z
post_1420,windows-2025 py3.14,fixed_aggregate,12,26.78787878787879,success,36774249632,1,110088146298,9e3efc332,2026-09-30T21:01:19Z
post_1420,windows-2025 py3.14,fixed_per_conn,12,37.0,success,36774249632,1,110088146298,9e3efc332,2026-09-30T21:01:19Z
post_1420,ubuntu-latest py3.14,fixed_aggregate,12,34.352941176470594,success,36773665814,1,110086180496,615cbaee6,2026-09-30T20:52:23Z
post_1420,ubuntu-latest py3.14,fixed_per_conn,12,37.3125,success,36773665814,1,110086180496,615cbaee6,2026-09-30T20:52:23Z
post_1420,windows-2022 py3.14,fixed_aggregate,12,12.083333333333334,success,36773665814,1,110086180687,615cbaee6,2026-09-30T20:54:13Z
post_1420,windows-2022 py3.14,fixed_per_conn,12,39.23529411764706,success,36773665814,1,110086180687,615cbaee6,2026-09-30T20:54:13Z
post_1420,windows-2025 py3.14,fixed_aggregate,12,26.888888888888893,failure,36773665814,1,110086180435,615cbaee6,2026-09-30T20:56:29Z
post_1420,windows-2025 py3.14,fixed_per_conn,12,38.0625,failure,36773665814,1,110086180435,615cbaee6,2026-09-30T20:56:29Z
post_1420,ubuntu-latest py3.14,fixed_aggregate,12,35.269230769230774,success,36773088572,1,110084241854,c0e75ab92,2026-09-30T20:44:50Z
post_1420,ubuntu-latest py3.14,fixed_per_conn,12,36.9375,success,36773088572,1,110084241854,c0e75ab92,2026-09-30T20:44:50Z
post_1420,windows-2022 py3.14,fixed_aggregate,12,13.333333333333332,success,36773088572,1,110084241949,c0e75ab92,2026-09-30T20:51:14Z
post_1420,windows-2022 py3.14,fixed_per_conn,12,39.54545454545455,success,36773088572,1,110084241949,c0e75ab92,2026-09-30T20:51:14Z
post_1420,windows-2025 py3.14,fixed_aggregate,12,28.942857142857143,success,36773088572,1,110084241847,c0e75ab92,2026-09-30T20:51:05Z
post_1420,windows-2025 py3.14,fixed_per_conn,12,39.27272727272727,success,36773088572,1,110084241847,c0e75ab92,2026-09-30T20:51:05Z
post_1420,ubuntu-latest py3.14,fixed_aggregate,12,35.15151515151515,success,36771628396,1,110079342521,e03e380ed,2026-09-30T20:34:19Z
post_1420,ubuntu-latest py3.14,fixed_per_conn,12,39.125,success,36771628396,1,110079342521,e03e380ed,2026-09-30T20:34:19Z
post_1420,windows-2022 py3.14,fixed_aggregate,12,28.09090909090909,success,36771628396,1,110079342564,e03e380ed,2026-09-30T20:38:00Z
post_1420,windows-2022 py3.14,fixed_per_conn,12,38.0,success,36771628396,1,110079342564,e03e380ed,2026-09-30T20:38:00Z
post_1420,windows-2025 py3.14,fixed_aggregate,12,27.9,success,36771628396,1,110079342597,e03e380ed,2026-09-30T20:40:16Z
post_1420,windows-2025 py3.14,fixed_per_conn,12,39.266666666666666,success,36771628396,1,110079342597,e03e380ed,2026-09-30T20:40:16Z
post_1420,ubuntu-latest py3.14,fixed_aggregate,12,36.36363636363637,failure,36771575856,1,110079107821,ab989a96f,2026-09-30T20:33:30Z
post_1420,ubuntu-latest py3.14,fixed_per_conn,12,39.9375,failure,36771575856,1,110079107821,ab989a96f,2026-09-30T20:33:30Z
post_1420,windows-2022 py3.14,fixed_aggregate,12,27.692307692307693,failure,36771575856,1,110079107658,ab989a96f,2026-09-30T20:37:33Z
post_1420,windows-2022 py3.14,fixed_per_conn,12,39.8125,failure,36771575856,1,110079107658,ab989a96f,2026-09-30T20:37:33Z
post_1420,windows-2025 py3.14,fixed_aggregate,12,28.38461538461538,failure,36771575856,1,110079107946,ab989a96f,2026-09-30T20:38:38Z
post_1420,windows-2025 py3.14,fixed_per_conn,12,38.88235294117647,failure,36771575856,1,110079107946,ab989a96f,2026-09-30T20:38:38Z
post_1420,ubuntu-latest py3.14,fixed_aggregate,12,34.74285714285714,failure,36771571750,1,110079093145,b7fe4d2bb,2026-09-30T20:34:12Z
post_1420,ubuntu-latest py3.14,fixed_per_conn,12,39.6875,failure,36771571750,1,110079093145,b7fe4d2bb,2026-09-30T20:34:12Z
post_1420,windows-2022 py3.14,fixed_aggregate,12,13.474999999999998,failure,36771571750,1,110079093433,b7fe4d2bb,2026-09-30T20:37:21Z
post_1420,windows-2022 py3.14,fixed_per_conn,12,37.33333333333333,failure,36771571750,1,110079093433,b7fe4d2bb,2026-09-30T20:37:21Z
post_1420,windows-2025 py3.14,fixed_aggregate,12,27.294117647058826,failure,36771571750,1,110079093229,b7fe4d2bb,2026-09-30T20:40:02Z
post_1420,windows-2025 py3.14,fixed_per_conn,12,36.88235294117647,failure,36771571750,1,110079093229,b7fe4d2bb,2026-09-30T20:40:02Z
post_1420,ubuntu-latest py3.14,fixed_aggregate,12,35.85294117647059,failure,36771570717,1,110079096765,dd9466a2b,2026-09-30T20:36:00Z
post_1420,ubuntu-latest py3.14,fixed_per_conn,12,37.94117647058824,failure,36771570717,1,110079096765,dd9466a2b,2026-09-30T20:36:00Z
post_1420,windows-2022 py3.14,fixed_aggregate,12,27.23076923076923,failure,36771570717,1,110079096662,dd9466a2b,2026-09-30T20:33:23Z
post_1420,windows-2022 py3.14,fixed_per_conn,12,33.3125,failure,36771570717,1,110079096662,dd9466a2b,2026-09-30T20:33:23Z
post_1420,windows-2025 py3.14,fixed_aggregate,12,28.59259259259259,failure,36771570717,1,110079096609,dd9466a2b,2026-09-30T20:44:01Z
post_1420,windows-2025 py3.14,fixed_per_conn,12,37.55555555555556,failure,36771570717,1,110079096609,dd9466a2b,2026-09-30T20:44:01Z
post_1420,ubuntu-latest py3.14,fixed_aggregate,12,33.75757575757576,failure,36771567208,1,110079094573,e751de7e5,2026-09-30T20:30:09Z
post_1420,ubuntu-latest py3.14,fixed_per_conn,12,39.31250000000001,failure,36771567208,1,110079094573,e751de7e5,2026-09-30T20:30:09Z
post_1420,windows-2022 py3.14,fixed_aggregate,12,31.96153846153846,failure,36771567208,1,110079094346,e751de7e5,2026-09-30T20:33:19Z
post_1420,windows-2022 py3.14,fixed_per_conn,12,39.3125,failure,36771567208,1,110079094346,e751de7e5,2026-09-30T20:33:19Z
post_1420,windows-2025 py3.14,fixed_aggregate,12,30.807692307692307,failure,36771567208,1,110079094509,e751de7e5,2026-09-30T20:38:02Z
post_1420,windows-2025 py3.14,fixed_per_conn,12,39.642857142857146,failure,36771567208,1,110079094509,e751de7e5,2026-09-30T20:38:02Z
post_1420,ubuntu-latest py3.14,fixed_aggregate,12,35.14705882352941,success,36771564142,1,110079097818,544719a9c,2026-09-30T20:36:00Z
post_1420,ubuntu-latest py3.14,fixed_per_conn,12,40.375,success,36771564142,1,110079097818,544719a9c,2026-09-30T20:36:00Z
post_1420,windows-2022 py3.14,fixed_aggregate,12,29.807692307692307,success,36771564142,1,110079097964,544719a9c,2026-09-30T20:41:33Z
post_1420,windows-2022 py3.14,fixed_per_conn,12,35.5,success,36771564142,1,110079097964,544719a9c,2026-09-30T20:41:33Z
post_1420,windows-2025 py3.14,fixed_aggregate,12,24.346153846153843,success,36771564142,1,110079097933,544719a9c,2026-09-30T20:37:28Z
post_1420,windows-2025 py3.14,fixed_per_conn,12,34.0,success,36771564142,1,110079097933,544719a9c,2026-09-30T20:37:28Z
post_1420,ubuntu-latest py3.14,fixed_aggregate,12,36.303030303030305,success,36771561822,1,110079092204,9e3efc332,2026-09-30T20:30:04Z
post_1420,ubuntu-latest py3.14,fixed_per_conn,12,39.75,success,36771561822,1,110079092204,9e3efc332,2026-09-30T20:30:04Z
post_1420,windows-2022 py3.14,fixed_aggregate,12,14.073170731707316,success,36771561822,1,110079092369,9e3efc332,2026-09-30T20:36:37Z
post_1420,windows-2022 py3.14,fixed_per_conn,12,39.35294117647059,success,36771561822,1,110079092369,9e3efc332,2026-09-30T20:36:37Z
post_1420,windows-2025 py3.14,fixed_aggregate,12,25.23076923076923,success,36771561822,1,110079092308,9e3efc332,2026-09-30T20:38:44Z
post_1420,windows-2025 py3.14,fixed_per_conn,12,35.0,success,36771561822,1,110079092308,9e3efc332,2026-09-30T20:38:44Z
post_1420,ubuntu-latest py3.14,fixed_aggregate,12,36.294117647058826,success,36771560549,1,110079053741,a69b6f1eb,2026-09-30T20:28:53Z
post_1420,ubuntu-latest py3.14,fixed_per_conn,12,39.4,success,36771560549,1,110079053741,a69b6f1eb,2026-09-30T20:28:53Z
post_1420,windows-2022 py3.14,fixed_aggregate,12,20.888888888888886,success,36771560549,1,110079053745,a69b6f1eb,2026-09-30T20:37:32Z
post_1420,windows-2022 py3.14,fixed_per_conn,12,38.76470588235294,success,36771560549,1,110079053745,a69b6f1eb,2026-09-30T20:37:32Z
post_1420,windows-2025 py3.14,fixed_aggregate,12,31.57692307692308,success,36771560549,1,110079053742,a69b6f1eb,2026-09-30T20:35:44Z
post_1420,windows-2025 py3.14,fixed_per_conn,12,37.1875,success,36771560549,1,110079053742,a69b6f1eb,2026-09-30T20:35:44Z
post_1420,ubuntu-latest py3.14,fixed_aggregate,12,35.205882352941174,success,36771557785,1,110079043956,3a04d6191,2026-09-30T20:34:10Z
post_1420,ubuntu-latest py3.14,fixed_per_conn,12,39.75,success,36771557785,1,110079043956,3a04d6191,2026-09-30T20:34:10Z
post_1420,windows-2022 py3.14,fixed_aggregate,12,29.538461538461537,success,36771557785,1,110079043929,3a04d6191,2026-09-30T20:37:02Z
post_1420,windows-2022 py3.14,fixed_per_conn,12,39.1875,success,36771557785,1,110079043929,3a04d6191,2026-09-30T20:37:02Z
post_1420,windows-2025 py3.14,fixed_aggregate,12,18.146341463414632,success,36771557785,1,110079043770,3a04d6191,2026-09-30T20:39:36Z
post_1420,windows-2025 py3.14,fixed_per_conn,12,39.36363636363637,success,36771557785,1,110079043770,3a04d6191,2026-09-30T20:39:36Z
post_1420,ubuntu-latest py3.14,fixed_aggregate,12,35.529411764705884,success,36771551995,1,110079045576,a4c42c86e,2026-09-30T20:33:05Z
post_1420,ubuntu-latest py3.14,fixed_per_conn,12,39.125,success,36771551995,1,110079045576,a4c42c86e,2026-09-30T20:33:05Z
post_1420,windows-2022 py3.14,fixed_aggregate,12,24.08823529411764,success,36771551995,1,110079045472,a4c42c86e,2026-09-30T20:36:19Z
post_1420,windows-2022 py3.14,fixed_per_conn,12,36.588235294117645,success,36771551995,1,110079045472,a4c42c86e,2026-09-30T20:36:19Z
post_1420,windows-2025 py3.14,fixed_aggregate,12,26.6,success,36771551995,1,110079045399,a4c42c86e,2026-09-30T20:38:14Z
post_1420,windows-2025 py3.14,fixed_per_conn,12,34.13333333333333,success,36771551995,1,110079045399,a4c42c86e,2026-09-30T20:38:14Z
post_1420,ubuntu-latest py3.14,fixed_aggregate,12,35.72727272727273,success,36771468217,1,110078762527,1550bf9d9,2026-09-30T20:32:42Z
post_1420,ubuntu-latest py3.14,fixed_per_conn,12,39.125,success,36771468217,1,110078762527,1550bf9d9,2026-09-30T20:32:42Z
post_1420,windows-2022 py3.14,fixed_aggregate,12,24.642857142857146,success,36771468217,1,110078762614,1550bf9d9,2026-09-30T20:36:25Z
post_1420,windows-2022 py3.14,fixed_per_conn,12,38.588235294117645,success,36771468217,1,110078762614,1550bf9d9,2026-09-30T20:36:25Z
post_1420,windows-2025 py3.14,fixed_aggregate,12,28.484848484848484,success,36771468217,1,110078762431,1550bf9d9,2026-09-30T20:35:14Z
post_1420,windows-2025 py3.14,fixed_per_conn,12,38.0,success,36771468217,1,110078762431,1550bf9d9,2026-09-30T20:35:14Z
post_1420,ubuntu-latest py3.14,fixed_aggregate,12,35.73529411764706,failure,36770982317,1,110077107797,1b90087ea,2026-09-30T20:28:59Z
post_1420,ubuntu-latest py3.14,fixed_per_conn,12,39.625,failure,36770982317,1,110077107797,1b90087ea,2026-09-30T20:28:59Z
post_1420,windows-2022 py3.14,fixed_aggregate,12,24.363636363636363,failure,36770982317,1,110077107858,1b90087ea,2026-09-30T20:32:58Z
post_1420,windows-2022 py3.14,fixed_per_conn,12,39.53333333333333,failure,36770982317,1,110077107858,1b90087ea,2026-09-30T20:32:58Z
post_1420,windows-2025 py3.14,fixed_aggregate,12,23.80769230769231,failure,36770982317,1,110077107707,1b90087ea,2026-09-30T20:27:20Z
post_1420,windows-2025 py3.14,fixed_per_conn,12,38.88235294117647,failure,36770982317,1,110077107707,1b90087ea,2026-09-30T20:27:20Z
post_1420,ubuntu-latest py3.14,fixed_aggregate,12,35.45454545454545,success,36770040082,1,110073901386,13dde800b,2026-09-30T20:17:47Z
post_1420,ubuntu-latest py3.14,fixed_per_conn,12,37.375,success,36770040082,1,110073901386,13dde800b,2026-09-30T20:17:47Z
post_1420,windows-2022 py3.14,fixed_aggregate,12,27.629629629629626,failure,36770040082,1,110073901254,13dde800b,2026-09-30T20:23:34Z
post_1420,windows-2022 py3.14,fixed_per_conn,12,35.5625,failure,36770040082,1,110073901254,13dde800b,2026-09-30T20:23:34Z
post_1420,windows-2025 py3.14,fixed_aggregate,12,29.222222222222225,success,36770040082,1,110073901365,13dde800b,2026-09-30T20:25:45Z
post_1420,windows-2025 py3.14,fixed_per_conn,12,37.58823529411765,success,36770040082,1,110073901365,13dde800b,2026-09-30T20:25:45Z
post_1420,ubuntu-latest py3.14,fixed_aggregate,12,35.51428571428571,failure,36769079727,1,110071195882,93e5bc1a5,2026-09-30T20:14:50Z
post_1420,ubuntu-latest py3.14,fixed_per_conn,12,39.3125,failure,36769079727,1,110071195882,93e5bc1a5,2026-09-30T20:14:50Z
post_1420,windows-2022 py3.14,fixed_aggregate,12,25.366666666666667,failure,36769079727,1,110071195935,93e5bc1a5,2026-09-30T20:16:54Z
post_1420,windows-2022 py3.14,fixed_per_conn,12,39.76470588235294,failure,36769079727,1,110071195935,93e5bc1a5,2026-09-30T20:16:54Z
post_1420,windows-2025 py3.14,fixed_aggregate,12,26.75,failure,36769079727,1,110071196182,93e5bc1a5,2026-09-30T20:18:48Z
post_1420,windows-2025 py3.14,fixed_per_conn,12,39.29411764705882,failure,36769079727,1,110071196182,93e5bc1a5,2026-09-30T20:18:48Z
post_1420,ubuntu-latest py3.14,fixed_aggregate,12,33.628571428571426,failure,36769077791,1,110070707595,b1a2a3673,2026-09-30T20:13:23Z
post_1420,ubuntu-latest py3.14,fixed_per_conn,12,34.82352941176471,failure,36769077791,1,110070707595,b1a2a3673,2026-09-30T20:13:23Z
post_1420,windows-2022 py3.14,fixed_aggregate,12,19.73170731707317,failure,36769077791,1,110070707441,b1a2a3673,2026-09-30T20:13:24Z
post_1420,windows-2022 py3.14,fixed_per_conn,12,38.125,failure,36769077791,1,110070707441,b1a2a3673,2026-09-30T20:13:24Z
post_1420,windows-2025 py3.14,fixed_aggregate,12,29.666666666666668,failure,36769077791,1,110070707358,b1a2a3673,2026-09-30T20:16:11Z
post_1420,windows-2025 py3.14,fixed_per_conn,12,39.94117647058824,failure,36769077791,1,110070707358,b1a2a3673,2026-09-30T20:16:11Z
post_1420,ubuntu-latest py3.14,fixed_aggregate,12,36.114285714285714,failure,36769075261,1,110071084852,4f9d4493c,2026-09-30T20:14:04Z
post_1420,ubuntu-latest py3.14,fixed_per_conn,12,39.375,failure,36769075261,1,110071084852,4f9d4493c,2026-09-30T20:14:04Z
post_1420,windows-2022 py3.14,fixed_aggregate,12,25.25925925925926,failure,36769075261,1,110071085139,4f9d4493c,2026-09-30T20:16:44Z
post_1420,windows-2022 py3.14,fixed_per_conn,12,39.411764705882355,failure,36769075261,1,110071085139,4f9d4493c,2026-09-30T20:16:44Z
post_1420,windows-2025 py3.14,fixed_aggregate,12,32.30769230769231,failure,36769075261,1,110071084919,4f9d4493c,2026-09-30T20:17:47Z
post_1420,windows-2025 py3.14,fixed_per_conn,12,32.94117647058823,failure,36769075261,1,110071084919,4f9d4493c,2026-09-30T20:17:47Z
post_1420,ubuntu-latest py3.14,fixed_aggregate,12,36.3125,success,36769072696,1,110070642570,c957e6d13,2026-09-30T20:08:55Z
post_1420,ubuntu-latest py3.14,fixed_per_conn,12,40.75,success,36769072696,1,110070642570,c957e6d13,2026-09-30T20:08:55Z
post_1420,windows-2022 py3.14,fixed_aggregate,12,28.13793103448276,success,36769072696,1,110070642652,c957e6d13,2026-09-30T20:12:03Z
post_1420,windows-2022 py3.14,fixed_per_conn,12,37.0,success,36769072696,1,110070642652,c957e6d13,2026-09-30T20:12:03Z
post_1420,windows-2025 py3.14,fixed_aggregate,12,26.720000000000002,success,36769072696,1,110070642471,c957e6d13,2026-09-30T20:16:55Z
post_1420,windows-2025 py3.14,fixed_per_conn,12,37.23529411764706,success,36769072696,1,110070642471,c957e6d13,2026-09-30T20:16:55Z
post_1420,ubuntu-latest py3.14,fixed_aggregate,12,34.44117647058824,success,36769070987,1,110070643069,8fbeefce4,2026-09-30T20:09:43Z
post_1420,ubuntu-latest py3.14,fixed_per_conn,12,40.375,success,36769070987,1,110070643069,8fbeefce4,2026-09-30T20:09:43Z
post_1420,windows-2022 py3.14,fixed_aggregate,12,23.666666666666668,success,36769070987,1,110070643067,8fbeefce4,2026-09-30T20:15:38Z
post_1420,windows-2022 py3.14,fixed_per_conn,12,38.26666666666667,success,36769070987,1,110070643067,8fbeefce4,2026-09-30T20:15:38Z
post_1420,windows-2025 py3.14,fixed_aggregate,12,26.346153846153847,success,36769070987,1,110070643146,8fbeefce4,2026-09-30T20:17:32Z
post_1420,windows-2025 py3.14,fixed_per_conn,12,38.76470588235294,success,36769070987,1,110070643146,8fbeefce4,2026-09-30T20:17:32Z
post_1420,ubuntu-latest py3.14,fixed_aggregate,12,35.68571428571429,success,36769069995,1,110070611455,492adf140,2026-09-30T20:13:44Z
post_1420,ubuntu-latest py3.14,fixed_per_conn,12,39.125,success,36769069995,1,110070611455,492adf140,2026-09-30T20:13:44Z
post_1420,windows-2022 py3.14,fixed_aggregate,12,22.080000000000002,success,36769069995,1,110070611607,492adf140,2026-09-30T20:15:25Z
post_1420,windows-2022 py3.14,fixed_per_conn,12,38.90909090909091,success,36769069995,1,110070611607,492adf140,2026-09-30T20:15:25Z
post_1420,windows-2025 py3.14,fixed_aggregate,12,31.178571428571427,success,36769069995,1,110070611348,492adf140,2026-09-30T20:15:38Z
post_1420,windows-2025 py3.14,fixed_per_conn,12,38.88235294117647,success,36769069995,1,110070611348,492adf140,2026-09-30T20:15:38Z
post_1420,ubuntu-latest py3.14,fixed_aggregate,12,36.57575757575758,success,36769066922,1,110070595067,a4c42c86e,2026-09-30T20:06:44Z
post_1420,ubuntu-latest py3.14,fixed_per_conn,12,38.9375,success,36769066922,1,110070595067,a4c42c86e,2026-09-30T20:06:44Z
post_1420,windows-2022 py3.14,fixed_aggregate,12,25.457142857142856,success,36769066922,1,110070595119,a4c42c86e,2026-09-30T20:15:32Z
post_1420,windows-2022 py3.14,fixed_per_conn,12,37.82352941176471,success,36769066922,1,110070595119,a4c42c86e,2026-09-30T20:15:32Z
post_1420,windows-2025 py3.14,fixed_aggregate,12,44.77777777777778,success,36769066922,1,110070595040,a4c42c86e,2026-09-30T20:16:59Z
post_1420,windows-2025 py3.14,fixed_per_conn,12,15.100000000000001,success,36769066922,1,110070595040,a4c42c86e,2026-09-30T20:16:59Z
post_1420,ubuntu-latest py3.14,fixed_aggregate,12,34.63636363636363,success,36769067995,1,110070608458,8c6d1b144,2026-09-30T20:12:55Z
post_1420,ubuntu-latest py3.14,fixed_per_conn,12,39.75,success,36769067995,1,110070608458,8c6d1b144,2026-09-30T20:12:55Z
post_1420,windows-2022 py3.14,fixed_aggregate,12,19.256410256410255,success,36769067995,1,110070608433,8c6d1b144,2026-09-30T20:16:02Z
post_1420,windows-2022 py3.14,fixed_per_conn,12,39.5625,success,36769067995,1,110070608433,8c6d1b144,2026-09-30T20:16:02Z
post_1420,windows-2025 py3.14,fixed_aggregate,12,19.050000000000004,success,36769067995,1,110070608440,8c6d1b144,2026-09-30T20:18:37Z
post_1420,windows-2025 py3.14,fixed_per_conn,12,35.37499999999999,success,36769067995,1,110070608440,8c6d1b144,2026-09-30T20:18:37Z
post_1420,ubuntu-latest py3.14,fixed_aggregate,12,26.90625,success,36769064470,1,110070586564,1550bf9d9,2026-09-30T20:10:04Z
post_1420,ubuntu-latest py3.14,fixed_per_conn,12,39.8125,success,36769064470,1,110070586564,1550bf9d9,2026-09-30T20:10:04Z
post_1420,windows-2022 py3.14,fixed_aggregate,12,27.23529411764706,success,36769064470,1,110070586597,1550bf9d9,2026-09-30T20:15:55Z
post_1420,windows-2022 py3.14,fixed_per_conn,12,35.94117647058823,success,36769064470,1,110070586597,1550bf9d9,2026-09-30T20:15:55Z
post_1420,windows-2025 py3.14,fixed_aggregate,12,20.807692307692303,success,36769064470,1,110070586745,1550bf9d9,2026-09-30T20:16:11Z
post_1420,windows-2025 py3.14,fixed_per_conn,12,39.0625,success,36769064470,1,110070586745,1550bf9d9,2026-09-30T20:16:11Z
post_1420,ubuntu-latest py3.14,fixed_aggregate,12,35.4375,failure,36768009392,1,110067109563,63aa11f55,2026-09-30T20:00:45Z
post_1420,ubuntu-latest py3.14,fixed_per_conn,12,40.125,failure,36768009392,1,110067109563,63aa11f55,2026-09-30T20:00:45Z
post_1420,windows-2022 py3.14,fixed_aggregate,12,19.025641025641026,failure,36768009392,1,110067109519,63aa11f55,2026-09-30T20:05:59Z
post_1420,windows-2022 py3.14,fixed_per_conn,12,39.75,failure,36768009392,1,110067109519,63aa11f55,2026-09-30T20:05:59Z
post_1420,windows-2025 py3.14,fixed_aggregate,12,24.794117647058826,failure,36768009392,1,110067109645,63aa11f55,2026-09-30T20:08:26Z
post_1420,windows-2025 py3.14,fixed_per_conn,12,39.29411764705882,failure,36768009392,1,110067109645,63aa11f55,2026-09-30T20:08:26Z
post_1420,ubuntu-latest py3.14,fixed_aggregate,12,35.61764705882353,failure,36768004433,1,110067028947,fd0eca527,2026-09-30T20:04:44Z
post_1420,ubuntu-latest py3.14,fixed_per_conn,12,39.125,failure,36768004433,1,110067028947,fd0eca527,2026-09-30T20:04:44Z
post_1420,windows-2022 py3.14,fixed_aggregate,12,31.30769230769231,failure,36768004433,1,110067028951,fd0eca527,2026-09-30T20:02:25Z
post_1420,windows-2022 py3.14,fixed_per_conn,12,37.5,failure,36768004433,1,110067028951,fd0eca527,2026-09-30T20:02:25Z
post_1420,windows-2025 py3.14,fixed_aggregate,12,28.076923076923077,failure,36768004433,1,110067028926,fd0eca527,2026-09-30T20:08:00Z
post_1420,windows-2025 py3.14,fixed_per_conn,12,25.52631578947368,failure,36768004433,1,110067028926,fd0eca527,2026-09-30T20:08:00Z
post_1420,ubuntu-latest py3.14,fixed_aggregate,12,35.45454545454545,success,36768000924,1,110067066621,be4103215,2026-09-30T19:59:21Z
post_1420,ubuntu-latest py3.14,fixed_per_conn,12,35.0,success,36768000924,1,110067066621,be4103215,2026-09-30T19:59:21Z
post_1420,windows-2022 py3.14,fixed_aggregate,12,25.441176470588232,success,36768000924,1,110067066619,be4103215,2026-09-30T20:04:25Z
post_1420,windows-2022 py3.14,fixed_per_conn,12,38.9375,success,36768000924,1,110067066619,be4103215,2026-09-30T20:04:25Z
post_1420,windows-2025 py3.14,fixed_aggregate,12,28.625,success,36768000924,1,110067067393,be4103215,2026-09-30T20:08:21Z
post_1420,windows-2025 py3.14,fixed_per_conn,12,37.76470588235294,success,36768000924,1,110067067393,be4103215,2026-09-30T20:08:21Z
post_1420,ubuntu-latest py3.14,fixed_aggregate,12,36.6764705882353,success,36768001450,1,110067267235,2ba19ea86,2026-09-30T20:04:46Z
post_1420,ubuntu-latest py3.14,fixed_per_conn,12,39.125,success,36768001450,1,110067267235,2ba19ea86,2026-09-30T20:04:46Z
post_1420,windows-2022 py3.14,fixed_aggregate,12,20.18918918918919,success,36768001450,1,110067267318,2ba19ea86,2026-09-30T20:08:03Z
post_1420,windows-2022 py3.14,fixed_per_conn,12,39.75,success,36768001450,1,110067267318,2ba19ea86,2026-09-30T20:08:03Z
post_1420,windows-2025 py3.14,fixed_aggregate,12,27.87878787878788,success,36768001450,1,110067267236,2ba19ea86,2026-09-30T20:09:14Z
post_1420,windows-2025 py3.14,fixed_per_conn,12,37.46666666666667,success,36768001450,1,110067267236,2ba19ea86,2026-09-30T20:09:14Z
post_1420,ubuntu-latest py3.14,fixed_aggregate,12,34.529411764705884,success,36768001978,1,110067044245,30568f246,2026-09-30T20:04:27Z
post_1420,ubuntu-latest py3.14,fixed_per_conn,12,39.18749999999999,success,36768001978,1,110067044245,30568f246,2026-09-30T20:04:27Z
post_1420,windows-2022 py3.14,fixed_aggregate,12,27.57692307692308,success,36768001978,1,110067044403,30568f246,2026-09-30T20:06:33Z
post_1420,windows-2022 py3.14,fixed_per_conn,12,37.1764705882353,success,36768001978,1,110067044403,30568f246,2026-09-30T20:06:33Z
post_1420,windows-2025 py3.14,fixed_aggregate,12,29.26923076923077,success,36768001978,1,110067044461,30568f246,2026-09-30T20:05:12Z
post_1420,windows-2025 py3.14,fixed_per_conn,12,38.647058823529406,success,36768001978,1,110067044461,30568f246,2026-09-30T20:05:12Z
post_1420,ubuntu-latest py3.14,fixed_aggregate,12,34.22857142857143,failure,36767996345,1,110067020678,960eed48e,2026-09-30T20:02:28Z
post_1420,ubuntu-latest py3.14,fixed_per_conn,12,39.12499999999999,failure,36767996345,1,110067020678,960eed48e,2026-09-30T20:02:28Z
post_1420,windows-2022 py3.14,fixed_aggregate,12,25.76923076923077,success,36767996345,1,110067020652,960eed48e,2026-09-30T20:06:31Z
post_1420,windows-2022 py3.14,fixed_per_conn,12,39.411764705882355,success,36767996345,1,110067020652,960eed48e,2026-09-30T20:06:31Z
post_1420,windows-2025 py3.14,fixed_aggregate,12,28.258064516129032,success,36767996345,1,110067020743,960eed48e,2026-09-30T20:03:07Z
post_1420,windows-2025 py3.14,fixed_per_conn,12,38.56250000000001,success,36767996345,1,110067020743,960eed48e,2026-09-30T20:03:07Z
post_1420,ubuntu-latest py3.14,fixed_aggregate,12,34.91176470588235,success,36767994538,1,110067032379,935a0ea95,2026-09-30T20:04:24Z
post_1420,ubuntu-latest py3.14,fixed_per_conn,12,39.6875,success,36767994538,1,110067032379,935a0ea95,2026-09-30T20:04:24Z
post_1420,windows-2022 py3.14,fixed_aggregate,12,16.631578947368418,success,36767994538,1,110067032381,935a0ea95,2026-09-30T20:07:52Z
post_1420,windows-2022 py3.14,fixed_per_conn,12,38.9375,success,36767994538,1,110067032381,935a0ea95,2026-09-30T20:07:52Z
post_1420,windows-2025 py3.14,fixed_aggregate,12,29.06666666666667,failure,36767994538,1,110067032225,935a0ea95,2026-09-30T20:09:21Z
post_1420,windows-2025 py3.14,fixed_per_conn,12,38.117647058823536,failure,36767994538,1,110067032225,935a0ea95,2026-09-30T20:09:21Z
post_1420,ubuntu-latest py3.14,fixed_aggregate,12,36.294117647058826,success,36767993432,1,110067021227,d866ad9da,2026-09-30T20:04:08Z
post_1420,ubuntu-latest py3.14,fixed_per_conn,12,37.5625,success,36767993432,1,110067021227,d866ad9da,2026-09-30T20:04:08Z
post_1420,windows-2022 py3.14,fixed_aggregate,12,22.96666666666667,success,36767993432,1,110067021343,d866ad9da,2026-09-30T20:05:35Z
post_1420,windows-2022 py3.14,fixed_per_conn,12,35.5625,success,36767993432,1,110067021343,d866ad9da,2026-09-30T20:05:35Z
post_1420,windows-2025 py3.14,fixed_aggregate,12,27.599999999999998,success,36767993432,1,110067021241,d866ad9da,2026-09-30T20:08:54Z
post_1420,windows-2025 py3.14,fixed_per_conn,12,39.5625,success,36767993432,1,110067021241,d866ad9da,2026-09-30T20:08:54Z
post_1420,ubuntu-latest py3.14,fixed_aggregate,12,35.21212121212122,success,36767990913,1,110067220470,90f675caf,2026-09-30T20:03:35Z
post_1420,ubuntu-latest py3.14,fixed_per_conn,12,39.8125,success,36767990913,1,110067220470,90f675caf,2026-09-30T20:03:35Z
post_1420,windows-2022 py3.14,fixed_aggregate,12,17.75862068965517,success,36767990913,1,110067220522,90f675caf,2026-09-30T20:06:37Z
post_1420,windows-2022 py3.14,fixed_per_conn,12,38.64705882352941,success,36767990913,1,110067220522,90f675caf,2026-09-30T20:06:37Z
post_1420,windows-2025 py3.14,fixed_aggregate,12,32.769230769230774,success,36767990913,1,110067220282,90f675caf,2026-09-30T20:08:32Z
post_1420,windows-2025 py3.14,fixed_per_conn,12,37.294117647058826,success,36767990913,1,110067220282,90f675caf,2026-09-30T20:08:32Z
post_1420,ubuntu-latest py3.14,fixed_aggregate,12,36.84375,success,36767804903,1,110066384438,5b88b67fa,2026-09-30T19:57:04Z
post_1420,ubuntu-latest py3.14,fixed_per_conn,12,39.58823529411765,success,36767804903,1,110066384438,5b88b67fa,2026-09-30T19:57:04Z
post_1420,windows-2022 py3.14,fixed_aggregate,12,23.703703703703706,success,36767804903,1,110066384306,5b88b67fa,2026-09-30T20:04:24Z
post_1420,windows-2022 py3.14,fixed_per_conn,12,39.75,success,36767804903,1,110066384306,5b88b67fa,2026-09-30T20:04:24Z
post_1420,windows-2025 py3.14,fixed_aggregate,12,22.294117647058826,success,36767804903,1,110066384379,5b88b67fa,2026-09-30T20:05:48Z
post_1420,windows-2025 py3.14,fixed_per_conn,12,34.75,success,36767804903,1,110066384379,5b88b67fa,2026-09-30T20:05:48Z
post_1420,ubuntu-latest py3.14,fixed_aggregate,12,36.484848484848484,failure,36767120776,1,110064331060,b8bc79459,2026-09-30T19:52:28Z
post_1420,ubuntu-latest py3.14,fixed_per_conn,12,39.25,failure,36767120776,1,110064331060,b8bc79459,2026-09-30T19:52:28Z
post_1420,windows-2022 py3.14,fixed_aggregate,12,28.676470588235293,failure,36767120776,1,110064331067,b8bc79459,2026-09-30T19:58:23Z
post_1420,windows-2022 py3.14,fixed_per_conn,12,39.75,failure,36767120776,1,110064331067,b8bc79459,2026-09-30T19:58:23Z
post_1420,windows-2025 py3.14,fixed_aggregate,12,28.576923076923073,failure,36767120776,1,110064331026,b8bc79459,2026-09-30T20:00:41Z
post_1420,windows-2025 py3.14,fixed_per_conn,12,37.75,failure,36767120776,1,110064331026,b8bc79459,2026-09-30T20:00:41Z
post_1420,ubuntu-latest py3.14,fixed_aggregate,12,35.57142857142857,failure,36767010799,1,110064146884,a3ea1b73d,2026-09-30T19:56:25Z
post_1420,ubuntu-latest py3.14,fixed_per_conn,12,39.68749999999999,failure,36767010799,1,110064146884,a3ea1b73d,2026-09-30T19:56:25Z
post_1420,windows-2022 py3.14,fixed_aggregate,12,21.25806451612903,failure,36767010799,1,110064146919,a3ea1b73d,2026-09-30T19:58:40Z
post_1420,windows-2022 py3.14,fixed_per_conn,12,36.285714285714285,failure,36767010799,1,110064146919,a3ea1b73d,2026-09-30T19:58:40Z
post_1420,windows-2025 py3.14,fixed_aggregate,12,27.115384615384617,failure,36767010799,1,110064147002,a3ea1b73d,2026-09-30T20:02:03Z
post_1420,windows-2025 py3.14,fixed_per_conn,12,39.57142857142857,failure,36767010799,1,110064147002,a3ea1b73d,2026-09-30T20:02:03Z
post_1420,ubuntu-latest py3.14,fixed_aggregate,12,35.939393939393945,success,36767008510,1,110063859248,f53798853,2026-09-30T19:54:58Z
post_1420,ubuntu-latest py3.14,fixed_per_conn,12,40.0625,success,36767008510,1,110063859248,f53798853,2026-09-30T19:54:58Z
post_1420,windows-2022 py3.14,fixed_aggregate,12,26.96153846153846,success,36767008510,1,110063859260,f53798853,2026-09-30T19:58:30Z
post_1420,windows-2022 py3.14,fixed_per_conn,12,39.25,success,36767008510,1,110063859260,f53798853,2026-09-30T19:58:30Z
post_1420,windows-2025 py3.14,fixed_aggregate,12,28.26923076923077,success,36767008510,1,110063859347,f53798853,2026-09-30T19:59:49Z
post_1420,windows-2025 py3.14,fixed_per_conn,12,37.05882352941176,success,36767008510,1,110063859347,f53798853,2026-09-30T19:59:49Z
post_1420,ubuntu-latest py3.14,fixed_aggregate,12,35.68571428571428,success,36767005517,1,110063779389,b8cbdcef5,2026-09-30T19:55:03Z
post_1420,ubuntu-latest py3.14,fixed_per_conn,12,38.125,success,36767005517,1,110063779389,b8cbdcef5,2026-09-30T19:55:03Z
post_1420,windows-2022 py3.14,fixed_aggregate,12,17.285714285714285,success,36767005517,1,110063779650,b8cbdcef5,2026-09-30T20:02:28Z
post_1420,windows-2022 py3.14,fixed_per_conn,12,35.93750000000001,success,36767005517,1,110063779650,b8cbdcef5,2026-09-30T20:02:28Z
post_1420,windows-2025 py3.14,fixed_aggregate,12,31.742857142857144,success,36767005517,1,110063779405,b8cbdcef5,2026-09-30T19:57:54Z
post_1420,windows-2025 py3.14,fixed_per_conn,12,38.52941176470588,success,36767005517,1,110063779405,b8cbdcef5,2026-09-30T19:57:54Z
post_1420,ubuntu-latest py3.14,fixed_aggregate,12,34.63636363636364,success,36767003872,1,110063660801,d091c2e60,2026-09-30T19:54:56Z
post_1420,ubuntu-latest py3.14,fixed_per_conn,12,39.75,success,36767003872,1,110063660801,d091c2e60,2026-09-30T19:54:56Z
post_1420,windows-2022 py3.14,fixed_aggregate,12,17.045454545454543,success,36767003872,1,110063660741,d091c2e60,2026-09-30T19:57:26Z
post_1420,windows-2022 py3.14,fixed_per_conn,12,36.64705882352941,success,36767003872,1,110063660741,d091c2e60,2026-09-30T19:57:26Z
post_1420,windows-2025 py3.14,fixed_aggregate,12,23.37037037037037,success,36767003872,1,110063660723,d091c2e60,2026-09-30T19:59:32Z
post_1420,windows-2025 py3.14,fixed_per_conn,12,37.13333333333333,success,36767003872,1,110063660723,d091c2e60,2026-09-30T19:59:32Z
post_1420,ubuntu-latest py3.14,fixed_aggregate,12,36.41176470588235,success,36767002550,1,110063687293,810a317f5,2026-09-30T19:56:22Z
post_1420,ubuntu-latest py3.14,fixed_per_conn,12,39.8125,success,36767002550,1,110063687293,810a317f5,2026-09-30T19:56:22Z
post_1420,windows-2022 py3.14,fixed_aggregate,12,17.435897435897438,success,36767002550,1,110063687335,810a317f5,2026-09-30T19:59:39Z
post_1420,windows-2022 py3.14,fixed_per_conn,12,39.72727272727273,success,36767002550,1,110063687335,810a317f5,2026-09-30T19:59:39Z
post_1420,windows-2025 py3.14,fixed_aggregate,12,19.121951219512194,success,36767002550,1,110063687428,810a317f5,2026-09-30T19:59:26Z
post_1420,windows-2025 py3.14,fixed_per_conn,12,37.23529411764706,success,36767002550,1,110063687428,810a317f5,2026-09-30T19:59:26Z
post_1420,ubuntu-latest py3.14,fixed_aggregate,12,35.44117647058824,success,36767000330,1,110063687242,c2135b11a,2026-09-30T19:52:00Z
post_1420,ubuntu-latest py3.14,fixed_per_conn,12,39.75,success,36767000330,1,110063687242,c2135b11a,2026-09-30T19:52:00Z
post_1420,windows-2022 py3.14,fixed_aggregate,12,32.69230769230769,success,36767000330,1,110063687425,c2135b11a,2026-09-30T19:56:06Z
post_1420,windows-2022 py3.14,fixed_per_conn,12,36.294117647058826,success,36767000330,1,110063687425,c2135b11a,2026-09-30T19:56:06Z
post_1420,windows-2025 py3.14,fixed_aggregate,12,24.8,success,36767000330,1,110063687183,c2135b11a,2026-09-30T19:59:32Z
post_1420,windows-2025 py3.14,fixed_per_conn,12,39.125,success,36767000330,1,110063687183,c2135b11a,2026-09-30T19:59:32Z
post_1420,ubuntu-latest py3.14,fixed_aggregate,12,33.42857142857143,success,36766998289,1,110063647647,9382a7c63,2026-09-30T19:55:51Z
post_1420,ubuntu-latest py3.14,fixed_per_conn,12,36.875,success,36766998289,1,110063647647,9382a7c63,2026-09-30T19:55:51Z
post_1420,windows-2022 py3.14,fixed_aggregate,12,18.925925925925927,success,36766998289,1,110063646946,9382a7c63,2026-09-30T19:57:26Z
post_1420,windows-2022 py3.14,fixed_per_conn,12,39.0,success,36766998289,1,110063646946,9382a7c63,2026-09-30T19:57:26Z
post_1420,windows-2025 py3.14,fixed_aggregate,12,29.846153846153847,success,36766998289,1,110063646917,9382a7c63,2026-09-30T19:58:30Z
post_1420,windows-2025 py3.14,fixed_per_conn,12,40.46666666666667,success,36766998289,1,110063646917,9382a7c63,2026-09-30T19:58:30Z
post_1420,ubuntu-latest py3.14,fixed_aggregate,12,35.24242424242424,success,36766996620,1,110063652010,c60e9b334,2026-09-30T19:57:12Z
post_1420,ubuntu-latest py3.14,fixed_per_conn,12,38.625,success,36766996620,1,110063652010,c60e9b334,2026-09-30T19:57:12Z
post_1420,windows-2022 py3.14,fixed_aggregate,12,16.43243243243243,success,36766996620,1,110063652039,c60e9b334,2026-09-30T19:58:09Z
post_1420,windows-2022 py3.14,fixed_per_conn,12,37.411764705882355,success,36766996620,1,110063652039,c60e9b334,2026-09-30T19:58:09Z
post_1420,windows-2025 py3.14,fixed_aggregate,12,30.13888888888889,success,36766996620,1,110063651984,c60e9b334,2026-09-30T19:58:40Z
post_1420,windows-2025 py3.14,fixed_per_conn,12,39.1764705882353,success,36766996620,1,110063651984,c60e9b334,2026-09-30T19:58:40Z
post_1420,ubuntu-latest py3.14,fixed_aggregate,12,35.852941176470594,success,36766994391,1,110064499751,08074ada2,2026-09-30T19:56:30Z
post_1420,ubuntu-latest py3.14,fixed_per_conn,12,39.8125,success,36766994391,1,110064499751,08074ada2,2026-09-30T19:56:30Z
post_1420,windows-2022 py3.14,fixed_aggregate,12,18.414634146341463,success,36766994391,1,110064499809,08074ada2,2026-09-30T19:59:24Z
post_1420,windows-2022 py3.14,fixed_per_conn,12,39.23529411764706,success,36766994391,1,110064499809,08074ada2,2026-09-30T19:59:24Z
post_1420,windows-2025 py3.14,fixed_aggregate,12,18.67857142857143,success,36766994391,1,110064499770,08074ada2,2026-09-30T20:08:27Z
post_1420,windows-2025 py3.14,fixed_per_conn,12,39.18181818181819,success,36766994391,1,110064499770,08074ada2,2026-09-30T20:08:27Z
post_1420,ubuntu-latest py3.14,fixed_aggregate,12,30.312499999999996,success,36766994578,1,110063656930,3bc810ead,2026-09-30T19:53:01Z
post_1420,ubuntu-latest py3.14,fixed_per_conn,12,35.6875,success,36766994578,1,110063656930,3bc810ead,2026-09-30T19:53:01Z
post_1420,windows-2022 py3.14,fixed_aggregate,12,26.84615384615385,success,36766994578,1,110063657170,3bc810ead,2026-09-30T19:57:18Z
post_1420,windows-2022 py3.14,fixed_per_conn,12,37.5,success,36766994578,1,110063657170,3bc810ead,2026-09-30T19:57:18Z
post_1420,windows-2025 py3.14,fixed_aggregate,12,21.243902439024392,success,36766994578,1,110063656921,3bc810ead,2026-09-30T19:58:51Z
post_1420,windows-2025 py3.14,fixed_per_conn,12,35.666666666666664,success,36766994578,1,110063656921,3bc810ead,2026-09-30T19:58:51Z
post_1420,ubuntu-latest py3.14,fixed_aggregate,12,36.79411764705882,success,36766989896,1,110063791109,21c033985,2026-09-30T19:55:18Z
post_1420,ubuntu-latest py3.14,fixed_per_conn,12,39.6875,success,36766989896,1,110063791109,21c033985,2026-09-30T19:55:18Z
post_1420,windows-2022 py3.14,fixed_aggregate,12,17.175,success,36766989896,1,110063791152,21c033985,2026-09-30T19:57:56Z
post_1420,windows-2022 py3.14,fixed_per_conn,12,38.25,success,36766989896,1,110063791152,21c033985,2026-09-30T19:57:56Z
post_1420,windows-2025 py3.14,fixed_aggregate,12,17.8,success,36766989896,1,110063791082,21c033985,2026-09-30T19:55:15Z
post_1420,windows-2025 py3.14,fixed_per_conn,12,37.35294117647059,success,36766989896,1,110063791082,21c033985,2026-09-30T19:55:15Z
post_1420,ubuntu-latest py3.14,fixed_aggregate,12,33.86111111111111,success,36766549978,1,110062148184,e8f7c8469,2026-09-30T19:49:37Z
post_1420,ubuntu-latest py3.14,fixed_per_conn,12,39.8125,success,36766549978,1,110062148184,e8f7c8469,2026-09-30T19:49:37Z
post_1420,windows-2022 py3.14,fixed_aggregate,12,28.73076923076923,success,36766549978,1,110062147984,e8f7c8469,2026-09-30T19:54:08Z
post_1420,windows-2022 py3.14,fixed_per_conn,12,39.23529411764706,success,36766549978,1,110062147984,e8f7c8469,2026-09-30T19:54:08Z
post_1420,windows-2025 py3.14,fixed_aggregate,12,24.79310344827586,success,36766549978,1,110062148136,e8f7c8469,2026-09-30T19:55:11Z
post_1420,windows-2025 py3.14,fixed_per_conn,12,32.21428571428571,success,36766549978,1,110062148136,e8f7c8469,2026-09-30T19:55:11Z
post_1420,ubuntu-latest py3.14,fixed_aggregate,12,62.75,success,36765946088,1,110060120907,12cd450c0,2026-09-30T19:45:53Z
post_1420,ubuntu-latest py3.14,fixed_per_conn,12,36.875,success,36765946088,1,110060120907,12cd450c0,2026-09-30T19:45:53Z
post_1420,windows-2022 py3.14,fixed_aggregate,12,25.51851851851852,success,36765946088,1,110060120964,12cd450c0,2026-09-30T19:48:17Z
post_1420,windows-2022 py3.14,fixed_per_conn,12,40.142857142857146,success,36765946088,1,110060120964,12cd450c0,2026-09-30T19:48:17Z
post_1420,windows-2025 py3.14,fixed_aggregate,12,26.18181818181818,failure,36765946088,1,110060121018,12cd450c0,2026-09-30T19:49:20Z
post_1420,windows-2025 py3.14,fixed_per_conn,12,37.733333333333334,failure,36765946088,1,110060121018,12cd450c0,2026-09-30T19:49:20Z
post_1420,ubuntu-latest py3.14,fixed_aggregate,12,35.73529411764706,failure,36765832363,1,110059802648,f5bf009ad,2026-09-30T19:44:41Z
post_1420,ubuntu-latest py3.14,fixed_per_conn,12,39.125,failure,36765832363,1,110059802648,f5bf009ad,2026-09-30T19:44:41Z
post_1420,windows-2022 py3.14,fixed_aggregate,12,19.594594594594593,failure,36765832363,1,110059802643,f5bf009ad,2026-09-30T19:48:05Z
post_1420,windows-2022 py3.14,fixed_per_conn,12,37.35294117647059,failure,36765832363,1,110059802643,f5bf009ad,2026-09-30T19:48:05Z
post_1420,windows-2025 py3.14,fixed_aggregate,12,27.5,failure,36765832363,1,110059802623,f5bf009ad,2026-09-30T19:50:22Z
post_1420,windows-2025 py3.14,fixed_per_conn,12,36.4,failure,36765832363,1,110059802623,f5bf009ad,2026-09-30T19:50:22Z
post_1420,ubuntu-latest py3.14,fixed_aggregate,12,35.529411764705884,success,36765828894,1,110059752087,449b136c4,2026-09-30T19:41:59Z
post_1420,ubuntu-latest py3.14,fixed_per_conn,12,39.875,success,36765828894,1,110059752087,449b136c4,2026-09-30T19:41:59Z
post_1420,windows-2022 py3.14,fixed_aggregate,12,16.0,success,36765828894,1,110059752327,449b136c4,2026-09-30T19:47:49Z
post_1420,windows-2022 py3.14,fixed_per_conn,12,39.23529411764706,success,36765828894,1,110059752327,449b136c4,2026-09-30T19:47:49Z
post_1420,windows-2025 py3.14,fixed_aggregate,12,28.78787878787879,success,36765828894,1,110059752075,449b136c4,2026-09-30T19:48:10Z
post_1420,windows-2025 py3.14,fixed_per_conn,12,39.23529411764706,success,36765828894,1,110059752075,449b136c4,2026-09-30T19:48:10Z
post_1420,ubuntu-latest py3.14,fixed_aggregate,12,35.15151515151515,success,36765752296,1,110059471743,052cb6ad7,2026-09-30T19:43:22Z
post_1420,ubuntu-latest py3.14,fixed_per_conn,12,39.0,success,36765752296,1,110059471743,052cb6ad7,2026-09-30T19:43:22Z
post_1420,windows-2022 py3.14,fixed_aggregate,12,14.794871794871797,success,36765752296,1,110059471803,052cb6ad7,2026-09-30T19:46:06Z
post_1420,windows-2022 py3.14,fixed_per_conn,12,35.3125,success,36765752296,1,110059471803,052cb6ad7,2026-09-30T19:46:06Z
post_1420,windows-2025 py3.14,fixed_aggregate,12,30.384615384615383,success,36765752296,1,110059471603,052cb6ad7,2026-09-30T19:48:30Z
post_1420,windows-2025 py3.14,fixed_per_conn,12,37.56250000000001,success,36765752296,1,110059471603,052cb6ad7,2026-09-30T19:48:30Z
post_1420,ubuntu-latest py3.14,fixed_aggregate,12,35.205882352941174,success,36765750243,1,110059436399,dc8a05b8d,2026-09-30T19:43:38Z
post_1420,ubuntu-latest py3.14,fixed_per_conn,12,38.9375,success,36765750243,1,110059436399,dc8a05b8d,2026-09-30T19:43:38Z
post_1420,windows-2022 py3.14,fixed_aggregate,12,18.692307692307693,success,36765750243,1,110059436531,dc8a05b8d,2026-09-30T19:46:27Z
post_1420,windows-2022 py3.14,fixed_per_conn,12,37.94117647058824,success,36765750243,1,110059436531,dc8a05b8d,2026-09-30T19:46:27Z
post_1420,windows-2025 py3.14,fixed_aggregate,12,30.692307692307697,success,36765750243,1,110059436635,dc8a05b8d,2026-09-30T19:46:50Z
post_1420,windows-2025 py3.14,fixed_per_conn,12,40.8125,success,36765750243,1,110059436635,dc8a05b8d,2026-09-30T19:46:50Z
post_1420,ubuntu-latest py3.14,fixed_aggregate,12,34.82857142857143,success,36765748888,1,110059460804,4b805f641,2026-09-30T19:43:30Z
post_1420,ubuntu-latest py3.14,fixed_per_conn,12,38.8235294117647,success,36765748888,1,110059460804,4b805f641,2026-09-30T19:43:30Z
post_1420,windows-2022 py3.14,fixed_aggregate,12,27.11111111111111,success,36765748888,1,110059460855,4b805f641,2026-09-30T19:46:58Z
post_1420,windows-2022 py3.14,fixed_per_conn,12,37.6875,success,36765748888,1,110059460855,4b805f641,2026-09-30T19:46:58Z
post_1420,windows-2025 py3.14,fixed_aggregate,12,27.807692307692307,success,36765748888,1,110059460734,4b805f641,2026-09-30T19:48:32Z
post_1420,windows-2025 py3.14,fixed_per_conn,12,38.54545454545455,success,36765748888,1,110059460734,4b805f641,2026-09-30T19:48:32Z
post_1420,ubuntu-latest py3.14,fixed_aggregate,12,34.588235294117645,success,36765664122,1,110059181758,eff6dfa91,2026-09-30T19:42:16Z
post_1420,ubuntu-latest py3.14,fixed_per_conn,12,39.1875,success,36765664122,1,110059181758,eff6dfa91,2026-09-30T19:42:16Z
post_1420,windows-2022 py3.14,fixed_aggregate,12,22.599999999999998,success,36765664122,1,110059181760,eff6dfa91,2026-09-30T19:45:27Z
post_1420,windows-2022 py3.14,fixed_per_conn,12,35.625,success,36765664122,1,110059181760,eff6dfa91,2026-09-30T19:45:27Z
post_1420,windows-2025 py3.14,fixed_aggregate,12,28.500000000000004,success,36765664122,1,110059181644,eff6dfa91,2026-09-30T19:46:57Z
post_1420,windows-2025 py3.14,fixed_per_conn,12,34.94117647058824,success,36765664122,1,110059181644,eff6dfa91,2026-09-30T19:46:57Z
post_1420,ubuntu-latest py3.14,fixed_aggregate,12,34.400000000000006,success,36765619255,1,110059004050,ba46f3543,2026-09-30T19:42:07Z
post_1420,ubuntu-latest py3.14,fixed_per_conn,12,38.1875,success,36765619255,1,110059004050,ba46f3543,2026-09-30T19:42:07Z
post_1420,windows-2022 py3.14,fixed_aggregate,12,26.5,success,36765619255,1,110059003898,ba46f3543,2026-09-30T19:43:31Z
post_1420,windows-2022 py3.14,fixed_per_conn,12,35.1764705882353,success,36765619255,1,110059003898,ba46f3543,2026-09-30T19:43:31Z
post_1420,windows-2025 py3.14,fixed_aggregate,12,31.76923076923077,success,36765619255,1,110059004055,ba46f3543,2026-09-30T19:46:16Z
post_1420,windows-2025 py3.14,fixed_per_conn,12,37.625,success,36765619255,1,110059004055,ba46f3543,2026-09-30T19:46:16Z
post_1420,ubuntu-latest py3.14,fixed_aggregate,12,35.529411764705884,success,36765517979,1,110058691150,513fd2f85,2026-09-30T19:43:36Z
post_1420,ubuntu-latest py3.14,fixed_per_conn,12,39.125,success,36765517979,1,110058691150,513fd2f85,2026-09-30T19:43:36Z
post_1420,windows-2022 py3.14,fixed_aggregate,12,25.296296296296298,success,36765517979,1,110058691305,513fd2f85,2026-09-30T19:44:25Z
post_1420,windows-2022 py3.14,fixed_per_conn,12,38.8235294117647,success,36765517979,1,110058691305,513fd2f85,2026-09-30T19:44:25Z
post_1420,windows-2025 py3.14,fixed_aggregate,12,20.692307692307693,success,36765517979,1,110058691362,513fd2f85,2026-09-30T19:44:15Z
post_1420,windows-2025 py3.14,fixed_per_conn,12,37.35294117647059,success,36765517979,1,110058691362,513fd2f85,2026-09-30T19:44:15Z
post_1420,ubuntu-latest py3.14,fixed_aggregate,12,34.911764705882355,success,36765516015,1,110058681879,d3e641706,2026-09-30T19:41:17Z
post_1420,ubuntu-latest py3.14,fixed_per_conn,12,39.0625,success,36765516015,1,110058681879,d3e641706,2026-09-30T19:41:17Z
post_1420,windows-2022 py3.14,fixed_aggregate,12,19.61111111111111,success,36765516015,1,110058681878,d3e641706,2026-09-30T19:44:34Z
post_1420,windows-2022 py3.14,fixed_per_conn,12,39.05882352941176,success,36765516015,1,110058681878,d3e641706,2026-09-30T19:44:34Z
post_1420,windows-2025 py3.14,fixed_aggregate,12,24.88235294117647,success,36765516015,1,110058681913,d3e641706,2026-09-30T19:45:34Z
post_1420,windows-2025 py3.14,fixed_per_conn,12,38.266666666666666,success,36765516015,1,110058681913,d3e641706,2026-09-30T19:45:34Z
post_1420,ubuntu-latest py3.14,fixed_aggregate,12,35.205882352941174,success,36765488564,1,110058594112,0d6ce6fdd,2026-09-30T19:43:19Z
post_1420,ubuntu-latest py3.14,fixed_per_conn,12,39.125,success,36765488564,1,110058594112,0d6ce6fdd,2026-09-30T19:43:19Z
post_1420,windows-2022 py3.14,fixed_aggregate,12,25.34615384615385,success,36765488564,1,110058594028,0d6ce6fdd,2026-09-30T19:45:56Z
post_1420,windows-2022 py3.14,fixed_per_conn,12,28.55,success,36765488564,1,110058594028,0d6ce6fdd,2026-09-30T19:45:56Z
post_1420,windows-2025 py3.14,fixed_aggregate,12,25.424242424242426,success,36765488564,1,110058594074,0d6ce6fdd,2026-09-30T19:47:03Z
post_1420,windows-2025 py3.14,fixed_per_conn,12,39.642857142857146,success,36765488564,1,110058594074,0d6ce6fdd,2026-09-30T19:47:03Z
post_1420,ubuntu-latest py3.14,fixed_aggregate,12,33.26470588235294,success,36764628478,1,110055670349,9bf72e5f4,2026-09-30T19:32:56Z
post_1420,ubuntu-latest py3.14,fixed_per_conn,12,39.87500000000001,success,36764628478,1,110055670349,9bf72e5f4,2026-09-30T19:32:56Z
post_1420,windows-2022 py3.14,fixed_aggregate,12,26.153846153846153,success,36764628478,1,110055670231,9bf72e5f4,2026-09-30T19:36:06Z
post_1420,windows-2022 py3.14,fixed_per_conn,12,35.11111111111111,success,36764628478,1,110055670231,9bf72e5f4,2026-09-30T19:36:06Z
post_1420,windows-2025 py3.14,fixed_aggregate,12,28.444444444444446,cancelled,36764628478,1,110055670356,9bf72e5f4,2026-09-30T19:38:19Z
post_1420,windows-2025 py3.14,fixed_per_conn,12,39.25000000000001,cancelled,36764628478,1,110055670356,9bf72e5f4,2026-09-30T19:38:19Z
post_1420,ubuntu-latest py3.14,fixed_aggregate,12,36.588235294117645,success,36764254226,1,110054418351,4c0529024,2026-09-30T19:30:17Z
post_1420,ubuntu-latest py3.14,fixed_per_conn,12,37.5625,success,36764254226,1,110054418351,4c0529024,2026-09-30T19:30:17Z
post_1420,windows-2022 py3.14,fixed_aggregate,12,25.962962962962965,failure,36764254226,1,110054418395,4c0529024,2026-09-30T19:32:11Z
post_1420,windows-2022 py3.14,fixed_per_conn,12,34.9375,failure,36764254226,1,110054418395,4c0529024,2026-09-30T19:32:11Z
post_1420,windows-2025 py3.14,fixed_aggregate,12,29.20689655172414,success,36764254226,1,110054418490,4c0529024,2026-09-30T19:34:48Z
post_1420,windows-2025 py3.14,fixed_per_conn,12,39.5625,success,36764254226,1,110054418490,4c0529024,2026-09-30T19:34:48Z
post_1420,ubuntu-latest py3.14,fixed_aggregate,12,34.88235294117647,success,36764251515,1,110054395633,21c033985,2026-09-30T19:30:28Z
post_1420,ubuntu-latest py3.14,fixed_per_conn,12,38.25,success,36764251515,1,110054395633,21c033985,2026-09-30T19:30:28Z
post_1420,windows-2022 py3.14,fixed_aggregate,12,31.80769230769231,success,36764251515,1,110054395812,21c033985,2026-09-30T19:32:53Z
post_1420,windows-2022 py3.14,fixed_per_conn,12,37.75,success,36764251515,1,110054395812,21c033985,2026-09-30T19:32:53Z
post_1420,windows-2025 py3.14,fixed_aggregate,12,23.96666666666667,success,36764251515,1,110054395752,21c033985,2026-09-30T19:37:04Z
post_1420,windows-2025 py3.14,fixed_per_conn,12,37.8,success,36764251515,1,110054395752,21c033985,2026-09-30T19:37:04Z
post_1420,ubuntu-latest py3.14,fixed_aggregate,12,36.34375,success,36764115626,1,110053955579,e8f7c8469,2026-09-30T19:27:21Z
post_1420,ubuntu-latest py3.14,fixed_per_conn,12,38.1875,success,36764115626,1,110053955579,e8f7c8469,2026-09-30T19:27:21Z
post_1420,windows-2022 py3.14,fixed_aggregate,12,21.56,success,36764115626,1,110053955475,e8f7c8469,2026-09-30T19:33:02Z
post_1420,windows-2022 py3.14,fixed_per_conn,12,37.5625,success,36764115626,1,110053955475,e8f7c8469,2026-09-30T19:33:02Z
post_1420,windows-2025 py3.14,fixed_aggregate,12,25.90909090909091,success,36764115626,1,110053955542,e8f7c8469,2026-09-30T19:33:30Z
post_1420,windows-2025 py3.14,fixed_per_conn,12,39.75,success,36764115626,1,110053955542,e8f7c8469,2026-09-30T19:33:30Z
post_1420,ubuntu-latest py3.14,fixed_aggregate,12,35.4,success,36763693837,1,110052509664,12cd450c0,2026-09-30T19:26:08Z
post_1420,ubuntu-latest py3.14,fixed_per_conn,12,39.3125,success,36763693837,1,110052509664,12cd450c0,2026-09-30T19:26:08Z
post_1420,windows-2022 py3.14,fixed_aggregate,12,22.962962962962962,success,36763693837,1,110052509376,12cd450c0,2026-09-30T19:27:53Z
post_1420,windows-2022 py3.14,fixed_per_conn,12,36.0,success,36763693837,1,110052509376,12cd450c0,2026-09-30T19:27:53Z
post_1420,windows-2025 py3.14,fixed_aggregate,12,27.615384615384617,success,36763693837,1,110052509511,12cd450c0,2026-09-30T19:28:33Z
post_1420,windows-2025 py3.14,fixed_per_conn,12,36.88235294117647,success,36763693837,1,110052509511,12cd450c0,2026-09-30T19:28:33Z
post_1420,ubuntu-latest py3.14,fixed_aggregate,12,36.34375,success,36763465704,1,110052307902,07d74177f,2026-09-30T19:20:41Z
post_1420,ubuntu-latest py3.14,fixed_per_conn,12,39.25,success,36763465704,1,110052307902,07d74177f,2026-09-30T19:20:41Z
post_1420,windows-2022 py3.14,fixed_aggregate,12,19.576923076923077,success,36763465704,1,110052307801,07d74177f,2026-09-30T19:29:12Z
post_1420,windows-2022 py3.14,fixed_per_conn,12,35.470588235294116,success,36763465704,1,110052307801,07d74177f,2026-09-30T19:29:12Z
post_1420,windows-2025 py3.14,fixed_aggregate,12,27.34615384615385,success,36763465704,1,110052307920,07d74177f,2026-09-30T19:30:46Z
post_1420,windows-2025 py3.14,fixed_per_conn,12,39.142857142857146,success,36763465704,1,110052307920,07d74177f,2026-09-30T19:30:46Z
post_1420,ubuntu-latest py3.14,fixed_aggregate,12,36.030303030303024,failure,36762700954,1,110049186601,1b0ee86ba,2026-09-30T19:17:38Z
post_1420,ubuntu-latest py3.14,fixed_per_conn,12,40.25,failure,36762700954,1,110049186601,1b0ee86ba,2026-09-30T19:17:38Z
post_1420,windows-2022 py3.14,fixed_aggregate,12,28.161290322580648,failure,36762700954,1,110049186649,1b0ee86ba,2026-09-30T19:18:33Z
post_1420,windows-2022 py3.14,fixed_per_conn,12,38.3125,failure,36762700954,1,110049186649,1b0ee86ba,2026-09-30T19:18:33Z
post_1420,windows-2025 py3.14,fixed_aggregate,12,28.884615384615387,failure,36762700954,1,110049186642,1b0ee86ba,2026-09-30T19:19:58Z
post_1420,windows-2025 py3.14,fixed_per_conn,12,39.375,failure,36762700954,1,110049186642,1b0ee86ba,2026-09-30T19:19:58Z
post_1420,ubuntu-latest py3.14,fixed_aggregate,12,34.88888888888889,success,36761681998,1,110047080502,faf801861,2026-09-30T19:15:11Z
post_1420,ubuntu-latest py3.14,fixed_per_conn,12,38.11764705882353,success,36761681998,1,110047080502,faf801861,2026-09-30T19:15:11Z
post_1420,windows-2022 py3.14,fixed_aggregate,12,25.57692307692308,success,36761681998,1,110047080588,faf801861,2026-09-30T19:15:01Z
post_1420,windows-2022 py3.14,fixed_per_conn,12,38.93750000000001,success,36761681998,1,110047080588,faf801861,2026-09-30T19:15:01Z
post_1420,windows-2025 py3.14,fixed_aggregate,12,31.461538461538456,success,36761681998,1,110047080380,faf801861,2026-09-30T19:16:15Z
post_1420,windows-2025 py3.14,fixed_per_conn,12,38.82352941176471,success,36761681998,1,110047080380,faf801861,2026-09-30T19:16:15Z
post_1420,ubuntu-latest py3.14,fixed_aggregate,12,37.0,success,36761674293,1,110046091430,12e01be1b,2026-09-30T19:09:42Z
post_1420,ubuntu-latest py3.14,fixed_per_conn,12,38.875,success,36761674293,1,110046091430,12e01be1b,2026-09-30T19:09:42Z
post_1420,windows-2022 py3.14,fixed_aggregate,12,13.282051282051283,success,36761674293,1,110046091518,12e01be1b,2026-09-30T19:13:50Z
post_1420,windows-2022 py3.14,fixed_per_conn,12,38.14285714285714,success,36761674293,1,110046091518,12e01be1b,2026-09-30T19:13:50Z
post_1420,windows-2025 py3.14,fixed_aggregate,12,23.96875,success,36761674293,1,110046091381,12e01be1b,2026-09-30T19:12:58Z
post_1420,windows-2025 py3.14,fixed_per_conn,12,39.125,success,36761674293,1,110046091381,12e01be1b,2026-09-30T19:12:58Z
post_1420,ubuntu-latest py3.14,fixed_aggregate,12,36.36363636363636,success,36761673417,1,110046427144,357a2e32a,2026-09-30T19:10:21Z
post_1420,ubuntu-latest py3.14,fixed_per_conn,12,38.470588235294116,success,36761673417,1,110046427144,357a2e32a,2026-09-30T19:10:21Z
post_1420,windows-2022 py3.14,fixed_aggregate,12,17.962962962962962,success,36761673417,1,110046426985,357a2e32a,2026-09-30T19:11:38Z
post_1420,windows-2022 py3.14,fixed_per_conn,12,34.0,success,36761673417,1,110046426985,357a2e32a,2026-09-30T19:11:38Z
post_1420,windows-2025 py3.14,fixed_aggregate,12,28.56,success,36761673417,1,110046426979,357a2e32a,2026-09-30T19:15:40Z
post_1420,windows-2025 py3.14,fixed_per_conn,12,38.705882352941174,success,36761673417,1,110046426979,357a2e32a,2026-09-30T19:15:40Z
post_1420,ubuntu-latest py3.14,fixed_aggregate,12,36.57575757575757,failure,36761658750,1,110045787407,28033d7b2,2026-09-30T19:10:56Z
post_1420,ubuntu-latest py3.14,fixed_per_conn,12,39.75,failure,36761658750,1,110045787407,28033d7b2,2026-09-30T19:10:56Z
post_1420,windows-2022 py3.14,fixed_aggregate,12,20.174999999999997,failure,36761658750,1,110045787515,28033d7b2,2026-09-30T19:12:36Z
post_1420,windows-2022 py3.14,fixed_per_conn,12,36.16666666666667,failure,36761658750,1,110045787515,28033d7b2,2026-09-30T19:12:36Z
post_1420,windows-2025 py3.14,fixed_aggregate,12,26.115384615384613,failure,36761658750,1,110045787437,28033d7b2,2026-09-30T19:13:59Z
post_1420,windows-2025 py3.14,fixed_per_conn,12,35.64705882352941,failure,36761658750,1,110045787437,28033d7b2,2026-09-30T19:13:59Z
post_1420,ubuntu-latest py3.14,fixed_aggregate,12,36.794117647058826,failure,36761655647,1,110045988099,cc75ef57c,2026-09-30T19:14:08Z
post_1420,ubuntu-latest py3.14,fixed_per_conn,12,38.125,failure,36761655647,1,110045988099,cc75ef57c,2026-09-30T19:14:08Z
post_1420,windows-2022 py3.14,fixed_aggregate,12,24.560000000000002,failure,36761655647,1,110045988079,cc75ef57c,2026-09-30T19:13:25Z
post_1420,windows-2022 py3.14,fixed_per_conn,12,40.49999999999999,failure,36761655647,1,110045988079,cc75ef57c,2026-09-30T19:13:25Z
post_1420,windows-2025 py3.14,fixed_aggregate,12,27.714285714285715,failure,36761655647,1,110045987945,cc75ef57c,2026-09-30T19:14:11Z
post_1420,windows-2025 py3.14,fixed_per_conn,12,39.25,failure,36761655647,1,110045987945,cc75ef57c,2026-09-30T19:14:11Z
post_1420,ubuntu-latest py3.14,fixed_aggregate,12,34.96969696969697,failure,36761639985,1,110045558547,dfdd225f8,2026-09-30T19:15:15Z
post_1420,ubuntu-latest py3.14,fixed_per_conn,12,38.6875,failure,36761639985,1,110045558547,dfdd225f8,2026-09-30T19:15:15Z
post_1420,windows-2022 py3.14,fixed_aggregate,12,17.666666666666668,success,36761639985,1,110045558533,dfdd225f8,2026-09-30T19:11:44Z
post_1420,windows-2022 py3.14,fixed_per_conn,12,39.294117647058826,success,36761639985,1,110045558533,dfdd225f8,2026-09-30T19:11:44Z
post_1420,windows-2025 py3.14,fixed_aggregate,12,22.647058823529413,failure,36761639985,1,110045558434,dfdd225f8,2026-09-30T19:14:10Z
post_1420,windows-2025 py3.14,fixed_per_conn,12,38.38888888888889,failure,36761639985,1,110045558434,dfdd225f8,2026-09-30T19:14:10Z
post_1420,ubuntu-latest py3.14,fixed_aggregate,12,35.51428571428571,success,36761631549,1,110045514045,9ac41e8c1,2026-09-30T19:11:32Z
post_1420,ubuntu-latest py3.14,fixed_per_conn,12,39.1875,success,36761631549,1,110045514045,9ac41e8c1,2026-09-30T19:11:32Z
post_1420,windows-2022 py3.14,fixed_aggregate,12,29.03846153846154,success,36761631549,1,110045513963,9ac41e8c1,2026-09-30T19:13:12Z
post_1420,windows-2022 py3.14,fixed_per_conn,12,39.64705882352941,success,36761631549,1,110045513963,9ac41e8c1,2026-09-30T19:13:12Z
post_1420,windows-2025 py3.14,fixed_aggregate,12,26.73076923076923,success,36761631549,1,110045514055,9ac41e8c1,2026-09-30T19:13:28Z
post_1420,windows-2025 py3.14,fixed_per_conn,12,39.11764705882353,success,36761631549,1,110045514055,9ac41e8c1,2026-09-30T19:13:28Z
post_1420,ubuntu-latest py3.14,fixed_aggregate,12,34.8,success,36761625151,1,110045766402,8e2edc496,2026-09-30T19:11:52Z
post_1420,ubuntu-latest py3.14,fixed_per_conn,12,39.625,success,36761625151,1,110045766402,8e2edc496,2026-09-30T19:11:52Z
post_1420,windows-2022 py3.14,fixed_aggregate,12,28.296296296296294,success,36761625151,1,110045766369,8e2edc496,2026-09-30T19:12:48Z
post_1420,windows-2022 py3.14,fixed_per_conn,12,38.36363636363636,success,36761625151,1,110045766369,8e2edc496,2026-09-30T19:12:48Z
post_1420,windows-2025 py3.14,fixed_aggregate,12,26.903225806451612,success,36761625151,1,110045766384,8e2edc496,2026-09-30T19:12:58Z
post_1420,windows-2025 py3.14,fixed_per_conn,12,40.42857142857143,success,36761625151,1,110045766384,8e2edc496,2026-09-30T19:12:58Z
post_1420,ubuntu-latest py3.14,fixed_aggregate,12,31.757575757575758,success,36761620218,1,110045777512,2d477f94e,2026-09-30T19:11:39Z
post_1420,ubuntu-latest py3.14,fixed_per_conn,12,39.4375,success,36761620218,1,110045777512,2d477f94e,2026-09-30T19:11:39Z
post_1420,windows-2022 py3.14,fixed_aggregate,12,23.730769230769234,success,36761620218,1,110045777634,2d477f94e,2026-09-30T19:12:23Z
post_1420,windows-2022 py3.14,fixed_per_conn,12,39.875,success,36761620218,1,110045777634,2d477f94e,2026-09-30T19:12:23Z
post_1420,windows-2025 py3.14,fixed_aggregate,12,22.384615384615383,success,36761620218,1,110045777449,2d477f94e,2026-09-30T19:13:30Z
post_1420,windows-2025 py3.14,fixed_per_conn,12,38.27272727272727,success,36761620218,1,110045777449,2d477f94e,2026-09-30T19:13:30Z
post_1420,ubuntu-latest py3.14,fixed_aggregate,12,36.63636363636364,success,36761614568,1,110045454559,c6ccda8e6,2026-09-30T19:04:04Z
post_1420,ubuntu-latest py3.14,fixed_per_conn,12,37.5,success,36761614568,1,110045454559,c6ccda8e6,2026-09-30T19:04:04Z
post_1420,windows-2022 py3.14,fixed_aggregate,12,21.107142857142858,success,36761614568,1,110045454642,c6ccda8e6,2026-09-30T19:11:16Z
post_1420,windows-2022 py3.14,fixed_per_conn,12,39.588235294117645,success,36761614568,1,110045454642,c6ccda8e6,2026-09-30T19:11:16Z
post_1420,windows-2025 py3.14,fixed_aggregate,12,28.12121212121212,success,36761614568,1,110045454560,c6ccda8e6,2026-09-30T19:12:59Z
post_1420,windows-2025 py3.14,fixed_per_conn,12,39.14285714285714,success,36761614568,1,110045454560,c6ccda8e6,2026-09-30T19:12:59Z
post_1420,ubuntu-latest py3.14,fixed_aggregate,12,29.81818181818182,success,36761610096,1,110045427159,27594c0da,2026-09-30T19:07:16Z
post_1420,ubuntu-latest py3.14,fixed_per_conn,12,39.6,success,36761610096,1,110045427159,27594c0da,2026-09-30T19:07:16Z
post_1420,windows-2022 py3.14,fixed_aggregate,12,17.69047619047619,success,36761610096,1,110045427195,27594c0da,2026-09-30T19:12:01Z
post_1420,windows-2022 py3.14,fixed_per_conn,12,38.88235294117647,success,36761610096,1,110045427195,27594c0da,2026-09-30T19:12:01Z
post_1420,windows-2025 py3.14,fixed_aggregate,12,27.08,success,36761610096,1,110045427003,27594c0da,2026-09-30T19:09:08Z
post_1420,windows-2025 py3.14,fixed_per_conn,12,39.375,success,36761610096,1,110045427003,27594c0da,2026-09-30T19:09:08Z
post_1420,ubuntu-latest py3.14,fixed_aggregate,12,36.57575757575758,success,36761608977,1,110045647610,f51fe3990,2026-09-30T19:13:29Z
post_1420,ubuntu-latest py3.14,fixed_per_conn,12,39.125,success,36761608977,1,110045647610,f51fe3990,2026-09-30T19:13:29Z
post_1420,windows-2022 py3.14,fixed_aggregate,12,22.857142857142858,success,36761608977,1,110045647530,f51fe3990,2026-09-30T19:11:16Z
post_1420,windows-2022 py3.14,fixed_per_conn,12,36.875,success,36761608977,1,110045647530,f51fe3990,2026-09-30T19:11:16Z
post_1420,windows-2025 py3.14,fixed_aggregate,12,29.37037037037037,success,36761608977,1,110045647578,f51fe3990,2026-09-30T19:14:20Z
post_1420,windows-2025 py3.14,fixed_per_conn,12,37.81818181818182,success,36761608977,1,110045647578,f51fe3990,2026-09-30T19:14:20Z
post_1420,ubuntu-latest py3.14,fixed_aggregate,12,35.90625,success,36761602409,1,110045369971,00e0d2c01,2026-09-30T19:07:55Z
post_1420,ubuntu-latest py3.14,fixed_per_conn,12,39.75,success,36761602409,1,110045369971,00e0d2c01,2026-09-30T19:07:55Z
post_1420,windows-2022 py3.14,fixed_aggregate,12,21.206896551724142,success,36761602409,1,110045370156,00e0d2c01,2026-09-30T19:11:24Z
post_1420,windows-2022 py3.14,fixed_per_conn,12,37.11764705882353,success,36761602409,1,110045370156,00e0d2c01,2026-09-30T19:11:24Z
post_1420,windows-2025 py3.14,fixed_aggregate,12,23.319999999999997,success,36761602409,1,110045369997,00e0d2c01,2026-09-30T19:11:49Z
post_1420,windows-2025 py3.14,fixed_per_conn,12,37.45454545454545,success,36761602409,1,110045369997,00e0d2c01,2026-09-30T19:11:49Z
post_1420,ubuntu-latest py3.14,fixed_aggregate,12,20.25925925925926,success,36761596086,1,110045359001,b410d4d67,2026-09-30T19:06:15Z
post_1420,ubuntu-latest py3.14,fixed_per_conn,12,36.9375,success,36761596086,1,110045359001,b410d4d67,2026-09-30T19:06:15Z
post_1420,windows-2022 py3.14,fixed_aggregate,12,24.629629629629626,success,36761596086,1,110045359038,b410d4d67,2026-09-30T19:11:09Z
post_1420,windows-2022 py3.14,fixed_per_conn,12,37.588235294117645,success,36761596086,1,110045359038,b410d4d67,2026-09-30T19:11:09Z
post_1420,windows-2025 py3.14,fixed_aggregate,12,28.0,success,36761596086,1,110045359114,b410d4d67,2026-09-30T19:12:54Z
post_1420,windows-2025 py3.14,fixed_per_conn,12,35.470588235294116,success,36761596086,1,110045359114,b410d4d67,2026-09-30T19:12:54Z
post_1420,ubuntu-latest py3.14,fixed_aggregate,12,36.303030303030305,success,36761587241,1,110045330974,d15bba311,2026-09-30T19:05:05Z
post_1420,ubuntu-latest py3.14,fixed_per_conn,12,39.1764705882353,success,36761587241,1,110045330974,d15bba311,2026-09-30T19:05:05Z
post_1420,windows-2022 py3.14,fixed_aggregate,12,28.15384615384615,success,36761587241,1,110045331083,d15bba311,2026-09-30T19:07:17Z
post_1420,windows-2022 py3.14,fixed_per_conn,12,36.35294117647059,success,36761587241,1,110045331083,d15bba311,2026-09-30T19:07:17Z
post_1420,windows-2025 py3.14,fixed_aggregate,12,23.942857142857147,success,36761587241,1,110045331156,d15bba311,2026-09-30T19:14:21Z
post_1420,windows-2025 py3.14,fixed_per_conn,12,38.88235294117647,success,36761587241,1,110045331156,d15bba311,2026-09-30T19:14:21Z
post_1420,ubuntu-latest py3.14,fixed_aggregate,12,34.529411764705884,success,36761577703,1,110045280431,a7f5c340a,2026-09-30T19:08:17Z
post_1420,ubuntu-latest py3.14,fixed_per_conn,12,37.411764705882355,success,36761577703,1,110045280431,a7f5c340a,2026-09-30T19:08:17Z
post_1420,windows-2022 py3.14,fixed_aggregate,12,22.21212121212121,success,36761577703,1,110045280551,a7f5c340a,2026-09-30T19:08:03Z
post_1420,windows-2022 py3.14,fixed_per_conn,12,34.45454545454546,success,36761577703,1,110045280551,a7f5c340a,2026-09-30T19:08:03Z
post_1420,windows-2025 py3.14,fixed_aggregate,12,25.0,success,36761577703,1,110045280443,a7f5c340a,2026-09-30T19:08:54Z
post_1420,windows-2025 py3.14,fixed_per_conn,12,39.125,success,36761577703,1,110045280443,a7f5c340a,2026-09-30T19:08:54Z
post_1420,ubuntu-latest py3.14,fixed_aggregate,12,35.28571428571429,success,36761570980,1,110047310954,7bec7545b,2026-09-30T19:14:33Z
post_1420,ubuntu-latest py3.14,fixed_per_conn,12,36.875,success,36761570980,1,110047310954,7bec7545b,2026-09-30T19:14:33Z
post_1420,windows-2022 py3.14,fixed_aggregate,12,27.19230769230769,success,36761570980,1,110047310834,7bec7545b,2026-09-30T19:16:22Z
post_1420,windows-2022 py3.14,fixed_per_conn,12,39.75,success,36761570980,1,110047310834,7bec7545b,2026-09-30T19:16:22Z
post_1420,windows-2025 py3.14,fixed_aggregate,12,25.73076923076923,success,36761570980,1,110047310925,7bec7545b,2026-09-30T19:18:30Z
post_1420,windows-2025 py3.14,fixed_per_conn,12,34.85714285714286,success,36761570980,1,110047310925,7bec7545b,2026-09-30T19:18:30Z
post_1420,ubuntu-latest py3.14,fixed_aggregate,12,34.47222222222222,success,36761567923,1,110046144727,3c111a379,2026-09-30T19:13:39Z
post_1420,ubuntu-latest py3.14,fixed_per_conn,12,39.375,success,36761567923,1,110046144727,3c111a379,2026-09-30T19:13:39Z
post_1420,windows-2022 py3.14,fixed_aggregate,12,16.625,success,36761567923,1,110046144704,3c111a379,2026-09-30T19:11:53Z
post_1420,windows-2022 py3.14,fixed_per_conn,12,38.36363636363637,success,36761567923,1,110046144704,3c111a379,2026-09-30T19:11:53Z
post_1420,windows-2025 py3.14,fixed_aggregate,12,21.085714285714285,failure,36761567923,1,110046144813,3c111a379,2026-09-30T19:15:21Z
post_1420,windows-2025 py3.14,fixed_per_conn,12,39.705882352941174,failure,36761567923,1,110046144813,3c111a379,2026-09-30T19:15:21Z
post_1420,ubuntu-latest py3.14,fixed_aggregate,12,35.303030303030305,success,36760442418,1,110041435421,305109f76,2026-09-30T18:58:07Z
post_1420,ubuntu-latest py3.14,fixed_per_conn,12,36.8235294117647,success,36760442418,1,110041435421,305109f76,2026-09-30T18:58:07Z
post_1420,windows-2022 py3.14,fixed_aggregate,12,27.62857142857143,success,36760442418,1,110041435509,305109f76,2026-09-30T18:58:41Z
post_1420,windows-2022 py3.14,fixed_per_conn,12,37.70588235294118,success,36760442418,1,110041435509,305109f76,2026-09-30T18:58:41Z
post_1420,windows-2025 py3.14,fixed_aggregate,12,29.423076923076923,success,36760442418,1,110041435448,305109f76,2026-09-30T19:05:05Z
post_1420,windows-2025 py3.14,fixed_per_conn,12,37.05882352941176,success,36760442418,1,110041435448,305109f76,2026-09-30T19:05:05Z
post_1420,ubuntu-latest py3.14,fixed_aggregate,12,35.54545454545455,success,36759174908,1,110037136257,e83e652f9,2026-09-30T18:49:18Z
post_1420,ubuntu-latest py3.14,fixed_per_conn,12,39.75,success,36759174908,1,110037136257,e83e652f9,2026-09-30T18:49:18Z
post_1420,windows-2022 py3.14,fixed_aggregate,12,16.642857142857142,cancelled,36759174908,1,110037136208,e83e652f9,2026-09-30T18:51:28Z
post_1420,windows-2022 py3.14,fixed_per_conn,12,39.5625,cancelled,36759174908,1,110037136208,e83e652f9,2026-09-30T18:51:28Z
post_1420,windows-2025 py3.14,fixed_aggregate,12,26.074074074074076,cancelled,36759174908,1,110037136491,e83e652f9,2026-09-30T18:51:56Z
post_1420,windows-2025 py3.14,fixed_per_conn,12,38.82352941176471,cancelled,36759174908,1,110037136491,e83e652f9,2026-09-30T18:51:56Z
post_1420,ubuntu-latest py3.14,fixed_aggregate,12,36.25714285714286,failure,36758541795,1,110034974435,bd5d02f09,2026-09-30T18:42:37Z
post_1420,ubuntu-latest py3.14,fixed_per_conn,12,39.5,failure,36758541795,1,110034974435,bd5d02f09,2026-09-30T18:42:37Z
post_1420,windows-2022 py3.14,fixed_aggregate,12,16.341463414634145,failure,36758541795,1,110034974390,bd5d02f09,2026-09-30T18:46:31Z
post_1420,windows-2022 py3.14,fixed_per_conn,12,37.5,failure,36758541795,1,110034974390,bd5d02f09,2026-09-30T18:46:31Z
post_1420,windows-2025 py3.14,fixed_aggregate,12,32.0,failure,36758541795,1,110034974598,bd5d02f09,2026-09-30T18:45:33Z
post_1420,windows-2025 py3.14,fixed_per_conn,12,39.294117647058826,failure,36758541795,1,110034974598,bd5d02f09,2026-09-30T18:45:33Z
post_1420,ubuntu-latest py3.14,fixed_aggregate,12,35.74285714285714,success,36757919089,1,110033032202,305109f76,2026-09-30T18:36:57Z
post_1420,ubuntu-latest py3.14,fixed_per_conn,12,39.75,success,36757919089,1,110033032202,305109f76,2026-09-30T18:36:57Z
post_1420,windows-2022 py3.14,fixed_aggregate,12,23.96153846153846,success,36757919089,1,110033032065,305109f76,2026-09-30T18:41:21Z
post_1420,windows-2022 py3.14,fixed_per_conn,12,39.35294117647059,success,36757919089,1,110033032065,305109f76,2026-09-30T18:41:21Z
post_1420,windows-2025 py3.14,fixed_aggregate,12,25.12121212121212,success,36757919089,1,110033032258,305109f76,2026-09-30T18:40:53Z
post_1420,windows-2025 py3.14,fixed_per_conn,12,38.47058823529412,success,36757919089,1,110033032258,305109f76,2026-09-30T18:40:53Z
post_1420,ubuntu-latest py3.14,fixed_aggregate,12,35.67647058823529,failure,36757744346,1,110032297789,e553ae696,2026-09-30T18:34:39Z
post_1420,ubuntu-latest py3.14,fixed_per_conn,12,39.625,failure,36757744346,1,110032297789,e553ae696,2026-09-30T18:34:39Z
post_1420,windows-2022 py3.14,fixed_aggregate,12,28.653846153846157,success,36757744346,1,110032297852,e553ae696,2026-09-30T18:38:57Z
post_1420,windows-2022 py3.14,fixed_per_conn,12,37.33333333333333,success,36757744346,1,110032297852,e553ae696,2026-09-30T18:38:57Z
post_1420,windows-2025 py3.14,fixed_aggregate,12,25.794117647058826,success,36757744346,1,110032298110,e553ae696,2026-09-30T18:41:27Z
post_1420,windows-2025 py3.14,fixed_per_conn,12,39.0,success,36757744346,1,110032298110,e553ae696,2026-09-30T18:41:27Z
post_1420,ubuntu-latest py3.14,fixed_aggregate,12,35.875,success,36756139003,1,110026875160,01bb29169,2026-09-30T18:19:57Z
post_1420,ubuntu-latest py3.14,fixed_per_conn,12,37.4375,success,36756139003,1,110026875160,01bb29169,2026-09-30T18:19:57Z
post_1420,windows-2022 py3.14,fixed_aggregate,12,24.25,success,36756139003,1,110026875337,01bb29169,2026-09-30T18:26:27Z
post_1420,windows-2022 py3.14,fixed_per_conn,12,35.35294117647059,success,36756139003,1,110026875337,01bb29169,2026-09-30T18:26:27Z
post_1420,windows-2025 py3.14,fixed_aggregate,12,26.620689655172413,success,36756139003,1,110026875106,01bb29169,2026-09-30T18:27:06Z
post_1420,windows-2025 py3.14,fixed_per_conn,12,39.588235294117645,success,36756139003,1,110026875106,01bb29169,2026-09-30T18:27:06Z
post_1420,ubuntu-latest py3.14,fixed_aggregate,12,36.55882352941177,success,36755573473,1,110024947145,e2bceaf6e,2026-09-30T18:19:32Z
post_1420,ubuntu-latest py3.14,fixed_per_conn,12,39.0625,success,36755573473,1,110024947145,e2bceaf6e,2026-09-30T18:19:32Z
post_1420,windows-2022 py3.14,fixed_aggregate,12,18.32142857142857,failure,36755573473,1,110024947167,e2bceaf6e,2026-09-30T18:17:44Z
post_1420,windows-2022 py3.14,fixed_per_conn,12,34.41176470588235,failure,36755573473,1,110024947167,e2bceaf6e,2026-09-30T18:17:44Z
post_1420,windows-2025 py3.14,fixed_aggregate,12,25.159999999999997,cancelled,36755573473,1,110024947163,e2bceaf6e,2026-09-30T18:21:06Z
post_1420,windows-2025 py3.14,fixed_per_conn,12,35.75,cancelled,36755573473,1,110024947163,e2bceaf6e,2026-09-30T18:21:06Z
post_1420,ubuntu-latest py3.14,fixed_aggregate,12,35.294117647058826,success,36753281797,1,110017145377,00d19aabe,2026-09-30T17:58:11Z
post_1420,ubuntu-latest py3.14,fixed_per_conn,12,39.1875,success,36753281797,1,110017145377,00d19aabe,2026-09-30T17:58:11Z
post_1420,windows-2022 py3.14,fixed_aggregate,12,24.058823529411764,success,36753281797,1,110017145330,00d19aabe,2026-09-30T18:02:01Z
post_1420,windows-2022 py3.14,fixed_per_conn,12,37.4,success,36753281797,1,110017145330,00d19aabe,2026-09-30T18:02:01Z
post_1420,windows-2025 py3.14,fixed_aggregate,12,26.28571428571429,success,36753281797,1,110017145355,00d19aabe,2026-09-30T18:03:34Z
post_1420,windows-2025 py3.14,fixed_per_conn,12,38.588235294117645,success,36753281797,1,110017145355,00d19aabe,2026-09-30T18:03:34Z
post_1420,ubuntu-latest py3.14,fixed_aggregate,12,34.62857142857143,success,36751757344,1,110012305317,4879dd502,2026-09-30T17:45:14Z
post_1420,ubuntu-latest py3.14,fixed_per_conn,12,39.37499999999999,success,36751757344,1,110012305317,4879dd502,2026-09-30T17:45:14Z
post_1420,windows-2022 py3.14,fixed_aggregate,12,28.999999999999996,success,36751757344,1,110012305434,4879dd502,2026-09-30T17:49:37Z
post_1420,windows-2022 py3.14,fixed_per_conn,12,40.1875,success,36751757344,1,110012305434,4879dd502,2026-09-30T17:49:37Z
post_1420,windows-2025 py3.14,fixed_aggregate,12,27.703703703703702,success,36751757344,1,110012305513,4879dd502,2026-09-30T17:51:28Z
post_1420,windows-2025 py3.14,fixed_per_conn,12,39.85714285714286,success,36751757344,1,110012305513,4879dd502,2026-09-30T17:51:28Z
post_1420,ubuntu-latest py3.14,fixed_aggregate,12,35.75757575757576,success,36751616933,1,110011525957,847a49aa0,2026-09-30T17:43:19Z
post_1420,ubuntu-latest py3.14,fixed_per_conn,12,37.470588235294116,success,36751616933,1,110011525957,847a49aa0,2026-09-30T17:43:19Z
post_1420,windows-2022 py3.14,fixed_aggregate,12,23.4,success,36751616933,1,110011525838,847a49aa0,2026-09-30T17:49:56Z
post_1420,windows-2022 py3.14,fixed_per_conn,12,39.81250000000001,success,36751616933,1,110011525838,847a49aa0,2026-09-30T17:49:56Z
post_1420,windows-2025 py3.14,fixed_aggregate,12,26.0,success,36751616933,1,110011525948,847a49aa0,2026-09-30T17:50:24Z
post_1420,windows-2025 py3.14,fixed_per_conn,12,36.411764705882355,success,36751616933,1,110011525948,847a49aa0,2026-09-30T17:50:24Z
post_1420,ubuntu-latest py3.14,fixed_aggregate,12,35.147058823529406,success,36749393130,1,110003901919,009e11a56,2026-09-30T17:26:26Z
post_1420,ubuntu-latest py3.14,fixed_per_conn,12,39.125,success,36749393130,1,110003901919,009e11a56,2026-09-30T17:26:26Z
post_1420,windows-2022 py3.14,fixed_aggregate,12,16.73684210526316,cancelled,36749393130,1,110003901896,009e11a56,2026-09-30T17:29:40Z
post_1420,windows-2022 py3.14,fixed_per_conn,12,40.57142857142857,cancelled,36749393130,1,110003901896,009e11a56,2026-09-30T17:29:40Z
post_1420,windows-2025 py3.14,fixed_aggregate,12,30.444444444444446,cancelled,36749393130,1,110003901819,009e11a56,2026-09-30T17:30:03Z
post_1420,windows-2025 py3.14,fixed_per_conn,12,38.00000000000001,cancelled,36749393130,1,110003901819,009e11a56,2026-09-30T17:30:03Z
post_1420,ubuntu-latest py3.14,fixed_aggregate,12,36.030303030303024,success,36747321679,1,109996802743,0819d9a3a,2026-09-30T17:08:13Z
post_1420,ubuntu-latest py3.14,fixed_per_conn,12,39.1875,success,36747321679,1,109996802743,0819d9a3a,2026-09-30T17:08:13Z
post_1420,windows-2022 py3.14,fixed_aggregate,12,14.599999999999998,success,36747321679,1,109996802624,0819d9a3a,2026-09-30T17:11:28Z
post_1420,windows-2022 py3.14,fixed_per_conn,12,39.529411764705884,success,36747321679,1,109996802624,0819d9a3a,2026-09-30T17:11:28Z
post_1420,windows-2025 py3.14,fixed_aggregate,12,33.23529411764706,success,36747321679,1,109996802614,0819d9a3a,2026-09-30T17:10:19Z
post_1420,windows-2025 py3.14,fixed_per_conn,12,37.0,success,36747321679,1,109996802614,0819d9a3a,2026-09-30T17:10:19Z
post_1420,ubuntu-latest py3.14,fixed_aggregate,12,36.26470588235294,success,36745098935,1,109989329574,c20205af9,2026-09-30T16:50:36Z
post_1420,ubuntu-latest py3.14,fixed_per_conn,12,40.5,success,36745098935,1,109989329574,c20205af9,2026-09-30T16:50:36Z
post_1420,windows-2022 py3.14,fixed_aggregate,12,16.5609756097561,success,36745098935,1,109989329504,c20205af9,2026-09-30T16:53:13Z
post_1420,windows-2022 py3.14,fixed_per_conn,12,39.529411764705884,success,36745098935,1,109989329504,c20205af9,2026-09-30T16:53:13Z
post_1420,windows-2025 py3.14,fixed_aggregate,12,26.26923076923077,success,36745098935,1,109989329581,c20205af9,2026-09-30T16:53:37Z
post_1420,windows-2025 py3.14,fixed_per_conn,12,38.54545454545455,success,36745098935,1,109989329581,c20205af9,2026-09-30T16:53:37Z
post_1420,ubuntu-latest py3.14,fixed_aggregate,12,35.38235294117647,success,36743341294,1,109983244545,29d243041,2026-09-30T16:35:57Z
post_1420,ubuntu-latest py3.14,fixed_per_conn,12,39.8125,success,36743341294,1,109983244545,29d243041,2026-09-30T16:35:57Z
post_1420,windows-2022 py3.14,fixed_aggregate,12,18.07142857142857,success,36743341294,1,109983244456,29d243041,2026-09-30T16:39:19Z
post_1420,windows-2022 py3.14,fixed_per_conn,12,40.56250000000001,success,36743341294,1,109983244456,29d243041,2026-09-30T16:39:19Z
post_1420,windows-2025 py3.14,fixed_aggregate,12,25.34285714285714,success,36743341294,1,109983244719,29d243041,2026-09-30T16:42:23Z
post_1420,windows-2025 py3.14,fixed_per_conn,12,39.35294117647059,success,36743341294,1,109983244719,29d243041,2026-09-30T16:42:23Z
post_1420,ubuntu-latest py3.14,fixed_aggregate,12,36.45454545454545,success,36737557465,1,109963260018,c3423d733,2026-09-30T15:46:56Z
post_1420,ubuntu-latest py3.14,fixed_per_conn,12,39.4375,success,36737557465,1,109963260018,c3423d733,2026-09-30T15:46:56Z
post_1420,windows-2022 py3.14,fixed_aggregate,12,23.19354838709678,success,36737557465,1,109963259891,c3423d733,2026-09-30T15:51:48Z
post_1420,windows-2022 py3.14,fixed_per_conn,12,39.11764705882353,success,36737557465,1,109963259891,c3423d733,2026-09-30T15:51:48Z
post_1420,windows-2025 py3.14,fixed_aggregate,12,21.099999999999998,success,36737557465,1,109963260073,c3423d733,2026-09-30T15:55:04Z
post_1420,windows-2025 py3.14,fixed_per_conn,12,39.47058823529412,success,36737557465,1,109963260073,c3423d733,2026-09-30T15:55:04Z
post_1420,ubuntu-latest py3.14,fixed_aggregate,12,34.42857142857142,success,36737504762,1,109963147944,a345d43ef,2026-09-30T15:48:36Z
post_1420,ubuntu-latest py3.14,fixed_per_conn,12,38.400000000000006,success,36737504762,1,109963147944,a345d43ef,2026-09-30T15:48:36Z
post_1420,windows-2022 py3.14,fixed_aggregate,12,28.0,success,36737504762,1,109963147942,a345d43ef,2026-09-30T15:49:41Z
post_1420,windows-2022 py3.14,fixed_per_conn,12,39.37499999999999,success,36737504762,1,109963147942,a345d43ef,2026-09-30T15:49:41Z
post_1420,windows-2025 py3.14,fixed_aggregate,12,23.919999999999998,success,36737504762,1,109963148018,a345d43ef,2026-09-30T15:54:20Z
post_1420,windows-2025 py3.14,fixed_per_conn,12,39.72727272727273,success,36737504762,1,109963148018,a345d43ef,2026-09-30T15:54:20Z
post_1420,ubuntu-latest py3.14,fixed_aggregate,12,36.970588235294116,success,36737183833,1,109961959112,5c34f174b,2026-09-30T15:45:55Z
post_1420,ubuntu-latest py3.14,fixed_per_conn,12,39.6875,success,36737183833,1,109961959112,5c34f174b,2026-09-30T15:45:55Z
post_1420,windows-2022 py3.14,fixed_aggregate,12,25.720000000000002,success,36737183833,1,109961958947,5c34f174b,2026-09-30T15:48:19Z
post_1420,windows-2022 py3.14,fixed_per_conn,12,39.1875,success,36737183833,1,109961958947,5c34f174b,2026-09-30T15:48:19Z
post_1420,windows-2025 py3.14,fixed_aggregate,12,20.083333333333332,success,36737183833,1,109961959129,5c34f174b,2026-09-30T15:51:52Z
post_1420,windows-2025 py3.14,fixed_per_conn,12,39.470588235294116,success,36737183833,1,109961959129,5c34f174b,2026-09-30T15:51:52Z
post_1420,ubuntu-latest py3.14,fixed_aggregate,12,31.5,success,36735088795,1,109955202930,cafcafc6b,2026-09-30T15:29:12Z
post_1420,ubuntu-latest py3.14,fixed_per_conn,12,39.599999999999994,success,36735088795,1,109955202930,cafcafc6b,2026-09-30T15:29:12Z
post_1420,windows-2022 py3.14,fixed_aggregate,12,27.028571428571425,success,36735088795,1,109955202874,cafcafc6b,2026-09-30T15:33:17Z
post_1420,windows-2022 py3.14,fixed_per_conn,12,39.17647058823529,success,36735088795,1,109955202874,cafcafc6b,2026-09-30T15:33:17Z
post_1420,windows-2025 py3.14,fixed_aggregate,12,29.8125,success,36735088795,1,109955203032,cafcafc6b,2026-09-30T15:32:57Z
post_1420,windows-2025 py3.14,fixed_per_conn,12,32.42857142857143,success,36735088795,1,109955203032,cafcafc6b,2026-09-30T15:32:57Z
post_1420,ubuntu-latest py3.14,fixed_aggregate,12,35.0,success,36735084841,1,109954736334,dbe5eecd1,2026-09-30T15:32:02Z
post_1420,ubuntu-latest py3.14,fixed_per_conn,12,39.8125,success,36735084841,1,109954736334,dbe5eecd1,2026-09-30T15:32:02Z
post_1420,windows-2022 py3.14,fixed_aggregate,12,29.18518518518519,success,36735084841,1,109954736193,dbe5eecd1,2026-09-30T15:32:48Z
post_1420,windows-2022 py3.14,fixed_per_conn,12,39.529411764705884,success,36735084841,1,109954736193,dbe5eecd1,2026-09-30T15:32:48Z
post_1420,windows-2025 py3.14,fixed_aggregate,12,28.18181818181818,failure,36735084841,1,109954736287,dbe5eecd1,2026-09-30T15:34:34Z
post_1420,windows-2025 py3.14,fixed_per_conn,12,39.4375,failure,36735084841,1,109954736287,dbe5eecd1,2026-09-30T15:34:34Z
post_1420,ubuntu-latest py3.14,fixed_aggregate,12,34.911764705882355,success,36735085975,1,109955074942,9326c02bc,2026-09-30T15:30:49Z
post_1420,ubuntu-latest py3.14,fixed_per_conn,12,39.125,success,36735085975,1,109955074942,9326c02bc,2026-09-30T15:30:49Z
post_1420,windows-2022 py3.14,fixed_aggregate,12,20.82142857142857,success,36735085975,1,109955075035,9326c02bc,2026-09-30T15:35:10Z
post_1420,windows-2022 py3.14,fixed_per_conn,12,35.4375,success,36735085975,1,109955075035,9326c02bc,2026-09-30T15:35:10Z
post_1420,windows-2025 py3.14,fixed_aggregate,12,23.588235294117645,success,36735085975,1,109955074971,9326c02bc,2026-09-30T15:36:00Z
post_1420,windows-2025 py3.14,fixed_per_conn,12,39.35294117647059,success,36735085975,1,109955074971,9326c02bc,2026-09-30T15:36:00Z
post_1420,ubuntu-latest py3.14,fixed_aggregate,12,34.74285714285714,success,36735079236,1,109954639354,003ff136b,2026-09-30T15:30:22Z
post_1420,ubuntu-latest py3.14,fixed_per_conn,12,39.0625,success,36735079236,1,109954639354,003ff136b,2026-09-30T15:30:22Z
post_1420,windows-2022 py3.14,fixed_aggregate,12,18.88888888888889,success,36735079236,1,109954639321,003ff136b,2026-09-30T15:32:20Z
post_1420,windows-2022 py3.14,fixed_per_conn,12,38.54545454545454,success,36735079236,1,109954639321,003ff136b,2026-09-30T15:32:20Z
post_1420,windows-2025 py3.14,fixed_aggregate,12,27.257142857142853,success,36735079236,1,109954639442,003ff136b,2026-09-30T15:35:40Z
post_1420,windows-2025 py3.14,fixed_per_conn,12,37.5,success,36735079236,1,109954639442,003ff136b,2026-09-30T15:35:40Z
post_1420,ubuntu-latest py3.14,fixed_aggregate,12,35.65625,success,36735074401,1,109954638026,b398be67d,2026-09-30T15:27:12Z
post_1420,ubuntu-latest py3.14,fixed_per_conn,12,39.125,success,36735074401,1,109954638026,b398be67d,2026-09-30T15:27:12Z
post_1420,windows-2022 py3.14,fixed_aggregate,12,29.0,success,36735074401,1,109954638086,b398be67d,2026-09-30T15:31:35Z
post_1420,windows-2022 py3.14,fixed_per_conn,12,37.9375,success,36735074401,1,109954638086,b398be67d,2026-09-30T15:31:35Z
post_1420,windows-2025 py3.14,fixed_aggregate,12,26.51851851851852,success,36735074401,1,109954638037,b398be67d,2026-09-30T15:35:22Z
post_1420,windows-2025 py3.14,fixed_per_conn,12,34.55555555555556,success,36735074401,1,109954638037,b398be67d,2026-09-30T15:35:22Z
post_1420,ubuntu-latest py3.14,fixed_aggregate,12,35.79411764705882,failure,36735062158,1,109954636470,0939e2501,2026-09-30T15:30:30Z
post_1420,ubuntu-latest py3.14,fixed_per_conn,12,39.875,failure,36735062158,1,109954636470,0939e2501,2026-09-30T15:30:30Z
post_1420,windows-2022 py3.14,fixed_aggregate,12,25.941176470588236,failure,36735062158,1,109954636760,0939e2501,2026-09-30T15:33:22Z
post_1420,windows-2022 py3.14,fixed_per_conn,12,36.4,failure,36735062158,1,109954636760,0939e2501,2026-09-30T15:33:22Z
post_1420,windows-2025 py3.14,fixed_aggregate,12,29.599999999999998,failure,36735062158,1,109954638325,0939e2501,2026-09-30T15:34:36Z
post_1420,windows-2025 py3.14,fixed_per_conn,12,35.93333333333333,failure,36735062158,1,109954638325,0939e2501,2026-09-30T15:34:36Z
post_1420,ubuntu-latest py3.14,fixed_aggregate,12,35.42424242424242,failure,36735058891,1,109954595469,ed5dd1624,2026-09-30T15:26:37Z
post_1420,ubuntu-latest py3.14,fixed_per_conn,12,38.25,failure,36735058891,1,109954595469,ed5dd1624,2026-09-30T15:26:37Z
post_1420,windows-2022 py3.14,fixed_aggregate,12,19.651162790697676,failure,36735058891,1,109954595445,ed5dd1624,2026-09-30T15:34:32Z
post_1420,windows-2022 py3.14,fixed_per_conn,12,39.29411764705882,failure,36735058891,1,109954595445,ed5dd1624,2026-09-30T15:34:32Z
post_1420,windows-2025 py3.14,fixed_aggregate,12,32.714285714285715,failure,36735058891,1,109954595353,ed5dd1624,2026-09-30T15:33:37Z
post_1420,windows-2025 py3.14,fixed_per_conn,12,37.3125,failure,36735058891,1,109954595353,ed5dd1624,2026-09-30T15:33:37Z
post_1420,ubuntu-latest py3.14,fixed_aggregate,12,36.588235294117645,success,36735054773,1,109954571587,07ed1b44c,2026-09-30T15:29:59Z
post_1420,ubuntu-latest py3.14,fixed_per_conn,12,39.3125,success,36735054773,1,109954571587,07ed1b44c,2026-09-30T15:29:59Z
post_1420,windows-2022 py3.14,fixed_aggregate,12,13.305555555555555,success,36735054773,1,109954571429,07ed1b44c,2026-09-30T15:32:32Z
post_1420,windows-2022 py3.14,fixed_per_conn,12,39.05882352941177,success,36735054773,1,109954571429,07ed1b44c,2026-09-30T15:32:32Z
post_1420,windows-2025 py3.14,fixed_aggregate,12,24.444444444444443,success,36735054773,1,109954571623,07ed1b44c,2026-09-30T15:34:39Z
post_1420,windows-2025 py3.14,fixed_per_conn,12,35.66666666666667,success,36735054773,1,109954571623,07ed1b44c,2026-09-30T15:34:39Z
post_1420,ubuntu-latest py3.14,fixed_aggregate,12,35.333333333333336,success,36735049973,1,109954581495,4411b58c0,2026-09-30T15:31:02Z
post_1420,ubuntu-latest py3.14,fixed_per_conn,12,39.50000000000001,success,36735049973,1,109954581495,4411b58c0,2026-09-30T15:31:02Z
post_1420,windows-2022 py3.14,fixed_aggregate,12,27.153846153846153,failure,36735049973,1,109954581283,4411b58c0,2026-09-30T15:29:28Z
post_1420,windows-2022 py3.14,fixed_per_conn,12,37.5,failure,36735049973,1,109954581283,4411b58c0,2026-09-30T15:29:28Z
post_1420,windows-2025 py3.14,fixed_aggregate,12,30.519999999999996,success,36735049973,1,109954581339,4411b58c0,2026-09-30T15:33:31Z
post_1420,windows-2025 py3.14,fixed_per_conn,12,34.35294117647059,success,36735049973,1,109954581339,4411b58c0,2026-09-30T15:33:31Z
post_1420,ubuntu-latest py3.14,fixed_aggregate,12,35.411764705882355,success,36735045073,1,109954554260,5c9254088,2026-09-30T15:30:09Z
post_1420,ubuntu-latest py3.14,fixed_per_conn,12,39.6875,success,36735045073,1,109954554260,5c9254088,2026-09-30T15:30:09Z
post_1420,windows-2022 py3.14,fixed_aggregate,12,26.160000000000004,success,36735045073,1,109954554127,5c9254088,2026-09-30T15:32:52Z
post_1420,windows-2022 py3.14,fixed_per_conn,12,39.3125,success,36735045073,1,109954554127,5c9254088,2026-09-30T15:32:52Z
post_1420,windows-2025 py3.14,fixed_aggregate,12,25.94285714285714,success,36735045073,1,109954554242,5c9254088,2026-09-30T15:34:36Z
post_1420,windows-2025 py3.14,fixed_per_conn,12,38.8235294117647,success,36735045073,1,109954554242,5c9254088,2026-09-30T15:34:36Z
post_1420,ubuntu-latest py3.14,fixed_aggregate,12,35.5,failure,36734892800,1,109954878599,26b7e01fc,2026-09-30T15:30:13Z
post_1420,ubuntu-latest py3.14,fixed_per_conn,12,39.8125,failure,36734892800,1,109954878599,26b7e01fc,2026-09-30T15:30:13Z
post_1420,windows-2022 py3.14,fixed_aggregate,12,25.153846153846153,failure,36734892800,1,109954878716,26b7e01fc,2026-09-30T15:32:37Z
post_1420,windows-2022 py3.14,fixed_per_conn,12,37.294117647058826,failure,36734892800,1,109954878716,26b7e01fc,2026-09-30T15:32:37Z
post_1420,windows-2025 py3.14,fixed_aggregate,12,25.461538461538463,failure,36734892800,1,109954878433,26b7e01fc,2026-09-30T15:34:58Z
post_1420,windows-2025 py3.14,fixed_per_conn,12,37.294117647058826,failure,36734892800,1,109954878433,26b7e01fc,2026-09-30T15:34:58Z
post_1420,ubuntu-latest py3.14,fixed_aggregate,12,34.64705882352941,success,36734630623,1,109953116580,7c9d45dce,2026-09-30T15:27:01Z
post_1420,ubuntu-latest py3.14,fixed_per_conn,12,40.1875,success,36734630623,1,109953116580,7c9d45dce,2026-09-30T15:27:01Z
post_1420,windows-2022 py3.14,fixed_aggregate,12,27.192307692307693,success,36734630623,1,109953116598,7c9d45dce,2026-09-30T15:30:50Z
post_1420,windows-2022 py3.14,fixed_per_conn,12,37.05882352941177,success,36734630623,1,109953116598,7c9d45dce,2026-09-30T15:30:50Z
post_1420,windows-2025 py3.14,fixed_aggregate,12,21.470588235294116,success,36734630623,1,109953117310,7c9d45dce,2026-09-30T15:30:45Z
post_1420,windows-2025 py3.14,fixed_per_conn,12,39.588235294117645,success,36734630623,1,109953117310,7c9d45dce,2026-09-30T15:30:45Z
post_1420,ubuntu-latest py3.14,fixed_aggregate,12,36.3235294117647,cancelled,36733146699,1,109947912370,942d08703,2026-09-30T15:13:53Z
post_1420,ubuntu-latest py3.14,fixed_per_conn,12,39.75,cancelled,36733146699,1,109947912370,942d08703,2026-09-30T15:13:53Z
post_1420,ubuntu-latest py3.14,fixed_aggregate,12,35.911764705882355,success,36731857430,1,109943393920,7c9d45dce,2026-09-30T15:06:44Z
post_1420,ubuntu-latest py3.14,fixed_per_conn,12,39.125,success,36731857430,1,109943393920,7c9d45dce,2026-09-30T15:06:44Z
post_1420,windows-2022 py3.14,fixed_aggregate,12,16.76923076923077,success,36731857430,1,109943393865,7c9d45dce,2026-09-30T15:07:51Z
post_1420,windows-2022 py3.14,fixed_per_conn,12,39.47058823529412,success,36731857430,1,109943393865,7c9d45dce,2026-09-30T15:07:51Z
post_1420,windows-2025 py3.14,fixed_aggregate,12,27.46153846153846,success,36731857430,1,109943394127,7c9d45dce,2026-09-30T15:09:17Z
post_1420,windows-2025 py3.14,fixed_per_conn,12,38.64705882352941,success,36731857430,1,109943394127,7c9d45dce,2026-09-30T15:09:17Z
post_1420,ubuntu-latest py3.14,fixed_aggregate,12,28.970588235294116,success,36729672143,1,109935711718,ef6fa30b4,2026-09-30T14:44:37Z
post_1420,ubuntu-latest py3.14,fixed_per_conn,12,37.11764705882353,success,36729672143,1,109935711718,ef6fa30b4,2026-09-30T14:44:37Z
post_1420,windows-2022 py3.14,fixed_aggregate,12,12.121951219512194,success,36729672143,1,109935711649,ef6fa30b4,2026-09-30T14:49:08Z
post_1420,windows-2022 py3.14,fixed_per_conn,12,35.625,success,36729672143,1,109935711649,ef6fa30b4,2026-09-30T14:49:08Z
post_1420,windows-2025 py3.14,fixed_aggregate,12,29.92307692307692,success,36729672143,1,109935711944,ef6fa30b4,2026-09-30T14:50:21Z
post_1420,windows-2025 py3.14,fixed_per_conn,12,35.56249999999999,success,36729672143,1,109935711944,ef6fa30b4,2026-09-30T14:50:21Z
post_1420,ubuntu-latest py3.14,fixed_aggregate,12,36.3235294117647,success,36729312309,1,109934466574,135780798,2026-09-30T14:44:36Z
post_1420,ubuntu-latest py3.14,fixed_per_conn,12,39.0625,success,36729312309,1,109934466574,135780798,2026-09-30T14:44:36Z
post_1420,windows-2022 py3.14,fixed_aggregate,12,16.88095238095238,success,36729312309,1,109934466406,135780798,2026-09-30T14:47:07Z
post_1420,windows-2022 py3.14,fixed_per_conn,12,39.75,success,36729312309,1,109934466406,135780798,2026-09-30T14:47:07Z
post_1420,windows-2025 py3.14,fixed_aggregate,12,26.800000000000004,failure,36729312309,1,109934466407,135780798,2026-09-30T14:45:38Z
post_1420,windows-2025 py3.14,fixed_per_conn,12,40.125,failure,36729312309,1,109934466407,135780798,2026-09-30T14:45:38Z
post_1420,ubuntu-latest py3.14,fixed_aggregate,12,36.34375,success,36726533901,1,109924839136,598dc641e,2026-09-30T14:19:53Z
post_1420,ubuntu-latest py3.14,fixed_per_conn,12,39.4375,success,36726533901,1,109924839136,598dc641e,2026-09-30T14:19:53Z
post_1420,windows-2022 py3.14,fixed_aggregate,12,29.73076923076923,success,36726533901,1,109924838791,598dc641e,2026-09-30T14:22:20Z
post_1420,windows-2022 py3.14,fixed_per_conn,12,35.35294117647059,success,36726533901,1,109924838791,598dc641e,2026-09-30T14:22:20Z
post_1420,windows-2025 py3.14,fixed_aggregate,12,27.04,success,36726533901,1,109924838960,598dc641e,2026-09-30T14:29:35Z
post_1420,windows-2025 py3.14,fixed_per_conn,12,37.125,success,36726533901,1,109924838960,598dc641e,2026-09-30T14:29:35Z
post_1420,ubuntu-latest py3.14,fixed_aggregate,12,36.3235294117647,success,36726452076,1,109924546417,b47c6532f,2026-09-30T14:21:46Z
post_1420,ubuntu-latest py3.14,fixed_per_conn,12,39.5625,success,36726452076,1,109924546417,b47c6532f,2026-09-30T14:21:46Z
post_1420,windows-2022 py3.14,fixed_aggregate,12,20.16216216216216,success,36726452076,1,109924546202,b47c6532f,2026-09-30T14:25:16Z
post_1420,windows-2022 py3.14,fixed_per_conn,12,38.88235294117647,success,36726452076,1,109924546202,b47c6532f,2026-09-30T14:25:16Z
post_1420,windows-2025 py3.14,fixed_aggregate,12,22.77777777777778,success,36726452076,1,109924546228,b47c6532f,2026-09-30T14:28:47Z
post_1420,windows-2025 py3.14,fixed_per_conn,12,37.294117647058826,success,36726452076,1,109924546228,b47c6532f,2026-09-30T14:28:47Z
post_1420,ubuntu-latest py3.14,fixed_aggregate,12,36.625,success,36724153299,1,109917377451,33f7a7fab,2026-09-30T14:00:28Z
post_1420,ubuntu-latest py3.14,fixed_per_conn,12,39.9375,success,36724153299,1,109917377451,33f7a7fab,2026-09-30T14:00:28Z
post_1420,windows-2022 py3.14,fixed_aggregate,12,16.925,success,36724153299,1,109917377344,33f7a7fab,2026-09-30T14:08:19Z
post_1420,windows-2022 py3.14,fixed_per_conn,12,39.11764705882353,success,36724153299,1,109917377344,33f7a7fab,2026-09-30T14:08:19Z
post_1420,windows-2025 py3.14,fixed_aggregate,12,28.586206896551722,success,36724153299,1,109917377314,33f7a7fab,2026-09-30T14:10:10Z
post_1420,windows-2025 py3.14,fixed_per_conn,12,39.99999999999999,success,36724153299,1,109917377314,33f7a7fab,2026-09-30T14:10:10Z
post_1420,ubuntu-latest py3.14,fixed_aggregate,12,35.11764705882353,success,36722557429,1,109911247890,9c7304a28,2026-09-30T13:47:44Z
post_1420,ubuntu-latest py3.14,fixed_per_conn,12,38.1875,success,36722557429,1,109911247890,9c7304a28,2026-09-30T13:47:44Z
post_1420,windows-2022 py3.14,fixed_aggregate,12,13.64102564102564,success,36722557429,1,109911247730,9c7304a28,2026-09-30T13:54:35Z
post_1420,windows-2022 py3.14,fixed_per_conn,12,39.5625,success,36722557429,1,109911247730,9c7304a28,2026-09-30T13:54:35Z
post_1420,windows-2025 py3.14,fixed_aggregate,12,22.37142857142857,success,36722557429,1,109911247530,9c7304a28,2026-09-30T13:56:17Z
post_1420,windows-2025 py3.14,fixed_per_conn,12,39.58823529411765,success,36722557429,1,109911247530,9c7304a28,2026-09-30T13:56:17Z
post_1420,ubuntu-latest py3.14,fixed_aggregate,12,34.76470588235294,success,36722039577,1,109909438773,ce96f0501,2026-09-30T13:46:22Z
post_1420,ubuntu-latest py3.14,fixed_per_conn,12,39.5,success,36722039577,1,109909438773,ce96f0501,2026-09-30T13:46:22Z
post_1420,windows-2022 py3.14,fixed_aggregate,12,26.666666666666668,success,36722039577,1,109909439179,ce96f0501,2026-09-30T13:49:37Z
post_1420,windows-2022 py3.14,fixed_per_conn,12,39.05882352941176,success,36722039577,1,109909439179,ce96f0501,2026-09-30T13:49:37Z
post_1420,windows-2025 py3.14,fixed_aggregate,12,27.58823529411765,success,36722039577,1,109909438993,ce96f0501,2026-09-30T13:51:22Z
post_1420,windows-2025 py3.14,fixed_per_conn,12,37.0,success,36722039577,1,109909438993,ce96f0501,2026-09-30T13:51:22Z
post_1420,ubuntu-latest py3.14,fixed_aggregate,12,35.625,success,36720972530,1,109905798077,d4e278ac9,2026-09-30T13:32:28Z
post_1420,ubuntu-latest py3.14,fixed_per_conn,12,39.0,success,36720972530,1,109905798077,d4e278ac9,2026-09-30T13:32:28Z
post_1420,windows-2022 py3.14,fixed_aggregate,12,16.609756097560975,success,36720972530,1,109905797937,d4e278ac9,2026-09-30T13:40:45Z
post_1420,windows-2022 py3.14,fixed_per_conn,12,39.5,success,36720972530,1,109905797937,d4e278ac9,2026-09-30T13:40:45Z
post_1420,windows-2025 py3.14,fixed_aggregate,12,33.111111111111114,success,36720972530,1,109905798179,d4e278ac9,2026-09-30T13:42:08Z
post_1420,windows-2025 py3.14,fixed_per_conn,12,36.8,success,36720972530,1,109905798179,d4e278ac9,2026-09-30T13:42:08Z
post_1420,ubuntu-latest py3.14,fixed_aggregate,12,36.121212121212125,failure,36720949108,1,109905731059,efdd5ec7c,2026-09-30T13:36:45Z
post_1420,ubuntu-latest py3.14,fixed_per_conn,12,39.1875,failure,36720949108,1,109905731059,efdd5ec7c,2026-09-30T13:36:45Z
post_1420,windows-2022 py3.14,fixed_aggregate,12,19.243902439024392,failure,36720949108,1,109905731095,efdd5ec7c,2026-09-30T13:40:19Z
post_1420,windows-2022 py3.14,fixed_per_conn,12,39.31250000000001,failure,36720949108,1,109905731095,efdd5ec7c,2026-09-30T13:40:19Z
post_1420,windows-2025 py3.14,fixed_aggregate,12,25.74074074074074,failure,36720949108,1,109905731303,efdd5ec7c,2026-09-30T13:41:46Z
post_1420,windows-2025 py3.14,fixed_per_conn,12,37.666666666666664,failure,36720949108,1,109905731303,efdd5ec7c,2026-09-30T13:41:46Z
post_1420,ubuntu-latest py3.14,fixed_aggregate,12,36.09090909090909,failure,36720946998,1,109905714381,0128c3909,2026-09-30T13:32:21Z
post_1420,ubuntu-latest py3.14,fixed_per_conn,12,38.31249999999999,failure,36720946998,1,109905714381,0128c3909,2026-09-30T13:32:21Z
post_1420,windows-2022 py3.14,fixed_aggregate,12,28.076923076923073,failure,36720946998,1,109905714532,0128c3909,2026-09-30T13:41:10Z
post_1420,windows-2022 py3.14,fixed_per_conn,12,37.47058823529412,failure,36720946998,1,109905714532,0128c3909,2026-09-30T13:41:10Z
post_1420,windows-2025 py3.14,fixed_aggregate,12,28.115384615384617,failure,36720946998,1,109905714665,0128c3909,2026-09-30T13:41:52Z
post_1420,windows-2025 py3.14,fixed_per_conn,12,39.800000000000004,failure,36720946998,1,109905714665,0128c3909,2026-09-30T13:41:52Z
post_1420,ubuntu-latest py3.14,fixed_aggregate,12,35.63636363636363,success,36720844413,1,109905393966,9ebaa7bb2,2026-09-30T13:36:13Z
post_1420,ubuntu-latest py3.14,fixed_per_conn,12,39.125,success,36720844413,1,109905393966,9ebaa7bb2,2026-09-30T13:36:13Z
post_1420,windows-2022 py3.14,fixed_aggregate,12,32.20588235294118,success,36720844413,1,109905394032,9ebaa7bb2,2026-09-30T13:35:58Z
post_1420,windows-2022 py3.14,fixed_per_conn,12,37.0625,success,36720844413,1,109905394032,9ebaa7bb2,2026-09-30T13:35:58Z
post_1420,windows-2025 py3.14,fixed_aggregate,12,31.23076923076923,success,36720844413,1,109905394096,9ebaa7bb2,2026-09-30T13:39:59Z
post_1420,windows-2025 py3.14,fixed_per_conn,12,36.666666666666664,success,36720844413,1,109905394096,9ebaa7bb2,2026-09-30T13:39:59Z
post_1420,ubuntu-latest py3.14,fixed_aggregate,12,35.764705882352935,success,36720598780,1,109904519708,d22ade392,2026-09-30T13:33:34Z
post_1420,ubuntu-latest py3.14,fixed_per_conn,12,37.88235294117647,success,36720598780,1,109904519708,d22ade392,2026-09-30T13:33:34Z
post_1420,windows-2022 py3.14,fixed_aggregate,12,15.880952380952381,success,36720598780,1,109904519838,d22ade392,2026-09-30T13:37:45Z
post_1420,windows-2022 py3.14,fixed_per_conn,12,40.23529411764706,success,36720598780,1,109904519838,d22ade392,2026-09-30T13:37:45Z
post_1420,windows-2025 py3.14,fixed_aggregate,12,26.720000000000002,success,36720598780,1,109904519714,d22ade392,2026-09-30T13:37:41Z
post_1420,windows-2025 py3.14,fixed_per_conn,12,39.81818181818181,success,36720598780,1,109904519714,d22ade392,2026-09-30T13:37:41Z
post_1420,ubuntu-latest py3.14,fixed_aggregate,12,33.39393939393939,success,36720532980,1,109904287922,ef184cc2a,2026-09-30T13:31:06Z
post_1420,ubuntu-latest py3.14,fixed_per_conn,12,39.3125,success,36720532980,1,109904287922,ef184cc2a,2026-09-30T13:31:06Z
post_1420,windows-2022 py3.14,fixed_aggregate,12,32.92307692307692,success,36720532980,1,109904287752,ef184cc2a,2026-09-30T13:34:48Z
post_1420,windows-2022 py3.14,fixed_per_conn,12,38.63636363636364,success,36720532980,1,109904287752,ef184cc2a,2026-09-30T13:34:48Z
post_1420,windows-2025 py3.14,fixed_aggregate,12,26.722222222222225,success,36720532980,1,109904287801,ef184cc2a,2026-09-30T13:38:08Z
post_1420,windows-2025 py3.14,fixed_per_conn,12,37.76470588235294,success,36720532980,1,109904287801,ef184cc2a,2026-09-30T13:38:08Z
